-- phpMyAdmin SQL Dump
-- version 4.7.7
-- https://www.phpmyadmin.net/
--
-- Host: localhost:3306
-- Generation Time: Dec 02, 2018 at 07:27 AM
-- Server version: 10.2.19-MariaDB
-- PHP Version: 5.6.30

SET SQL_MODE = "NO_AUTO_VALUE_ON_ZERO";
SET AUTOCOMMIT = 0;
START TRANSACTION;
SET time_zone = "+00:00";


/*!40101 SET @OLD_CHARACTER_SET_CLIENT=@@CHARACTER_SET_CLIENT */;
/*!40101 SET @OLD_CHARACTER_SET_RESULTS=@@CHARACTER_SET_RESULTS */;
/*!40101 SET @OLD_COLLATION_CONNECTION=@@COLLATION_CONNECTION */;
/*!40101 SET NAMES utf8mb4 */;

--
-- Database: `previewtsk_tramate`
--

-- --------------------------------------------------------

--
-- Table structure for table `admins`
--

CREATE TABLE `admins` (
  `id` int(10) UNSIGNED NOT NULL,
  `name` varchar(191) COLLATE utf8mb4_unicode_ci NOT NULL,
  `phone` varchar(30) COLLATE utf8mb4_unicode_ci DEFAULT NULL,
  `email` varchar(191) COLLATE utf8mb4_unicode_ci NOT NULL,
  `username` varchar(191) COLLATE utf8mb4_unicode_ci NOT NULL,
  `password` varchar(191) COLLATE utf8mb4_unicode_ci NOT NULL,
  `remember_token` varchar(100) COLLATE utf8mb4_unicode_ci DEFAULT NULL,
  `created_at` timestamp NULL DEFAULT NULL,
  `updated_at` timestamp NULL DEFAULT NULL
) ENGINE=InnoDB DEFAULT CHARSET=utf8mb4 COLLATE=utf8mb4_unicode_ci;

--
-- Dumping data for table `admins`
--

INSERT INTO `admins` (`id`, `name`, `phone`, `email`, `username`, `password`, `remember_token`, `created_at`, `updated_at`) VALUES
(1, 'MR. Admin', '+8801689583182', 'admin@email.com', 'admin', '$2y$12$/7cnja/LhbN6WFU.y9DdPuinFFzo8a.gFuLIZtgoRIhnhC5fKHaBC', 'CmH3byCWaDuffXX9bMdkZk5rT9y6Ku12heyxuCWwwjZgEHW3ba6PVHtJWEul', NULL, '2018-08-06 00:56:51'),
(2, 'Abir', NULL, 'abir', 'abir', '$2y$10$/FpQuDUXdC5mTo7G.QX4AuuMAh2GTSuzSiAX3B1cTMzcKwR1o2ibi', NULL, NULL, NULL);

-- --------------------------------------------------------

--
-- Table structure for table `ads`
--

CREATE TABLE `ads` (
  `id` int(10) UNSIGNED NOT NULL,
  `image` varchar(191) COLLATE utf8mb4_unicode_ci DEFAULT NULL,
  `url` varchar(191) COLLATE utf8mb4_unicode_ci DEFAULT NULL,
  `type` varchar(191) COLLATE utf8mb4_unicode_ci DEFAULT NULL,
  `created_at` timestamp NULL DEFAULT NULL,
  `updated_at` timestamp NULL DEFAULT NULL,
  `size` int(11) DEFAULT NULL,
  `script` text COLLATE utf8mb4_unicode_ci DEFAULT NULL,
  `views` int(11) NOT NULL DEFAULT 0
) ENGINE=InnoDB DEFAULT CHARSET=utf8mb4 COLLATE=utf8mb4_unicode_ci;

--
-- Dumping data for table `ads`
--

INSERT INTO `ads` (`id`, `image`, `url`, `type`, `created_at`, `updated_at`, `size`, `script`, `views`) VALUES
(39, '1536993108.jpg', 'http://thesoftking.com/', '1', '2018-09-15 00:31:48', '2018-09-15 00:31:48', 1, NULL, 0),
(40, '1536993152.jpg', 'http://thesoftking.com/', '1', '2018-09-15 00:32:32', '2018-09-15 00:32:32', 1, NULL, 0),
(41, '1536993165.jpg', 'http://thesoftking.com/', '1', '2018-09-15 00:32:45', '2018-09-15 00:35:16', 2, NULL, 1),
(42, '1536993174.jpg', 'http://thesoftking.com/', '1', '2018-09-15 00:32:54', '2018-09-15 00:32:54', 2, NULL, 0),
(44, '1536993214.jpg', 'http://thesoftking.com/', '1', '2018-09-15 00:33:34', '2018-10-06 07:20:30', 2, NULL, 1),
(45, '1536993223.jpg', 'http://thesoftking.com/', '1', '2018-09-15 00:33:43', '2018-10-07 01:29:25', 2, NULL, 2),
(46, '1536993232.jpg', 'http://thesoftking.com/', '1', '2018-09-15 00:33:52', '2018-09-15 00:33:52', 3, NULL, 0),
(47, '1536993241.jpg', 'http://thesoftking.com/', '1', '2018-09-15 00:34:01', '2018-09-16 00:41:42', 3, NULL, 1),
(48, '1536993252.jpg', 'http://thesoftking.com/', '1', '2018-09-15 00:34:12', '2018-09-15 00:34:12', 3, NULL, 0),
(49, '1536993259.jpg', 'http://thesoftking.com/', '1', '2018-09-15 00:34:19', '2018-09-15 00:34:19', 1, NULL, 0);

-- --------------------------------------------------------

--
-- Table structure for table `amenities`
--

CREATE TABLE `amenities` (
  `id` int(11) NOT NULL,
  `code` varchar(255) DEFAULT NULL,
  `name` varchar(255) DEFAULT NULL,
  `status` int(3) DEFAULT NULL,
  `created_at` timestamp NULL DEFAULT NULL,
  `updated_at` timestamp NULL DEFAULT NULL
) ENGINE=InnoDB DEFAULT CHARSET=latin1;

--
-- Dumping data for table `amenities`
--

INSERT INTO `amenities` (`id`, `code`, `name`, `status`, `created_at`, `updated_at`) VALUES
(1, 'wifi', 'Free Wifi', 1, '2018-09-18 01:03:19', '2018-09-18 01:11:35'),
(2, 'glass', 'Free Drinks', 1, '2018-09-18 01:06:20', '2018-09-18 01:08:21'),
(3, 'cutlery', 'Free Meal', 1, '2018-09-18 01:06:56', '2018-09-18 01:06:56'),
(4, 'taxi', 'Taxi Available', 1, '2018-09-18 01:07:33', '2018-09-18 01:07:33'),
(5, 'beer', 'Bar Available', 1, '2018-09-18 01:08:46', '2018-09-18 01:08:46'),
(6, 'television', 'LED', 1, '2018-09-18 01:09:24', '2018-09-18 01:09:24'),
(7, 'coffee', 'Free Coffee', 1, '2018-09-18 01:09:52', '2018-10-10 11:14:45'),
(8, 'wheelchair', 'Wheelchair', 1, '2018-09-18 01:10:27', '2018-09-18 01:10:47'),
(9, 'paw', 'Pet Room', 1, '2018-09-18 01:11:19', '2018-09-18 01:11:19'),
(10, 'list', 'Spa', 0, '2018-10-10 11:15:47', '2018-10-10 11:18:42');

-- --------------------------------------------------------

--
-- Table structure for table `amenity_hotel`
--

CREATE TABLE `amenity_hotel` (
  `id` int(11) NOT NULL,
  `hotel_id` int(11) DEFAULT NULL,
  `amenity_id` int(11) DEFAULT NULL,
  `created_at` timestamp NULL DEFAULT NULL,
  `updated_at` timestamp NULL DEFAULT NULL
) ENGINE=InnoDB DEFAULT CHARSET=latin1;

--
-- Dumping data for table `amenity_hotel`
--

INSERT INTO `amenity_hotel` (`id`, `hotel_id`, `amenity_id`, `created_at`, `updated_at`) VALUES
(73, 10, 2, '2018-11-11 13:21:08', '2018-11-11 13:21:08'),
(74, 10, 4, '2018-11-11 13:21:08', '2018-11-11 13:21:08'),
(75, 10, 5, '2018-11-11 13:21:08', '2018-11-11 13:21:08'),
(76, 10, 6, '2018-11-11 13:21:08', '2018-11-11 13:21:08'),
(77, 10, 8, '2018-11-11 13:21:08', '2018-11-11 13:21:08'),
(78, 9, 1, '2018-11-11 13:22:23', '2018-11-11 13:22:23'),
(79, 9, 2, '2018-11-11 13:22:23', '2018-11-11 13:22:23'),
(80, 9, 3, '2018-11-11 13:22:23', '2018-11-11 13:22:23'),
(81, 9, 4, '2018-11-11 13:22:23', '2018-11-11 13:22:23'),
(82, 9, 6, '2018-11-11 13:22:23', '2018-11-11 13:22:23'),
(83, 9, 7, '2018-11-11 13:22:23', '2018-11-11 13:22:23'),
(84, 9, 8, '2018-11-11 13:22:23', '2018-11-11 13:22:23'),
(85, 8, 1, '2018-11-11 13:25:36', '2018-11-11 13:25:36'),
(86, 8, 4, '2018-11-11 13:25:36', '2018-11-11 13:25:36'),
(87, 8, 6, '2018-11-11 13:25:36', '2018-11-11 13:25:36'),
(88, 8, 9, '2018-11-11 13:25:36', '2018-11-11 13:25:36'),
(89, 7, 1, '2018-11-11 13:26:00', '2018-11-11 13:26:00'),
(90, 7, 3, '2018-11-11 13:26:00', '2018-11-11 13:26:00'),
(91, 7, 5, '2018-11-11 13:26:00', '2018-11-11 13:26:00'),
(92, 7, 9, '2018-11-11 13:26:00', '2018-11-11 13:26:00'),
(93, 11, 1, '2018-11-11 16:19:03', '2018-11-11 16:19:03'),
(94, 11, 2, '2018-11-11 16:19:03', '2018-11-11 16:19:03'),
(95, 11, 3, '2018-11-11 16:19:03', '2018-11-11 16:19:03'),
(96, 11, 5, '2018-11-11 16:19:03', '2018-11-11 16:19:03'),
(97, 11, 6, '2018-11-11 16:19:03', '2018-11-11 16:19:03'),
(98, 11, 7, '2018-11-11 16:19:03', '2018-11-11 16:19:03'),
(99, 11, 9, '2018-11-11 16:19:03', '2018-11-11 16:19:03'),
(100, 12, 1, '2018-11-11 16:26:50', '2018-11-11 16:26:50'),
(101, 12, 2, '2018-11-11 16:26:50', '2018-11-11 16:26:50'),
(102, 12, 3, '2018-11-11 16:26:50', '2018-11-11 16:26:50'),
(103, 12, 4, '2018-11-11 16:26:50', '2018-11-11 16:26:50'),
(104, 12, 6, '2018-11-11 16:26:50', '2018-11-11 16:26:50'),
(105, 12, 7, '2018-11-11 16:26:50', '2018-11-11 16:26:50'),
(106, 12, 8, '2018-11-11 16:26:50', '2018-11-11 16:26:50'),
(107, 13, 1, '2018-11-11 16:39:04', '2018-11-11 16:39:04'),
(108, 13, 2, '2018-11-11 16:39:04', '2018-11-11 16:39:04'),
(109, 13, 3, '2018-11-11 16:39:04', '2018-11-11 16:39:04'),
(110, 13, 5, '2018-11-11 16:39:04', '2018-11-11 16:39:04'),
(111, 13, 6, '2018-11-11 16:39:04', '2018-11-11 16:39:04'),
(112, 13, 8, '2018-11-11 16:39:04', '2018-11-11 16:39:04'),
(113, 13, 9, '2018-11-11 16:39:04', '2018-11-11 16:39:04'),
(114, 14, 1, '2018-11-11 16:57:18', '2018-11-11 16:57:18'),
(115, 14, 4, '2018-11-11 16:57:18', '2018-11-11 16:57:18'),
(116, 14, 5, '2018-11-11 16:57:18', '2018-11-11 16:57:18'),
(117, 14, 6, '2018-11-11 16:57:18', '2018-11-11 16:57:18'),
(118, 14, 8, '2018-11-11 16:57:18', '2018-11-11 16:57:18'),
(119, 14, 9, '2018-11-11 16:57:18', '2018-11-11 16:57:18'),
(120, 15, 1, '2018-11-11 17:03:08', '2018-11-11 17:03:08'),
(121, 15, 2, '2018-11-11 17:03:08', '2018-11-11 17:03:08'),
(122, 15, 4, '2018-11-11 17:03:08', '2018-11-11 17:03:08'),
(123, 15, 5, '2018-11-11 17:03:08', '2018-11-11 17:03:08'),
(124, 15, 6, '2018-11-11 17:03:08', '2018-11-11 17:03:08');

-- --------------------------------------------------------

--
-- Table structure for table `amenity_lounge`
--

CREATE TABLE `amenity_lounge` (
  `id` int(11) NOT NULL,
  `lounge_id` int(11) DEFAULT NULL,
  `amenity_id` int(11) DEFAULT NULL,
  `created_at` timestamp NULL DEFAULT NULL,
  `updated_at` timestamp NULL DEFAULT NULL
) ENGINE=InnoDB DEFAULT CHARSET=latin1;

--
-- Dumping data for table `amenity_lounge`
--

INSERT INTO `amenity_lounge` (`id`, `lounge_id`, `amenity_id`, `created_at`, `updated_at`) VALUES
(55, 5, 1, '2018-11-11 15:21:50', '2018-11-11 15:21:50'),
(56, 5, 5, '2018-11-11 15:21:50', '2018-11-11 15:21:50'),
(57, 5, 6, '2018-11-11 15:21:50', '2018-11-11 15:21:50'),
(58, 4, 1, '2018-11-11 15:22:21', '2018-11-11 15:22:21'),
(59, 4, 2, '2018-11-11 15:22:21', '2018-11-11 15:22:21'),
(60, 4, 3, '2018-11-11 15:22:21', '2018-11-11 15:22:21'),
(61, 4, 4, '2018-11-11 15:22:21', '2018-11-11 15:22:21'),
(62, 4, 7, '2018-11-11 15:22:21', '2018-11-11 15:22:21'),
(63, 4, 8, '2018-11-11 15:22:21', '2018-11-11 15:22:21'),
(64, 3, 1, '2018-11-11 15:22:49', '2018-11-11 15:22:49'),
(65, 3, 3, '2018-11-11 15:22:49', '2018-11-11 15:22:49'),
(66, 3, 7, '2018-11-11 15:22:49', '2018-11-11 15:22:49'),
(67, 2, 1, '2018-11-11 15:23:32', '2018-11-11 15:23:32'),
(68, 2, 2, '2018-11-11 15:23:32', '2018-11-11 15:23:32'),
(69, 2, 4, '2018-11-11 15:23:32', '2018-11-11 15:23:32'),
(70, 2, 5, '2018-11-11 15:23:32', '2018-11-11 15:23:32'),
(71, 2, 6, '2018-11-11 15:23:32', '2018-11-11 15:23:32'),
(72, 2, 7, '2018-11-11 15:23:32', '2018-11-11 15:23:32'),
(73, 6, 1, '2018-11-11 15:30:13', '2018-11-11 15:30:13'),
(74, 6, 2, '2018-11-11 15:30:13', '2018-11-11 15:30:13'),
(75, 6, 4, '2018-11-11 15:30:13', '2018-11-11 15:30:13'),
(76, 6, 5, '2018-11-11 15:30:13', '2018-11-11 15:30:13'),
(77, 6, 6, '2018-11-11 15:30:13', '2018-11-11 15:30:13'),
(78, 6, 7, '2018-11-11 15:30:13', '2018-11-11 15:30:13'),
(79, 6, 9, '2018-11-11 15:30:13', '2018-11-11 15:30:13'),
(80, 7, 1, '2018-11-11 15:38:13', '2018-11-11 15:38:13'),
(81, 7, 2, '2018-11-11 15:38:13', '2018-11-11 15:38:13'),
(82, 7, 5, '2018-11-11 15:38:13', '2018-11-11 15:38:13'),
(83, 7, 7, '2018-11-11 15:38:13', '2018-11-11 15:38:13'),
(84, 7, 8, '2018-11-11 15:38:13', '2018-11-11 15:38:13'),
(85, 7, 9, '2018-11-11 15:38:13', '2018-11-11 15:38:13'),
(86, 8, 1, '2018-11-11 15:43:05', '2018-11-11 15:43:05'),
(87, 8, 3, '2018-11-11 15:43:05', '2018-11-11 15:43:05'),
(88, 8, 4, '2018-11-11 15:43:05', '2018-11-11 15:43:05'),
(89, 8, 5, '2018-11-11 15:43:05', '2018-11-11 15:43:05'),
(90, 8, 6, '2018-11-11 15:43:05', '2018-11-11 15:43:05'),
(91, 8, 7, '2018-11-11 15:43:05', '2018-11-11 15:43:05'),
(92, 9, 1, '2018-11-11 15:45:10', '2018-11-11 15:45:10'),
(93, 9, 4, '2018-11-11 15:45:10', '2018-11-11 15:45:10'),
(94, 9, 5, '2018-11-11 15:45:10', '2018-11-11 15:45:10'),
(95, 9, 6, '2018-11-11 15:45:10', '2018-11-11 15:45:10'),
(96, 9, 7, '2018-11-11 15:45:10', '2018-11-11 15:45:10'),
(97, 10, 1, '2018-11-11 15:51:46', '2018-11-11 15:51:46'),
(98, 10, 2, '2018-11-11 15:51:46', '2018-11-11 15:51:46'),
(99, 10, 4, '2018-11-11 15:51:46', '2018-11-11 15:51:46'),
(100, 10, 5, '2018-11-11 15:51:46', '2018-11-11 15:51:46'),
(101, 10, 6, '2018-11-11 15:51:46', '2018-11-11 15:51:46'),
(102, 10, 7, '2018-11-11 15:51:46', '2018-11-11 15:51:46'),
(103, 10, 9, '2018-11-11 15:51:46', '2018-11-11 15:51:46');

-- --------------------------------------------------------

--
-- Table structure for table `amenity_room`
--

CREATE TABLE `amenity_room` (
  `id` int(11) NOT NULL,
  `room_id` int(11) DEFAULT NULL,
  `amenity_id` int(11) DEFAULT NULL,
  `created_at` timestamp NULL DEFAULT NULL,
  `updated_at` timestamp NULL DEFAULT NULL
) ENGINE=InnoDB DEFAULT CHARSET=latin1;

--
-- Dumping data for table `amenity_room`
--

INSERT INTO `amenity_room` (`id`, `room_id`, `amenity_id`, `created_at`, `updated_at`) VALUES
(85, 5, 1, '2018-11-11 13:34:23', '2018-11-11 13:34:23'),
(86, 5, 4, '2018-11-11 13:34:23', '2018-11-11 13:34:23'),
(87, 5, 7, '2018-11-11 13:34:23', '2018-11-11 13:34:23'),
(88, 4, 1, '2018-11-11 13:36:09', '2018-11-11 13:36:09'),
(89, 4, 4, '2018-11-11 13:36:09', '2018-11-11 13:36:09'),
(90, 4, 6, '2018-11-11 13:36:09', '2018-11-11 13:36:09'),
(91, 4, 8, '2018-11-11 13:36:09', '2018-11-11 13:36:09'),
(92, 2, 1, '2018-11-11 13:36:50', '2018-11-11 13:36:50'),
(93, 2, 2, '2018-11-11 13:36:50', '2018-11-11 13:36:50'),
(94, 2, 3, '2018-11-11 13:36:50', '2018-11-11 13:36:50'),
(95, 2, 6, '2018-11-11 13:36:50', '2018-11-11 13:36:50'),
(96, 2, 7, '2018-11-11 13:36:50', '2018-11-11 13:36:50'),
(97, 2, 9, '2018-11-11 13:36:50', '2018-11-11 13:36:50'),
(98, 3, 4, '2018-11-11 13:37:22', '2018-11-11 13:37:22'),
(99, 3, 7, '2018-11-11 13:37:22', '2018-11-11 13:37:22'),
(100, 3, 8, '2018-11-11 13:37:22', '2018-11-11 13:37:22'),
(101, 1, 1, '2018-11-11 13:37:56', '2018-11-11 13:37:56'),
(102, 1, 4, '2018-11-11 13:37:56', '2018-11-11 13:37:56'),
(103, 1, 6, '2018-11-11 13:37:56', '2018-11-11 13:37:56'),
(104, 1, 9, '2018-11-11 13:37:56', '2018-11-11 13:37:56'),
(105, 6, 1, '2018-11-11 16:23:26', '2018-11-11 16:23:26'),
(106, 6, 2, '2018-11-11 16:23:26', '2018-11-11 16:23:26'),
(107, 6, 4, '2018-11-11 16:23:26', '2018-11-11 16:23:26'),
(108, 6, 5, '2018-11-11 16:23:26', '2018-11-11 16:23:26'),
(109, 6, 6, '2018-11-11 16:23:26', '2018-11-11 16:23:26'),
(110, 6, 7, '2018-11-11 16:23:26', '2018-11-11 16:23:26'),
(111, 6, 9, '2018-11-11 16:23:26', '2018-11-11 16:23:26'),
(112, 7, 1, '2018-11-11 16:29:16', '2018-11-11 16:29:16'),
(113, 7, 2, '2018-11-11 16:29:16', '2018-11-11 16:29:16'),
(114, 7, 3, '2018-11-11 16:29:16', '2018-11-11 16:29:16'),
(115, 7, 5, '2018-11-11 16:29:16', '2018-11-11 16:29:16'),
(116, 7, 6, '2018-11-11 16:29:16', '2018-11-11 16:29:16'),
(117, 7, 7, '2018-11-11 16:29:16', '2018-11-11 16:29:16'),
(118, 7, 9, '2018-11-11 16:29:16', '2018-11-11 16:29:16'),
(119, 8, 1, '2018-11-11 16:41:14', '2018-11-11 16:41:14'),
(120, 8, 2, '2018-11-11 16:41:14', '2018-11-11 16:41:14'),
(121, 8, 4, '2018-11-11 16:41:14', '2018-11-11 16:41:14'),
(122, 8, 5, '2018-11-11 16:41:14', '2018-11-11 16:41:14'),
(123, 8, 6, '2018-11-11 16:41:14', '2018-11-11 16:41:14'),
(124, 8, 7, '2018-11-11 16:41:14', '2018-11-11 16:41:14'),
(125, 9, 1, '2018-11-11 17:06:35', '2018-11-11 17:06:35'),
(126, 9, 3, '2018-11-11 17:06:35', '2018-11-11 17:06:35'),
(127, 9, 4, '2018-11-11 17:06:35', '2018-11-11 17:06:35'),
(128, 9, 5, '2018-11-11 17:06:35', '2018-11-11 17:06:35'),
(129, 9, 7, '2018-11-11 17:06:35', '2018-11-11 17:06:35'),
(130, 9, 9, '2018-11-11 17:06:35', '2018-11-11 17:06:35'),
(131, 10, 1, '2018-11-11 17:09:25', '2018-11-11 17:09:25'),
(132, 10, 2, '2018-11-11 17:09:25', '2018-11-11 17:09:25'),
(133, 10, 5, '2018-11-11 17:09:25', '2018-11-11 17:09:25'),
(134, 10, 6, '2018-11-11 17:09:25', '2018-11-11 17:09:25'),
(135, 10, 8, '2018-11-11 17:09:25', '2018-11-11 17:09:25');

-- --------------------------------------------------------

--
-- Table structure for table `buy_packages`
--

CREATE TABLE `buy_packages` (
  `id` int(11) NOT NULL,
  `user_id` int(11) DEFAULT NULL,
  `package_id` int(11) DEFAULT NULL,
  `checkin_date` varchar(255) DEFAULT NULL,
  `persons` int(11) DEFAULT NULL,
  `status` int(3) NOT NULL DEFAULT 0,
  `message` text DEFAULT NULL,
  `created_at` timestamp NULL DEFAULT NULL,
  `updated_at` timestamp NULL DEFAULT NULL
) ENGINE=InnoDB DEFAULT CHARSET=latin1;

--
-- Dumping data for table `buy_packages`
--

INSERT INTO `buy_packages` (`id`, `user_id`, `package_id`, `checkin_date`, `persons`, `status`, `message`, `created_at`, `updated_at`) VALUES
(3, 9, 3, '10/20/2018', 3, 0, NULL, '2018-09-26 04:41:52', '2018-10-04 03:10:33'),
(7, 9, 4, '10/27/2018', 5, 0, NULL, '2018-09-26 04:53:40', '2018-10-04 03:09:29'),
(8, 6, 5, '10/01/2018', 4, 0, 'Lorem Ipsum has been the industry\'s standard dummy text ever since the 1500s, when an unknown printer took a galley of type and scrambled', '2018-10-04 00:40:07', '2018-10-08 06:47:41'),
(9, 6, 5, '10/09/2018', 4, 0, NULL, '2018-10-04 07:24:54', '2018-10-04 07:24:54'),
(10, 6, 3, '10/11/2018', 3, 0, NULL, '2018-10-04 07:41:24', '2018-10-04 07:41:24'),
(11, 6, 5, '10/19/2018', 7, 0, NULL, '2018-10-07 04:27:34', '2018-10-09 17:33:39'),
(12, 11, 6, '10/20/2018', 4, 0, NULL, '2018-10-10 11:58:50', '2018-10-10 12:00:14'),
(13, 11, 6, '10/18/2018', 5, 0, NULL, '2018-10-10 12:22:09', '2018-10-10 12:22:09'),
(14, 6, 6, '11/17/2018', 4, 0, 'azax', '2018-11-10 21:05:49', '2018-11-12 17:55:52'),
(15, 6, 9, '11/29/2018', 3, 0, NULL, '2018-11-12 12:02:23', '2018-11-12 12:02:23');

-- --------------------------------------------------------

--
-- Table structure for table `chooses`
--

CREATE TABLE `chooses` (
  `id` int(11) NOT NULL,
  `bold_text` varchar(255) DEFAULT NULL,
  `small_text` varchar(255) DEFAULT NULL,
  `icon` varchar(255) DEFAULT NULL,
  `created_at` timestamp NULL DEFAULT NULL,
  `updated_at` timestamp NULL DEFAULT NULL
) ENGINE=InnoDB DEFAULT CHARSET=latin1;

--
-- Dumping data for table `chooses`
--

INSERT INTO `chooses` (`id`, `bold_text`, `small_text`, `icon`, `created_at`, `updated_at`) VALUES
(13, 'Diverse Destinattions', 'There are many variations of the is a passages of Lorem Ipsum that available majority.', 'globe', '2018-10-06 04:16:09', '2018-10-06 04:16:09'),
(14, 'Diverse Destinattions', 'There are many variations of the is a passages of Lorem Ipsum that available majority.', 'diamond', '2018-10-06 04:21:22', '2018-10-06 04:29:08'),
(15, 'Diverse Destinattions', 'There are many variations of the is a passages of Lorem Ipsum that available majority.', 'snowflake-o', '2018-10-06 04:22:03', '2018-10-06 04:22:03'),
(17, 'Diverse Destinattions', 'There are many variations of the is a passages of Lorem Ipsum that available majority.', 'plane', '2018-10-06 04:26:07', '2018-10-06 04:26:07');

-- --------------------------------------------------------

--
-- Table structure for table `deposits`
--

CREATE TABLE `deposits` (
  `id` int(10) UNSIGNED NOT NULL,
  `user_id` int(11) DEFAULT NULL,
  `gateway_id` int(11) DEFAULT NULL,
  `amount` varchar(191) COLLATE utf8mb4_unicode_ci DEFAULT NULL,
  `charge` varchar(191) COLLATE utf8mb4_unicode_ci DEFAULT NULL,
  `usd_amo` varchar(191) COLLATE utf8mb4_unicode_ci DEFAULT NULL,
  `btc_amo` varchar(191) COLLATE utf8mb4_unicode_ci DEFAULT NULL,
  `btc_wallet` varchar(191) COLLATE utf8mb4_unicode_ci DEFAULT NULL,
  `trx` varchar(191) COLLATE utf8mb4_unicode_ci DEFAULT NULL,
  `status` int(11) NOT NULL DEFAULT 0,
  `try` int(11) NOT NULL DEFAULT 0,
  `created_at` timestamp NULL DEFAULT NULL,
  `updated_at` timestamp NULL DEFAULT NULL
) ENGINE=InnoDB DEFAULT CHARSET=utf8mb4 COLLATE=utf8mb4_unicode_ci;

--
-- Dumping data for table `deposits`
--

INSERT INTO `deposits` (`id`, `user_id`, `gateway_id`, `amount`, `charge`, `usd_amo`, `btc_amo`, `btc_wallet`, `trx`, `status`, `try`, `created_at`, `updated_at`) VALUES
(162, 6, 103, '5000', '153', '64.41', '0', '', 'c3gyHYEPWCZPXBIS', 0, 0, '2018-09-06 11:49:08', '2018-09-06 11:49:08'),
(163, 6, 103, '5000', '153', '64.41', '0', '', 'O6IBQ0KjwTUMsDM2', 0, 0, '2018-09-06 11:51:37', '2018-09-06 11:51:37'),
(164, 6, 103, '5000', '153', '64.41', '0', '', 'HbWiAdyTS5CLQhCl', 1, 0, '2018-09-06 11:52:17', '2018-09-06 12:00:18'),
(165, 6, 101, '1000', '25.711', '12.98', '0', '', 'i7LBiDgtgaG7ygSC', 0, 0, '2018-09-06 12:00:29', '2018-09-06 12:00:29'),
(166, 6, 102, '1000', '12', '12.65', '0', '', 'cqoxobkjwdvpUdpw', 0, 0, '2018-09-06 12:01:00', '2018-09-06 12:01:00'),
(167, 6, 104, '600', '21', '7.76', '0', '', 'xXEzv8HfNLrdsUWG', 0, 0, '2018-09-06 12:01:39', '2018-09-06 12:01:39'),
(168, 6, 501, '600', '4', '7.55', '0', '', 'Zx9PMz4yBlPCPDeB', 0, 0, '2018-09-06 12:02:19', '2018-09-06 12:02:19'),
(169, 6, 502, '600', '4', '7.55', '0.00118161', '3KTnrRhWvv61quj4X5VY5kTokCP2yEJ1rQ', 't463YchAWNp4SxaG', 0, 0, '2018-09-06 12:02:30', '2018-09-06 12:02:33'),
(170, 6, 502, '1000', '6', '12.58', '0.00196882', '34aLLXLFAJwN2mEQt7rPy9WaSuCn3Ge9FE', 'ZaPAjItKbomdIKGF', 0, 0, '2018-09-06 12:04:02', '2018-09-06 12:04:05'),
(171, 6, 503, '100', '1.4', '1.27', '0.02308671', '38knDiGauSo7P64Z3GbFzh3DCybcv13HoT', 'hHA3lBMHkgz15lVi', 0, 0, '2018-09-06 12:04:13', '2018-09-06 12:04:16'),
(172, 6, 505, '200', '5.55', '2.57', '0.00040144', '3QrkUgorNbxogDfAc5i4j9vwDfV7qFoxeL', 'tGeuWAhldRSUNRaf', 0, 0, '2018-09-06 12:04:25', '2018-09-06 12:04:29'),
(173, 6, 506, '200', '5.55', '2.6', '0.01160589', '0x62e85408158fa0a59525db3b48cf501a972e4bbd', 'C2nTv9YMiRjnRl59', 0, 0, '2018-09-06 12:05:57', '2018-09-06 12:06:02'),
(174, 6, 507, '600', '15.629999999999999', '7.7', '0', '', '6m77SfO962r2H9mF', 0, 0, '2018-09-06 12:06:12', '2018-09-06 12:06:12'),
(175, 6, 507, '600', '15.629999999999999', '7.7', '0.01543318', '1GE5JNXx9xTeanJHvuZ9BrJZzzvgewMnVj', 'p6oQRcQ4J075mOYH', 0, 0, '2018-09-06 12:06:22', '2018-09-06 12:06:26'),
(176, 6, 508, '600', '15.629999999999999', '7.7', '0.04495358', 'XvxQreUSd42XFXnm2tRfH7Szi3NZiYmBty', '1czeqW8N8hGluaSm', 0, 0, '2018-09-06 12:06:34', '2018-09-06 12:06:38'),
(177, 6, 509, '600', '15.629999999999999', '7.7', '1528.94442333', 'DTvKwWUJdJaJ9xtZjdzz2xxK6YuSySeh4M', 'vYgkN5lgJPply5ca', 0, 0, '2018-09-06 12:06:47', '2018-09-06 12:06:51'),
(178, 6, 510, '200', '5.55', '2.57', '0.04678574', 'LXpmGZjYoQKX64zLNAtYdmZzwKdwPVJwy7', '9o6sjpWVTqs4PTqq', 0, 0, '2018-09-06 12:07:02', '2018-09-06 12:07:11'),
(179, 6, 512, '500', '30', '6.63', '0', '', '51AzFA0UnMjyamRM', 0, 0, '2018-09-06 12:07:20', '2018-09-06 12:07:20'),
(180, 6, 513, '1000', '55', '13.19', '0', '', '72VdZQQLeRDMEXfU', 0, 0, '2018-09-06 12:07:48', '2018-09-06 12:07:48'),
(181, 6, 901, '1000', '34', '12.93', '0', '', 'fy13ULmNJXFjh2Mm', 0, 0, '2018-09-06 12:16:11', '2018-09-06 12:16:11'),
(182, 7, 103, '50000', '1503', '643.79', '0', '', 'wOPZiPe9GLuMvCsL', 0, 0, '2018-09-12 06:11:24', '2018-09-12 06:11:24'),
(183, 7, 103, '3000', '93', '38.66', '0', '', '7X7y7q8aIyiYtDhL', 1, 0, '2018-09-13 11:22:13', '2018-09-13 11:24:01'),
(184, 7, 901, '1000', '34', '12.93', '0', '', 'TSXsN8Ly9cKkJaN3', 0, 0, '2018-09-13 11:31:05', '2018-09-13 11:31:05'),
(185, 7, 901, '500', '19', '6.49', '0', '', 'r6T1liTf2rG9CqUZ', 0, 0, '2018-09-13 11:35:11', '2018-09-13 11:35:11'),
(186, 7, 902, '1000', '40', '12.38', '0', '', 'qKpzxcK0sqcaVSD2', 0, 0, '2018-09-13 11:38:11', '2018-09-13 11:38:11'),
(187, 7, 902, '1000', '40', '12.380952380952381', NULL, NULL, 'BfO3pnZ7gZKE4jAO', 1, 0, '2018-09-13 11:38:25', '2018-09-13 11:38:25'),
(188, 8, 102, '1000', '12', '12.65', '0', '', 'hnsK0vxPXokVUaaU', 0, 0, '2018-09-17 10:21:41', '2018-09-17 10:21:41'),
(189, 8, 103, '6000', '183', '77.29', '0', '', 'jCEHfE2BavulizDl', 1, 0, '2018-09-17 10:23:27', '2018-09-17 10:40:57'),
(190, 8, 502, '1000', '6', '12.58', '0', '', 'KPnl9a6YJYpJ4zvy', 0, 0, '2018-09-17 10:41:14', '2018-09-17 10:41:14'),
(191, 8, 502, '1000', '6', '12.58', '0', '', 'riY4Ky57bNIbQ6xb', 0, 0, '2018-09-17 10:43:46', '2018-09-17 10:43:46'),
(192, 8, 501, '100', '1.5', '1.27', '0', '', 'CULBBmPbsLN9Ganz', 0, 0, '2018-09-17 10:43:56', '2018-09-17 10:43:56'),
(193, 8, 504, '1000', '25.71', '12.82', '0', '', '6cQXgwmRZLMNH9y8', 0, 0, '2018-09-17 10:45:47', '2018-09-17 10:45:47'),
(194, 8, 510, '1000', '25.71', '12.82', '0', '', 'K1LNo6KUsysJdekz', 0, 0, '2018-09-17 10:48:49', '2018-09-17 10:48:49'),
(195, 8, 504, '1000', '25.71', '12.82', '2037.01555992', 'ABQ8PfQN8mTB5tfsSXAdF2zLkpxdczbMbY', '4F4K1AguEhOkLXnx', 0, 0, '2018-09-17 10:56:43', '2018-09-17 10:56:49'),
(196, 8, 504, '1000', '25.71', '12.82', '0', '', '1b0EANZqGGliqPRy', 0, 0, '2018-09-17 10:57:29', '2018-09-17 10:57:29'),
(197, 8, 501, '600', '4', '7.55', '0', '', '2zM7Ko7bkHlw6b6g', 0, 0, '2018-09-17 10:57:52', '2018-09-17 10:57:52'),
(198, 8, 504, '1000', '25.71', '12.82', '2037.42845062', '9vEbjsfAje9LxyrH4nFkFheDxRTBX62EpA', 'pv5UigTDKcWMTPUM', 0, 0, '2018-09-17 10:58:07', '2018-09-17 10:58:36'),
(199, 8, 502, '700', '4.5', '8.81', '0', '', 'WZqdZPiLahSgep2y', 0, 0, '2018-09-17 11:01:45', '2018-09-17 11:01:45'),
(200, 8, 501, '1000', '6', '12.58', '0', '', '7oaW5uwyNy7JRUsp', 0, 0, '2018-09-17 11:01:59', '2018-09-17 11:01:59'),
(201, 8, 504, '1000', '25.71', '12.82', '2037.22764972', 'A2EGhxTD5BSnRTQmfyYRHtYzMGsk2c9Ckm', 'xDmgjffcl2fEgNFJ', 0, 0, '2018-09-17 11:02:12', '2018-09-17 11:02:16'),
(202, 8, 505, '1000', '25.71', '12.82', '0.00198211', '3BTo5gTJDURGkMzSj3g79vNwbPgr7Jrvyg', 'NdQk1cE1f98g9Sup', 0, 0, '2018-09-17 11:02:28', '2018-09-17 11:02:34'),
(203, 8, 512, '100', '10', '1.38', '0', '', 'xpIDDgxptcXEug8k', 0, 0, '2018-09-17 11:06:54', '2018-09-17 11:06:54'),
(204, 8, 901, '600', '22', '7.78', '0', '', '3n6sEEtqAKOtAZ20', 0, 0, '2018-09-17 11:29:21', '2018-09-17 11:29:21'),
(205, 5, 103, '4000', '123', '51.54', '0', '', 'uICby4GjQMw71Isw', 1, 0, '2018-09-26 06:45:32', '2018-09-26 06:45:55'),
(206, 9, 103, '50000', '1503', '643.79', '0', '', 'FcGDBLRHEkj2r9cp', 1, 0, '2018-09-26 07:25:43', '2018-09-26 07:26:03'),
(207, 6, 103, '4090', '125.7', '52.7', '0', '', 'nC8hsD7W83rzxPNk', 1, 0, '2018-10-01 09:34:53', '2018-10-01 09:35:17'),
(208, 6, 103, '50000', '1503', '643.79', '0', '', 'WBmefGpyT3IzQ3BB', 1, 0, '2018-10-02 12:03:52', '2018-10-02 12:04:22'),
(209, 6, 103, '50000', '1503', '643.79', '0', '', 'd9DONOP9v9ZSxOtD', 1, 0, '2018-10-06 05:35:07', '2018-10-06 05:35:28'),
(210, 6, 103, '2500', '78', '32.23', '0', '', 'xxsIEfoqoLUm6Cmj', 1, 0, '2018-10-07 08:09:49', '2018-10-07 08:11:44'),
(211, 8, 901, '600', '22', '7.775', NULL, NULL, 'jZbIYANk5HBkByCo', 1, 0, '2018-10-07 08:13:19', '2018-10-07 08:13:19'),
(212, 6, 900, '1000', '34', '12.93', '0', '', 'kMzGc7V06mp8oau9', 0, 0, '2018-10-07 08:13:49', '2018-10-07 08:13:49'),
(213, 6, 900, '1000', '34', '12.925', NULL, NULL, 'gxPCFtfJbUnov1r6', 1, 0, '2018-10-07 08:14:00', '2018-10-07 08:14:00'),
(214, 6, 103, '50000', '1503', '643.79', '0', '', 'KZWiOaKJOPyisgGE', 1, 0, '2018-10-07 08:46:42', '2018-10-07 08:47:05'),
(215, 6, 103, '200', '9', '2.61', '0', '', 'VIuh4xZ7dSndtpJp', 0, 0, '2018-10-09 08:36:55', '2018-10-09 08:36:55'),
(216, 6, 103, '50000', '1503', '643.79', '0', '', 'UhXF7jAVlDCriIIB', 0, 0, '2018-11-26 06:29:07', '2018-11-26 06:29:07'),
(217, 6, 103, '20000', '603', '257.54', '0', '', '0qojxPCDKonte1nn', 1, 0, '2018-12-01 12:02:10', '2018-12-01 12:05:32'),
(218, 6, 901, '10000', '304', '128.8', '0', '', 'sX4i9EtA4eG0PGH2', 1, 0, '2018-12-01 12:06:01', '2018-12-01 12:07:58'),
(219, 6, 901, '10000', '304', '128.8', NULL, NULL, 'mMvJClbeuzBcGdpi', 1, 0, '2018-12-01 12:08:08', '2018-12-01 12:08:08'),
(220, 6, 103, '5000', '153', '64.41', '0', '', 'lcKnskK0LekTmMKS', 1, 0, '2018-12-01 12:08:19', '2018-12-01 12:08:43'),
(221, 6, 902, '3000', '100', '36.9', '0', '', 'wwyiaIYNQQLBynr6', 1, 0, '2018-12-02 14:00:16', '2018-12-02 14:01:19'),
(222, 6, 902, '3000', '100', '36.904761904761905', NULL, NULL, 'mkWRVpHGS41sxffp', 1, 0, '2018-12-02 14:01:43', '2018-12-02 14:01:43'),
(223, 6, 103, '20000', '603', '257.54', '0', '', 'TWTNLInMuTWy0FFu', 0, 0, '2018-12-02 14:02:03', '2018-12-02 14:02:03');

-- --------------------------------------------------------

--
-- Table structure for table `deposit_requests`
--

CREATE TABLE `deposit_requests` (
  `id` int(11) NOT NULL,
  `user_id` int(11) DEFAULT NULL,
  `gateway_id` int(11) DEFAULT NULL,
  `amount` varchar(255) DEFAULT NULL,
  `usd_amo` varchar(255) DEFAULT NULL,
  `charge` varchar(255) DEFAULT NULL,
  `accepted` int(3) DEFAULT 0,
  `r_img` varchar(255) DEFAULT NULL,
  `trx` varchar(255) DEFAULT NULL,
  `sent` int(3) NOT NULL DEFAULT 0,
  `created_at` timestamp NULL DEFAULT NULL,
  `updated_at` timestamp NULL DEFAULT NULL
) ENGINE=InnoDB DEFAULT CHARSET=latin1;

--
-- Dumping data for table `deposit_requests`
--

INSERT INTO `deposit_requests` (`id`, `user_id`, `gateway_id`, `amount`, `usd_amo`, `charge`, `accepted`, `r_img`, `trx`, `sent`, `created_at`, `updated_at`) VALUES
(6, 6, 901, '1000', '12.925', '34', 1, '1536239771.jpg', NULL, 0, '2018-09-06 12:16:11', '2018-09-06 12:42:04'),
(7, 7, 901, '1000', '12.925', '34', 1, '1536841864.jpg', NULL, 0, '2018-09-13 11:31:05', '2018-09-13 11:31:46'),
(8, 7, 901, '500', '6.4875', '19', 1, '1536842111.jpg', NULL, 0, '2018-09-13 11:35:11', '2018-09-13 11:35:54'),
(9, 7, 902, '1000', '12.380952380952381', '40', 1, '1536842291.jpg', NULL, 0, '2018-09-13 11:38:11', '2018-09-13 11:38:25'),
(10, 8, 901, '600', '7.775', '22', 1, '1537187361.jpg', NULL, 0, '2018-09-17 11:29:21', '2018-10-07 08:13:19'),
(11, 6, 900, '1000', '12.925', '34', 1, '1538903628.jpg', NULL, 0, '2018-10-07 08:13:49', '2018-10-07 08:14:00'),
(12, 6, 901, '10000', '128.8', '304', 1, '1543665961.jpg', 'sX4i9EtA4eG0PGH2', 1, '2018-12-01 12:06:01', '2018-12-01 12:08:07'),
(13, 6, 902, '3000', '36.904761904761905', '100', 1, '1543737616.jpg', 'wwyiaIYNQQLBynr6', 1, '2018-12-02 14:00:16', '2018-12-02 14:01:43');

-- --------------------------------------------------------

--
-- Table structure for table `dropoff_locations`
--

CREATE TABLE `dropoff_locations` (
  `id` int(11) NOT NULL,
  `pickup_car_id` int(11) DEFAULT NULL,
  `location` varchar(255) DEFAULT NULL,
  `price` varchar(255) DEFAULT NULL,
  `a_hidden` int(113) NOT NULL DEFAULT 0,
  `created_at` timestamp NULL DEFAULT NULL,
  `updated_at` timestamp NULL DEFAULT NULL
) ENGINE=InnoDB DEFAULT CHARSET=latin1;

--
-- Dumping data for table `dropoff_locations`
--

INSERT INTO `dropoff_locations` (`id`, `pickup_car_id`, `location`, `price`, `a_hidden`, `created_at`, `updated_at`) VALUES
(1, 2, 'Uttara, Dhaka', '1200', 0, '2018-09-24 04:13:09', '2018-10-01 01:44:02'),
(2, 3, 'Rangpur', '600', 0, '2018-10-01 03:53:33', '2018-10-01 03:55:06'),
(3, 3, 'Thakurgaon', '2000', 0, '2018-10-01 04:01:42', '2018-10-01 04:01:42'),
(4, 4, 'Uttara, Dhaka', '200', 0, '2018-10-10 10:51:11', '2018-10-10 10:51:11'),
(5, 4, 'Uttara, Dhaka', '200', 0, '2018-10-10 10:51:11', '2018-10-10 10:51:11'),
(6, 4, 'Dhanmondi', '800', 0, '2018-10-10 10:51:27', '2018-10-10 10:51:27'),
(7, 4, 'Mirpur DOHS', '500', 0, '2018-10-10 10:51:39', '2018-10-10 10:51:39');

-- --------------------------------------------------------

--
-- Table structure for table `gateways`
--

CREATE TABLE `gateways` (
  `id` int(10) UNSIGNED NOT NULL,
  `main_name` varchar(191) COLLATE utf8mb4_unicode_ci DEFAULT NULL,
  `name` varchar(191) COLLATE utf8mb4_unicode_ci NOT NULL,
  `minamo` varchar(191) COLLATE utf8mb4_unicode_ci DEFAULT NULL,
  `maxamo` varchar(191) COLLATE utf8mb4_unicode_ci DEFAULT NULL,
  `fixed_charge` varchar(191) COLLATE utf8mb4_unicode_ci DEFAULT NULL,
  `percent_charge` varchar(191) COLLATE utf8mb4_unicode_ci DEFAULT NULL,
  `rate` varchar(191) COLLATE utf8mb4_unicode_ci DEFAULT NULL,
  `val1` varchar(191) COLLATE utf8mb4_unicode_ci DEFAULT NULL,
  `val2` varchar(191) COLLATE utf8mb4_unicode_ci DEFAULT NULL,
  `val3` varchar(255) COLLATE utf8mb4_unicode_ci DEFAULT NULL,
  `status` int(11) DEFAULT NULL,
  `created_at` timestamp NULL DEFAULT NULL,
  `updated_at` timestamp NULL DEFAULT NULL
) ENGINE=InnoDB DEFAULT CHARSET=utf8mb4 COLLATE=utf8mb4_unicode_ci;

--
-- Dumping data for table `gateways`
--

INSERT INTO `gateways` (`id`, `main_name`, `name`, `minamo`, `maxamo`, `fixed_charge`, `percent_charge`, `rate`, `val1`, `val2`, `val3`, `status`, `created_at`, `updated_at`) VALUES
(101, 'PayPal', 'PayPal', '5', '1000', '0.511', '2.52', '79', 'rexrifat636@gmail.com', NULL, NULL, 1, NULL, '2018-08-05 19:27:05'),
(102, 'PerfectMoney', 'Perfect Money', '20', '20000', '2', '1', '80', 'U5376900', 'G079qn4Q7XATZBqyoCkBteGRg', NULL, 1, NULL, '2018-06-30 19:22:11'),
(103, 'Stripe', 'Credit Card', '10', '50000', '3', '3', '80', 'sk_test_aat3tzBCCXXBkS4sxY3M8A1B', 'pk_test_AU3G7doZ1sbdpJLj0NaozPBu', NULL, 1, NULL, '2018-05-27 12:11:50'),
(104, 'Skrill', 'Skrill', '10', '50000', '3', '3', '80', 'merchant@skrill', 'TheSoftKing', NULL, 1, NULL, '2018-05-20 06:01:09'),
(501, 'Blockchain.info', 'BitCoin', '1', '20000', '1', '0.5', '80', '3965f52f-ec19-43af-90ed-d613dc60657eSSS', 'xpub6DREmHywjNizvs9b4hhNekcjFjvL4rshJjnrHHgtLNCSbhhx5jKFRgqdmXAecLAddEPudDZY4xoDbV1NVHSCeDp1S7NumPCNNjbxB7sGasY0000', NULL, 1, NULL, '2018-05-20 19:20:29'),
(502, 'block.io - BTC', 'BitCoin', '1', '99999', '1', '0.5', '80', '1658-8015-2e5e-9afb', '09876softk', NULL, 1, '2018-01-27 12:00:00', '2018-05-31 03:12:55'),
(503, 'block.io - LTC', 'LiteCoin', '100', '10000', '0.4', '1', '80', 'cb91-a5bc-69d7-1c27', '09876softk', NULL, 1, NULL, '2018-07-18 19:28:33'),
(504, 'block.io - DOGE', 'DogeCoin', '1', '50000', '0.51', '2.52', '80', '2daf-d165-2135-5951', '09876softk', NULL, 1, NULL, '2018-05-31 03:28:54'),
(505, 'CoinPayment - BTC', 'BitCoin', '1', '50000', '0.51', '2.52', '80', '596f0097ed9d1ab8cfed05eb59c70e9f066513dfe4df64a8fc3917d309328315', '7472928395208f70E3cE30B9e10dc882cBDD3e9967b7942AaE492106d9C7bE44', NULL, 1, NULL, '2018-05-31 03:38:33'),
(506, 'CoinPayment - ETH', 'Etherium', '1', '50000', '0.51', '2.52', '79', '596f0097ed9d1ab8cfed05eb59c70e9f066513dfe4df64a8fc3917d309328315', '7472928395208f70E3cE30B9e10dc882cBDD3e9967b7942AaE492106d9C7bE44', NULL, 1, NULL, '2018-07-15 21:42:22'),
(507, 'CoinPayment - BCH', 'Bitcoin Cash', '1', '50000', '0.51', '2.52', '80', '596f0097ed9d1ab8cfed05eb59c70e9f066513dfe4df64a8fc3917d309328315', '7472928395208f70E3cE30B9e10dc882cBDD3e9967b7942AaE492106d9C7bE44', NULL, 1, NULL, '2018-07-17 19:40:09'),
(508, 'CoinPayment - DASH', 'DASH', '1', '50000', '0.51', '2.52', '80', '596f0097ed9d1ab8cfed05eb59c70e9f066513dfe4df64a8fc3917d309328315', '7472928395208f70E3cE30B9e10dc882cBDD3e9967b7942AaE492106d9C7bE44', NULL, 1, NULL, '2018-05-31 03:39:04'),
(509, 'CoinPayment - DOGE', 'DOGE', '1', '50000', '0.51', '2.52', '80', '596f0097ed9d1ab8cfed05eb59c70e9f066513dfe4df64a8fc3917d309328315', '7472928395208f70E3cE30B9e10dc882cBDD3e9967b7942AaE492106d9C7bE44', NULL, 1, NULL, '2018-05-31 03:39:04'),
(510, 'CoinPayment - LTC', 'LTC', '1', '50000', '0.51', '2.52', '80', '596f0097ed9d1ab8cfed05eb59c70e9f066513dfe4df64a8fc3917d309328315', '7472928395208f70E3cE30B9e10dc882cBDD3e9967b7942AaE492106d9C7bE44', NULL, 1, NULL, '2018-05-31 03:39:04'),
(512, 'CoinGate', 'CoinGate', '10', '1000', '05', '5', '80', 'Ba1VgPx6d437xLXGKCBkmwVCEw5kHzRJ6thbGo-N', NULL, NULL, 1, '2018-07-08 12:00:00', '2018-07-17 19:40:30'),
(513, 'CoinPayment-ALL', 'Coin Payment', '10', '1000', '05', '5', '80', 'db1d9f12444e65c921604e289a281c56', NULL, NULL, 1, NULL, '2018-05-20 19:20:54'),
(900, 'Bank of America', 'Bank of America', '1000', '40000', '4', '3', '80', NULL, NULL, 'Account Name: Samiul Alim Pratik\r\nAccount Number: 201414011', 1, '2018-07-17 19:32:15', '2018-11-30 23:50:43'),
(901, 'HSBC Bank USA', 'HSBC Bank USA', '500', '50000', '4', '3', '80', NULL, NULL, 'Account Name: Samiul Alim Pratik\r\nAccount Number: 201414011', 1, '2018-07-18 19:24:13', '2018-11-30 23:51:00'),
(902, 'JPMorgan Chase', 'JPMorgan Chase', '1000', '60000', '10', '3', '84', NULL, NULL, 'Account Name: John Doe\r\nAccount Number: 201414011', 1, '2018-08-05 19:29:15', '2018-11-30 23:51:14'),
(903, 'Citigroup', 'Citigroup', '1000', '40000', '4', '3', '80', NULL, NULL, 'Account Name: Pratik\r\nAccount Details: 201414011', 1, '2018-11-30 23:53:14', '2018-11-30 23:53:14');

-- --------------------------------------------------------

--
-- Table structure for table `general_settings`
--

CREATE TABLE `general_settings` (
  `id` int(11) NOT NULL,
  `website_title` varchar(255) DEFAULT NULL,
  `base_color_code` varchar(20) DEFAULT NULL,
  `base_curr_text` varchar(20) DEFAULT NULL,
  `base_curr_symbol` blob DEFAULT NULL,
  `dec_pt` int(11) DEFAULT NULL,
  `registration` int(11) DEFAULT NULL,
  `email_verification` int(11) DEFAULT NULL,
  `sms_verification` int(11) DEFAULT NULL,
  `email_notification` int(11) DEFAULT NULL,
  `sms_notification` int(11) DEFAULT NULL,
  `email_sent_from` varchar(255) DEFAULT NULL,
  `email_template` blob DEFAULT NULL,
  `sms_api` text DEFAULT NULL,
  `address` varchar(255) DEFAULT NULL,
  `phone` varchar(30) DEFAULT NULL,
  `email` varchar(255) DEFAULT NULL,
  `comment_script` text DEFAULT NULL,
  `header_stext` varchar(255) DEFAULT NULL,
  `header_btext` varchar(255) DEFAULT NULL,
  `f_title` varchar(255) DEFAULT NULL,
  `fs_details` varchar(255) DEFAULT NULL,
  `l_title` varchar(255) DEFAULT NULL,
  `ls_details` varchar(255) DEFAULT NULL,
  `choose_title` varchar(255) DEFAULT NULL,
  `choose_details` varchar(255) DEFAULT NULL,
  `con_title` varchar(255) DEFAULT NULL,
  `con_sdetails` text DEFAULT NULL,
  `package_title` varchar(255) DEFAULT NULL,
  `package_details` varchar(255) DEFAULT NULL,
  `hotel_title` varchar(255) DEFAULT NULL,
  `hotel_details` varchar(255) DEFAULT NULL,
  `lounge_title` varchar(255) DEFAULT NULL,
  `lounge_details` varchar(255) DEFAULT NULL,
  `subsc_title` varchar(255) DEFAULT NULL,
  `subsc_details` varchar(255) DEFAULT NULL,
  `latitude` varchar(255) DEFAULT NULL,
  `longitude` varchar(255) DEFAULT NULL,
  `about_img` varchar(255) DEFAULT NULL,
  `about_content` blob DEFAULT NULL,
  `tos` blob DEFAULT NULL,
  `footer` text DEFAULT NULL
) ENGINE=InnoDB DEFAULT CHARSET=latin1;

--
-- Dumping data for table `general_settings`
--

INSERT INTO `general_settings` (`id`, `website_title`, `base_color_code`, `base_curr_text`, `base_curr_symbol`, `dec_pt`, `registration`, `email_verification`, `sms_verification`, `email_notification`, `sms_notification`, `email_sent_from`, `email_template`, `sms_api`, `address`, `phone`, `email`, `comment_script`, `header_stext`, `header_btext`, `f_title`, `fs_details`, `l_title`, `ls_details`, `choose_title`, `choose_details`, `con_title`, `con_sdetails`, `package_title`, `package_details`, `hotel_title`, `hotel_details`, `lounge_title`, `lounge_details`, `subsc_title`, `subsc_details`, `latitude`, `longitude`, `about_img`, `about_content`, `tos`, `footer`) VALUES
(1, 'TraMate', '3498db', 'USD', 0x24, 2, 1, 1, 1, 0, 0, 'do-not-reply@thesofking.com', 0x3c703e266e6273703b3c2f703e3c64697620636c6173733d227772617070657222207374796c653d226261636b67726f756e642d636f6c6f723a20726762283234322c203234322c20323432293b223e3c7461626c6520616c69676e3d2263656e74657222207374796c653d227461626c652d6c61796f75743a2066697865643b20636f6c6f723a20726762283138342c203138342c20313834293b20666f6e742d66616d696c793a205562756e74752c2073616e732d73657269663b223e3c74626f64793e3c74723e3c746420636c6173733d227072656865616465725f5f736e697070657422207374796c653d2270616464696e672d746f703a20313070783b2070616464696e672d626f74746f6d3a203570783b20766572746963616c2d616c69676e3a20746f703b2077696474683a2032383070783b223e266e6273703b3c2f74643e3c746420636c6173733d227072656865616465725f5f77656276657273696f6e22207374796c653d2270616464696e672d746f703a20313070783b2070616464696e672d626f74746f6d3a203570783b20746578742d616c69676e3a2072696768743b20766572746963616c2d616c69676e3a20746f703b2077696474683a2032383070783b223e266e6273703b3c2f74643e3c2f74723e3c2f74626f64793e3c2f7461626c653e3c7461626c652069643d22656d622d656d61696c2d6865616465722d636f6e7461696e65722220636c6173733d226865616465722220616c69676e3d2263656e74657222207374796c653d227461626c652d6c61796f75743a2066697865643b206d617267696e2d6c6566743a206175746f3b206d617267696e2d72696768743a206175746f3b223e3c74626f64793e3c74723e3c7464207374796c653d2277696474683a2036303070783b223e3c64697620636c6173733d226865616465725f5f6c6f676f20656d622d6c6f676f2d6d617267696e2d626f7822207374796c653d22666f6e742d73697a653a20323670783b206c696e652d6865696768743a20333270783b20636f6c6f723a20726762283139352c203230362c20323137293b20666f6e742d66616d696c793a20526f626f746f2c205461686f6d612c2073616e732d73657269663b206d617267696e3a20367078203230707820323070783b223e3c6469762069643d22656d622d656d61696c2d6865616465722220636c6173733d226c6f676f2d6c6566742220616c69676e3d226c65667422207374796c653d22666f6e742d73697a653a203070782021696d706f7274616e743b206c696e652d6865696768743a20302021696d706f7274616e743b223e3c696d67207372633d22687474703a2f2f692e696d6775722e636f6d2f6e4e434e505a542e706e672220616c743d22222077696474683d2233313222206865696768743d22343422207374796c653d226865696768743a206175746f3b2077696474683a2033313270783b206d61782d77696474683a2033313270783b223e3c2f6469763e3c2f6469763e3c2f74643e3c2f74723e3c2f74626f64793e3c2f7461626c653e3c7461626c6520636c6173733d226c61796f7574206c61796f75742d2d6e6f2d6775747465722220616c69676e3d2263656e74657222207374796c653d226261636b67726f756e642d636f6c6f723a20726762283235352c203235352c20323535293b207461626c652d6c61796f75743a2066697865643b206d617267696e2d6c6566743a206175746f3b206d617267696e2d72696768743a206175746f3b206f766572666c6f772d777261703a20627265616b2d776f72643b20776f72642d777261703a20627265616b2d776f72643b20776f72642d627265616b3a20627265616b2d776f72643b223e3c74626f64793e3c74723e3c746420636c6173733d22636f6c756d6e22207374796c653d22766572746963616c2d616c69676e3a20746f703b20636f6c6f723a207267622839362c203130322c20313039293b206c696e652d6865696768743a20323170783b20666f6e742d66616d696c793a2073616e732d73657269663b2077696474683a2036303070783b223e3c646976207374796c653d226d617267696e2d6c6566743a20323070783b206d617267696e2d72696768743a20323070783b206d617267696e2d746f703a20323470783b223e3c646976207374796c653d226c696e652d6865696768743a20313070783b20666f6e742d73697a653a203170783b223e266e6273703b3c2f6469763e3c2f6469763e3c646976207374796c653d226d617267696e2d6c6566743a20323070783b206d617267696e2d72696768743a20323070783b223e3c68323e4869207b7b6e616d657d7d2c3c2f68323e3c703e3c7370616e207374796c653d22666f6e742d7765696768743a203730303b223e7b7b6d6573736167657d7d3c2f7370616e3e3c2f703e3c2f6469763e3c646976207374796c653d226d617267696e2d6c6566743a20323070783b206d617267696e2d72696768743a20323070783b223e3c62723e3c2f6469763e3c646976207374796c653d226d617267696e2d6c6566743a20323070783b206d617267696e2d72696768743a20323070783b206d617267696e2d626f74746f6d3a20323470783b223e3c7020636c6173733d2273697a652d313422207374796c653d226d617267696e2d626f74746f6d3a203070783b206c696e652d6865696768743a20323170783b223e5468616e6b732c3c62723e3c7370616e207374796c653d22666f6e742d7765696768743a203730303b223e452057616c6c6574205465616d3c2f7370616e3e3c2f703e3c2f6469763e3c2f74643e3c2f74723e3c2f74626f64793e3c2f7461626c653e3c2f6469763e, 'https://api.infobip.com/api/v3/sendsms/plain?user=****&password=*****&sender=Tramate&SMSText={{message}}&GSM={{number}}&type=longSMS', 'Company Location, Country', '+880 123 456 7890', 'do-not-reply@thesoftking.com', '<div id=\"fb-root\"></div>\r\n<script>(function(d, s, id) {\r\n  var js, fjs = d.getElementsByTagName(s)[0];\r\n  if (d.getElementById(id)) return;\r\n  js = d.createElement(s); js.id = id;\r\n  js.src = \'https://connect.facebook.net/en_US/sdk.js#xfbml=1&version=v3.0&appId=446348272471579&autoLogAppEvents=1\';\r\n  fjs.parentNode.insertBefore(js, fjs);\r\n}(document, \'script\', \'facebook-jssdk\'));</script>', 'Bestcoins is an open community of ICO investors, technology u', 'Open Community For Discussion On ICOs u', 'Featured Ads up', 'It is a long established fact that a reader will be distracted by the readable content of a page when looking at its layout. u', 'Latest Adsu', 'It is a long established fact that a reader will be distracted by the readable content of a page when looking at its layout. updateu', 'Why Choose Us', 'There are many variations of passages of Lorem Ipsum available but the majority have suffered alteration in some form injected humour.', 'Get In Touch', 'There are many variations of passages of Lorem Ipsum available but the majority a have suffered alteration in some form by injected humour or randomised look even slightly believable.', 'Popular Packages', 'There are many variations of passages of Lorem Ipsum available but the majority have suffered alteration in some form injected humour.', 'Popular Hotels', 'There are many variations of passages of Lorem Ipsum available but the majority have suffered alteration in some form injected humour.', 'Popular Lounges', 'There are many variations of passages of Lorem Ipsum available but the majority have suffered alteration in some form injected humour.', 'Subscribe For More Updates', 'There are many variations of passages of Lorem Ipsum available but the majority have suffered alteration in some form injected humour.', '-33.4776268', '-70.645787', '1538979486.jpg', 0x3c70207374796c653d226d617267696e2d626f74746f6d3a20313570783b20666f6e742d66616d696c793a20506f7070696e732c2073616e732d73657269663b20636f6c6f723a207267622833362c2033362c203336293b223e3c666f6e742073697a653d2233223e546865726520617265206d616e7920766172696174696f6e73206f66207061737361676573206f66204c6f72656d20497073756d20617661696c61626c652c2062757420746865206d616a6f72697479206861766520737566666572656420616c7465726174696f6e20696e20736f6d6520666f726d2c20627920696e6a65637465642068756d6f7572206f72207468652072616e646f6d6973656420776f72647320776869636820646f6e2774206c6f6f6b206576656e20736c696768746c792062656c69657661626c652e204c6f72656d20497073756d2c20796f75206e65656420746f20626520737572652074686572652069736e2774206120616e797468696e6720656d62617272617373696e672068696464656e20696e2074686520616e64206d6964646c65206f6620746578742e3c2f666f6e743e3c2f703e3c70207374796c653d226d617267696e2d626f74746f6d3a20313570783b20666f6e742d66616d696c793a20506f7070696e732c2073616e732d73657269663b20636f6c6f723a207267622833362c2033362c203336293b223e3c666f6e742073697a653d2233223e546865726520617265206d616e7920766172696174696f6e73206f66207061737361676573206f66204c6f72656d20497073756d20617661696c61626c652c2062757420746865206d616a6f72697479206861766520737566666572656420616c7465726174696f6e20696e20736f6d6520666f726d20696e6a65637465642068756d6f75722e3c2f666f6e743e3c2f703e, 0x3c646976207374796c653d22636f6c6f723a207267622835322c2037332c203934293b20666f6e742d66616d696c793a202671756f743b4f70656e2053616e732671756f743b2c2073616e732d73657269663b223e557365206f66207468697320736974652069732070726f76696465642062792044656d6f73207375626a65637420746f2074686520666f6c6c6f77696e67205465726d7320616e6420436f6e646974696f6e733a3c2f6469763e3c646976207374796c653d22636f6c6f723a207267622835322c2037332c203934293b20666f6e742d66616d696c793a202671756f743b4f70656e2053616e732671756f743b2c2073616e732d73657269663b223e312e20596f75722075736520636f6e737469747574657320616363657074616e6365206f66207468657365205465726d7320616e6420436f6e646974696f6e73206173206174207468652064617465206f6620796f757220666972737420757365206f662074686520736974652e3c2f6469763e3c646976207374796c653d22636f6c6f723a207267622835322c2037332c203934293b20666f6e742d66616d696c793a202671756f743b4f70656e2053616e732671756f743b2c2073616e732d73657269663b223e322e2044656d6f73207265736572766573207468652072696768747320746f206368616e6765207468657365205465726d7320616e6420436f6e646974696f6e7320617420616e792074696d6520627920706f7374696e67206368616e676573206f6e6c696e652e20596f757220636f6e74696e75656420757365206f6620746869732073697465206166746572206368616e6765732061726520706f7374656420636f6e737469747574657320796f757220616363657074616e6365206f6620746869732061677265656d656e74206173206d6f6469666965642e3c2f6469763e3c646976207374796c653d22636f6c6f723a207267622835322c2037332c203934293b20666f6e742d66616d696c793a202671756f743b4f70656e2053616e732671756f743b2c2073616e732d73657269663b223e332e20596f7520616772656520746f2075736520746869732073697465206f6e6c7920666f72206c617766756c20707572706f7365732c20616e6420696e2061206d616e6e657220776869636820646f6573206e6f7420696e6672696e676520746865207269676874732c206f722072657374726963742c206f7220696e6869626974207468652075736520616e6420656e6a6f796d656e74206f6620746865207369746520627920616e792074686972642070617274792e3c2f6469763e3c646976207374796c653d22636f6c6f723a207267622835322c2037332c203934293b20666f6e742d66616d696c793a202671756f743b4f70656e2053616e732671756f743b2c2073616e732d73657269663b223e342e2054686973207369746520616e642074686520696e666f726d6174696f6e2c206e616d65732c20696d616765732c2070696374757265732c206c6f676f7320726567617264696e67206f722072656c6174696e6720746f2044656d6f73206172652070726f766964656420e2809c6173206973e2809d20776974686f757420616e7920726570726573656e746174696f6e206f7220656e646f7273656d656e74206d61646520616e6420776974686f75742077617272616e7479206f6620616e79206b696e6420776865746865722065787072657373206f7220696d706c6965642e20496e206e6f206576656e742077696c6c2044656d6f73206265206c6961626c6520666f7220616e792064616d6167657320696e636c7564696e672c20776974686f7574206c696d69746174696f6e2c20696e646972656374206f7220636f6e73657175656e7469616c2064616d616765732c206f7220616e792064616d616765732077686174736f657665722061726973696e672066726f6d2074686520757365206f7220696e20636f6e6e656374696f6e2077697468207375636820757365206f72206c6f7373206f6620757365206f662074686520736974652c207768657468657220696e20636f6e7472616374206f7220696e206e65676c6967656e63652e3c2f6469763e3c646976207374796c653d22636f6c6f723a207267622835322c2037332c203934293b20666f6e742d66616d696c793a202671756f743b4f70656e2053616e732671756f743b2c2073616e732d73657269663b223e352e2044656d6f7320646f6573206e6f742077617272616e742074686174207468652066756e6374696f6e7320636f6e7461696e656420696e20746865206d6174657269616c20636f6e7461696e656420696e207468697320736974652077696c6c20626520756e696e746572727570746564206f72206572726f7220667265652c207468617420646566656374732077696c6c20626520636f727265637465642c206f72207468617420746869732073697465206f7220746865207365727665722074686174206d616b657320697420617661696c61626c65206172652066726565206f662076697275736573206f722062756773206f7220726570726573656e7473207468652066756c6c2066756e6374696f6e616c6974792c20616363757261637920616e642072656c696162696c697479206f6620746865206d6174657269616c732e3c2f6469763e3c646976207374796c653d22636f6c6f723a207267622835322c2037332c203934293b20666f6e742d66616d696c793a202671756f743b4f70656e2053616e732671756f743b2c2073616e732d73657269663b223e362e20436f70797269676874207265737472696374696f6e733a20706c6561736520726566657220746f206f757220437265617469766520436f6d6d6f6e73206c6963656e7365207465726d7320676f7665726e696e672074686520757365206f66206d6174657269616c206f6e207468697320736974652e3c2f6469763e3c646976207374796c653d22636f6c6f723a207267622835322c2037332c203934293b20666f6e742d66616d696c793a202671756f743b4f70656e2053616e732671756f743b2c2073616e732d73657269663b223e372e2044656d6f732074616b6573206e6f20726573706f6e736962696c69747920666f722074686520636f6e74656e74206f662065787465726e616c20496e7465726e65742053697465732e3c2f6469763e3c646976207374796c653d22636f6c6f723a207267622835322c2037332c203934293b20666f6e742d66616d696c793a202671756f743b4f70656e2053616e732671756f743b2c2073616e732d73657269663b223e382e20416e7920636f6d6d756e69636174696f6e206f72206d6174657269616c207468617420796f75207472616e736d697420746f2c206f7220706f7374206f6e2c20616e79207075626c69632061726561206f6620746865207369746520696e636c7564696e6720616e7920646174612c207175657374696f6e732c20636f6d6d656e74732c2073756767657374696f6e732c206f7220746865206c696b652c2069732c20616e642077696c6c20626520747265617465642061732c206e6f6e2d636f6e666964656e7469616c20616e64206e6f6e2d70726f707269657461727920696e666f726d6174696f6e2e3c2f6469763e3c646976207374796c653d22636f6c6f723a207267622835322c2037332c203934293b20666f6e742d66616d696c793a202671756f743b4f70656e2053616e732671756f743b2c2073616e732d73657269663b223e392e20496620746865726520697320616e7920636f6e666c696374206265747765656e207468657365205465726d7320616e6420436f6e646974696f6e7320616e642072756c657320616e642f6f72207370656369666963207465726d73206f662075736520617070656172696e67206f6e207468697320736974652072656c6174696e6720746f207370656369666963206d6174657269616c207468656e20746865206c6174746572207368616c6c207072657661696c2e3c2f6469763e3c646976207374796c653d22636f6c6f723a207267622835322c2037332c203934293b20666f6e742d66616d696c793a202671756f743b4f70656e2053616e732671756f743b2c2073616e732d73657269663b223e31302e205468657365207465726d7320616e6420636f6e646974696f6e73207368616c6c20626520676f7665726e656420616e6420636f6e73747275656420696e206163636f7264616e6365207769746820746865206c617773206f6620456e676c616e6420616e642057616c65732e20416e79206469737075746573207368616c6c206265207375626a65637420746f20746865206578636c7573697665206a7572697364696374696f6e206f662074686520436f75727473206f6620456e676c616e6420616e642057616c65732e3c2f6469763e3c646976207374796c653d22636f6c6f723a207267622835322c2037332c203934293b20666f6e742d66616d696c793a202671756f743b4f70656e2053616e732671756f743b2c2073616e732d73657269663b223e31312e204966207468657365205465726d7320616e6420436f6e646974696f6e7320617265206e6f7420616363657074656420696e2066756c6c2c2074686520757365206f6620746869732073697465206d757374206265207465726d696e6174656420696d6d6564696174656c792e3c2f6469763e, 'TraMate  2018. All Rights Reserved.');

-- --------------------------------------------------------

--
-- Table structure for table `hotels`
--

CREATE TABLE `hotels` (
  `id` int(11) NOT NULL,
  `name` varchar(255) DEFAULT NULL,
  `phone` varchar(255) DEFAULT NULL,
  `email` varchar(255) DEFAULT NULL,
  `address` varchar(255) DEFAULT NULL,
  `overview` blob DEFAULT NULL,
  `a_hidden` int(3) NOT NULL DEFAULT 0,
  `created_at` timestamp NULL DEFAULT NULL,
  `updated_at` timestamp NULL DEFAULT NULL
) ENGINE=InnoDB DEFAULT CHARSET=latin1;

--
-- Dumping data for table `hotels`
--

INSERT INTO `hotels` (`id`, `name`, `phone`, `email`, `address`, `overview`, `a_hidden`, `created_at`, `updated_at`) VALUES
(7, 'GRAND LILLY', '+88038264950632', 'grandlily@gmail.com', 'Grand Trunk Rd, Pragpur Village, Punjab 144005, India', 0x3c70207374796c653d226d617267696e2d72696768743a203070783b206d617267696e2d626f74746f6d3a20313070783b206d617267696e2d6c6566743a203070783b206c696e652d6865696768743a20323b20636f6c6f723a2072676228372c2033372c203633293b20666f6e742d66616d696c793a202671756f743b4f70656e2053616e732671756f743b2c2073616e732d73657269663b20666f6e742d73697a653a20313570783b223e4c6f72656d20497073756d2069732073696d706c792064756d6d792074657874206f6620746865207072696e74696e6720616e64207479706573657474696e6720696e6475737472792e204c6f72656d20497073756d20686173206265656e2074686520696e6475737472792773207374616e646172642064756d6d79207465787420657665722073696e6365207468652031353030732c207768656e20616e20756e6b6e6f776e207072696e74657220746f6f6b20612067616c6c6579206f66207479706520616e6420736372616d626c656420697420746f206d616b65206120747970652073706563696d656e20626f6f6b2e20497420686173207375727669766564206e6f74206f6e6c7920666976652063656e7475726965732c2062757420616c736f20746865206c65617020696e746f20656c656374726f6e6963207479706573657474696e672c2072656d61696e696e6720657373656e7469616c6c7920756e6368616e6765642e2049742077617320706f70756c61726973656420696e207468652031393630732077697468207468652072656c65617365206f66204c657472617365742073686565747320636f6e7461696e696e67204c6f72656d20497073756d2070617373616765732c20616e64206d6f726520726563656e746c792077697468206465736b746f70207075626c697368696e6720736f667477617265206c696b6520416c64757320506167654d616b657220696e636c7564696e672076657273696f6e73206f66204c6f72656d20497073756d2e3c2f703e3c70207374796c653d226d617267696e2d72696768743a203070783b206d617267696e2d626f74746f6d3a20313070783b206d617267696e2d6c6566743a203070783b206c696e652d6865696768743a20323b20636f6c6f723a2072676228372c2033372c203633293b20666f6e742d66616d696c793a202671756f743b4f70656e2053616e732671756f743b2c2073616e732d73657269663b20666f6e742d73697a653a20313570783b223e49742069732061206c6f6e672065737461626c6973686564206661637420746861742061207265616465722077696c6c206265206469737472616374656420627920746865207265616461626c6520636f6e74656e74206f6620612070616765207768656e206c6f6f6b696e6720617420697473206c61796f75742e2054686520706f696e74206f66207573696e67204c6f72656d20497073756d2069732074686174206974206861732061206d6f72652d6f722d6c657373206e6f726d616c20646973747269627574696f6e206f66206c6574746572732c206173206f70706f73656420746f207573696e672027436f6e74656e7420686572652c20636f6e74656e742068657265272c206d616b696e67206974206c6f6f6b206c696b65207265616461626c6520456e676c6973682e204d616e79206465736b746f70207075626c697368696e67207061636b6167657320616e6420776562207061676520656469746f7273206e6f7720757365204c6f72656d20497073756d2061732074686569722064656661756c74206d6f64656c20746578742c20616e6420612073656172636820666f7220276c6f72656d20697073756d272077696c6c20756e636f766572206d616e7920776562207369746573207374696c6c20696e20746865697220696e66616e63792e20566172696f75732076657273696f6e7320686176652065766f6c766564206f766572207468652079656172732c20736f6d6574696d6573206279206163636964656e742c20736f6d6574696d6573206f6e20707572706f73652028696e6a65637465642068756d6f757220616e6420746865206c696b65292e3c2f703e, 0, '2018-09-18 05:02:25', '2018-10-02 00:28:47'),
(8, 'Sheraton Hotel', '+88038264950632', 'sheraton@gmail.com', 'Dhaka, Bangladesh', 0x3c6832207374796c653d226d617267696e2d72696768743a203070783b206d617267696e2d626f74746f6d3a20313070783b206d617267696e2d6c6566743a203070783b2070616464696e673a203070783b20666f6e742d7765696768743a203430303b206c696e652d6865696768743a20323470783b20636f6c6f723a2072676228302c20302c2030293b223e3c666f6e7420666163653d22636f6d69632073616e73206d7322207374796c653d22222073697a653d2233223ec48c6f206a6520746f204c6f72656d20497073756d3f3c2f666f6e743e3c2f68323e3c70207374796c653d226d617267696e2d72696768743a203070783b206d617267696e2d626f74746f6d3a20313570783b206d617267696e2d6c6566743a203070783b2070616464696e673a203070783b20746578742d616c69676e3a206a7573746966793b20636f6c6f723a2072676228302c20302c2030293b223e3c666f6e7420666163653d22636f6d69632073616e73206d73222073697a653d2233223e3c7374726f6e67207374796c653d226d617267696e3a203070783b2070616464696e673a203070783b223e4c6f72656d20497073756d3c2f7374726f6e673e266e6273703b6a652066696b74c3ad766e7920746578742c20706f75c5bec3ad76616ec3bd20707269206ec3a17672687520746c61c48d6f76c3ad6e2061266e6273703b7479706f6772616669652e204c6f72656d20497073756d206a6520c5a174616e646172646ec3bd6d2076c3bd706cc5886f76c3bd6d20746578746f6d2075c5be206f642031362e2073746f726fc48d69612c206b65c48f206e657a6ec3a16d7920746c61c48d696172207a6f6272616c207361647a6f626e69637520706c6ec3ba20746c61c48d6f76c3bd6368207a6e616b6f762061266e6273703b706f6d6965c5a1616c206963682c206162792074616b20767974766f72696c20767a6f726b6f76c3ba206b6e6968752e20507265c5be696c206e69656c656e2070c3a4c5a52073746f726fc48dc3ad2c20616c6520616a20736b6f6b20646f20656c656b74726f6e69636b656a207361647a62792c2061266e6273703b707269746f6d207a6f7374616c2076266e6273703b706f647374617465206e657a6d656e656ec3bd2e2053706f70756c6172697a6f76616ec3bd20626f6c2076266e6273703b36302d7479636820726f6b6f63682032302e73746f726fc48d69612c20767964616ec3ad6d2068c3a1726b6f76204c657472617365742c206b746f72c3a9206f627361686f76616c6920706173c3a1c5be65204c6f72656d20497073756d2c2061266e6273703b6e65736bc3b47220616a207075626c696b61c48d6ec3bd6d20736f667476c3a9726f6d20616b6f20416c64757320506167654d616b65722c206b746f72c3bd206f627361686f76616c207665727a6965204c6f72656d20497073756d2e3c2f666f6e743e3c2f703e3c70207374796c653d226d617267696e2d72696768743a203070783b206d617267696e2d626f74746f6d3a20313570783b206d617267696e2d6c6566743a203070783b2070616464696e673a203070783b20746578742d616c69676e3a206a7573746966793b20636f6c6f723a2072676228302c20302c2030293b223e3c666f6e7420666163653d22636f6d69632073616e73206d73222073697a653d2233223e3c7374726f6e67207374796c653d226d617267696e3a203070783b2070616464696e673a203070783b223e4c6f72656d20497073756d3c2f7374726f6e673e266e6273703b6a652066696b74c3ad766e7920746578742c20706f75c5bec3ad76616ec3bd20707269206ec3a17672687520746c61c48d6f76c3ad6e2061266e6273703b7479706f6772616669652e204c6f72656d20497073756d206a6520c5a174616e646172646ec3bd6d2076c3bd706cc5886f76c3bd6d20746578746f6d2075c5be206f642031362e2073746f726fc48d69612c206b65c48f206e657a6ec3a16d7920746c61c48d696172207a6f6272616c207361647a6f626e69637520706c6ec3ba20746c61c48d6f76c3bd6368207a6e616b6f762061266e6273703b706f6d6965c5a1616c206963682c206162792074616b20767974766f72696c20767a6f726b6f76c3ba206b6e6968752e20507265c5be696c206e69656c656e2070c3a4c5a52073746f726fc48dc3ad2c20616c6520616a20736b6f6b20646f20656c656b74726f6e69636b656a207361647a62792c2061266e6273703b707269746f6d207a6f7374616c2076266e6273703b706f647374617465206e657a6d656e656ec3bd2e2053706f70756c6172697a6f76616ec3bd20626f6c2076266e6273703b36302d7479636820726f6b6f63682032302e73746f726fc48d69612c20767964616ec3ad6d2068c3a1726b6f76204c657472617365742c206b746f72c3a9206f627361686f76616c6920706173c3a1c5be65204c6f72656d20497073756d2c2061266e6273703b6e65736bc3b47220616a207075626c696b61c48d6ec3bd6d20736f667476c3a9726f6d20616b6f20416c64757320506167654d616b65722c206b746f72c3bd206f627361686f76616c207665727a6965204c6f72656d20497073756d2e3c2f666f6e743e3c2f703e3c70207374796c653d226d617267696e2d72696768743a203070783b206d617267696e2d626f74746f6d3a20313570783b206d617267696e2d6c6566743a203070783b2070616464696e673a203070783b20746578742d616c69676e3a206a7573746966793b20636f6c6f723a2072676228302c20302c2030293b223e3c666f6e7420666163653d22636f6d69632073616e73206d73222073697a653d2233223e3c7370616e207374796c653d22666f6e742d7765696768743a20626f6c6465723b206d617267696e3a203070783b2070616464696e673a203070783b223e4c6f72656d20497073756d3c2f7370616e3e266e6273703b6a652066696b74c3ad766e7920746578742c20706f75c5bec3ad76616ec3bd20707269206ec3a17672687520746c61c48d6f76c3ad6e2061266e6273703b7479706f6772616669652e204c6f72656d20497073756d206a6520c5a174616e646172646ec3bd6d2076c3bd706cc5886f76c3bd6d20746578746f6d2075c5be206f642031362e2073746f726fc48d69612c206b65c48f206e657a6ec3a16d7920746c61c48d696172207a6f6272616c207361647a6f626e69637520706c6ec3ba20746c61c48d6f76c3bd6368207a6e616b6f762061266e6273703b706f6d6965c5a1616c206963682c206162792074616b20767974766f72696c20767a6f726b6f76c3ba206b6e6968752e20507265c5be696c206e69656c656e2070c3a4c5a52073746f726fc48dc3ad2c20616c6520616a20736b6f6b20646f20656c656b74726f6e69636b656a207361647a62792c2061266e6273703b707269746f6d207a6f7374616c2076266e6273703b706f647374617465206e657a6d656e656ec3bd2e2053706f70756c6172697a6f76616ec3bd20626f6c2076266e6273703b36302d7479636820726f6b6f63682032302e73746f726fc48d69612c20767964616ec3ad6d2068c3a1726b6f76204c657472617365742c206b746f72c3a9206f627361686f76616c6920706173c3a1c5be65204c6f72656d20497073756d2c2061266e6273703b6e65736bc3b47220616a207075626c696b61c48d6ec3bd6d20736f667476c3a9726f6d20616b6f20416c64757320506167654d616b65722c206b746f72c3bd206f627361686f76616c207665727a6965204c6f72656d20497073756d2e3c2f666f6e743e3c2f703e3c70207374796c653d226d617267696e2d72696768743a203070783b206d617267696e2d626f74746f6d3a20313570783b206d617267696e2d6c6566743a203070783b2070616464696e673a203070783b20746578742d616c69676e3a206a7573746966793b20636f6c6f723a2072676228302c20302c2030293b223e3c666f6e7420666163653d22636f6d69632073616e73206d73222073697a653d2233223e3c7370616e207374796c653d22666f6e742d7765696768743a20626f6c6465723b206d617267696e3a203070783b2070616464696e673a203070783b223e4c6f72656d20497073756d3c2f7370616e3e266e6273703b6a652066696b74c3ad766e7920746578742c20706f75c5bec3ad76616ec3bd20707269206ec3a17672687520746c61c48d6f76c3ad6e2061266e6273703b7479706f6772616669652e204c6f72656d20497073756d206a6520c5a174616e646172646ec3bd6d2076c3bd706cc5886f76c3bd6d20746578746f6d2075c5be206f642031362e2073746f726fc48d69612c206b65c48f206e657a6ec3a16d7920746c61c48d696172207a6f6272616c207361647a6f626e69637520706c6ec3ba20746c61c48d6f76c3bd6368207a6e616b6f762061266e6273703b706f6d6965c5a1616c206963682c206162792074616b20767974766f72696c20767a6f726b6f76c3ba206b6e6968752e20507265c5be696c206e69656c656e2070c3a4c5a52073746f726fc48dc3ad2c20616c6520616a20736b6f6b20646f20656c656b74726f6e69636b656a207361647a62792c2061266e6273703b707269746f6d207a6f7374616c2076266e6273703b706f647374617465206e657a6d656e656ec3bd2e2053706f70756c6172697a6f76616ec3bd20626f6c2076266e6273703b36302d7479636820726f6b6f63682032302e73746f726fc48d69612c20767964616ec3ad6d2068c3a1726b6f76204c657472617365742c206b746f72c3a9206f627361686f76616c6920706173c3a1c5be65204c6f72656d20497073756d2c2061266e6273703b6e65736bc3b47220616a207075626c696b61c48d6ec3bd6d20736f667476c3a9726f6d20616b6f20416c64757320506167654d616b65722c206b746f72c3bd206f627361686f76616c207665727a6965204c6f72656d20497073756d2e3c2f666f6e743e3c2f703e, 0, '2018-09-18 05:07:46', '2018-10-03 04:55:49'),
(9, 'Radisson Blu Dhaka Water Garden', '+46474362964', 'radisson@gmail.com', 'BAF Airport Rd, Dhaka 1206', 0x3c666f6e742073697a653d2233223e3c7374726f6e67207374796c653d226d617267696e3a203070783b2070616464696e673a203070783b20636f6c6f723a2072676228302c20302c2030293b20666f6e742d66616d696c793a202671756f743b4f70656e2053616e732671756f743b2c20417269616c2c2073616e732d73657269663b20746578742d616c69676e3a206a7573746966793b223e4c6f72656d20497073756d3c2f7374726f6e673e3c7370616e207374796c653d22636f6c6f723a2072676228302c20302c2030293b20666f6e742d66616d696c793a202671756f743b4f70656e2053616e732671756f743b2c20417269616c2c2073616e732d73657269663b20746578742d616c69676e3a206a7573746966793b223e266e6273703b69732073696d706c792064756d6d792074657874206f6620746865207072696e74696e6720616e64207479706573657474696e6720696e6475737472792e204c6f72656d20497073756d20686173206265656e2074686520696e6475737472792773207374616e646172642064756d6d79207465787420657665722073696e6365207468652031353030732c207768656e20616e20756e6b6e6f776e207072696e74657220746f6f6b20612067616c6c6579206f66207479706520616e6420736372616d626c656420697420746f206d616b65206120747970652073706563696d656e20626f6f6b2e20497420686173207375727669766564206e6f74206f6e6c7920666976652063656e7475726965732c2062757420616c736f20746865206c65617020696e746f20656c656374726f6e6963207479706573657474696e672c2072656d61696e696e6720657373656e7469616c6c7920756e6368616e6765642e2049742077617320706f70756c61726973656420696e207468652031393630732077697468207468652072656c65617365206f66204c657472617365742073686565747320636f6e7461696e696e67204c6f72656d20497073756d2070617373616765732c20616e64206d6f726520726563656e746c792077697468206465736b746f70207075626c697368696e6720736f667477617265206c696b6520416c64757320506167654d616b657220696e636c7564696e672076657273696f6e73206f66204c6f72656d20497073756d2e266e6273703b3c2f7370616e3e3c2f666f6e743e3c7374726f6e67207374796c653d226d617267696e3a203070783b2070616464696e673a203070783b20636f6c6f723a2072676228302c20302c2030293b20666f6e742d66616d696c793a202671756f743b4f70656e2053616e732671756f743b2c20417269616c2c2073616e732d73657269663b20746578742d616c69676e3a206a7573746966793b223e4c6f72656d20497073756d3c2f7374726f6e673e3c7370616e207374796c653d22636f6c6f723a2072676228302c20302c2030293b20666f6e742d66616d696c793a202671756f743b4f70656e2053616e732671756f743b2c20417269616c2c2073616e732d73657269663b20746578742d616c69676e3a206a7573746966793b223e266e6273703b69732073696d706c792064756d6d792074657874206f6620746865207072696e74696e6720616e64207479706573657474696e6720696e6475737472792e204c6f72656d20497073756d20686173206265656e2074686520696e6475737472792773207374616e646172642064756d6d79207465787420657665722073696e6365207468652031353030732c207768656e20616e20756e6b6e6f776e207072696e74657220746f6f6b20612067616c6c6579206f66207479706520616e6420736372616d626c656420697420746f206d616b65206120747970652073706563696d656e20626f6f6b2e20497420686173207375727669766564206e6f74206f6e6c7920666976652063656e7475726965732c2062757420616c736f20746865206c65617020696e746f20656c656374726f6e6963207479706573657474696e672c2072656d61696e696e6720657373656e7469616c6c7920756e6368616e6765642e2049742077617320706f70756c61726973656420696e207468652031393630732077697468207468652072656c65617365206f66204c657472617365742073686565747320636f6e7461696e696e67204c6f72656d20497073756d2070617373616765732c20616e64206d6f726520726563656e746c792077697468206465736b746f70207075626c697368696e6720736f667477617265206c696b6520416c64757320506167654d616b657220696e636c7564696e672076657273696f6e73206f66204c6f72656d20497073756d2e3c2f7370616e3e3c7374726f6e67207374796c653d226d617267696e3a203070783b2070616464696e673a203070783b20636f6c6f723a2072676228302c20302c2030293b20666f6e742d66616d696c793a202671756f743b4f70656e2053616e732671756f743b2c20417269616c2c2073616e732d73657269663b20746578742d616c69676e3a206a7573746966793b223e4c6f72656d20497073756d3c2f7374726f6e673e3c7370616e207374796c653d22636f6c6f723a2072676228302c20302c2030293b20666f6e742d66616d696c793a202671756f743b4f70656e2053616e732671756f743b2c20417269616c2c2073616e732d73657269663b20746578742d616c69676e3a206a7573746966793b223e266e6273703b69732073696d706c792064756d6d792074657874206f6620746865207072696e74696e6720616e64207479706573657474696e6720696e6475737472792e204c6f72656d20497073756d20686173206265656e2074686520696e6475737472792773207374616e646172642064756d6d79207465787420657665722073696e6365207468652031353030732c207768656e20616e20756e6b6e6f776e207072696e74657220746f6f6b20612067616c6c6579206f66207479706520616e6420736372616d626c656420697420746f206d616b65206120747970652073706563696d656e20626f6f6b2e20497420686173207375727669766564206e6f74206f6e6c7920666976652063656e7475726965732c2062757420616c736f20746865206c65617020696e746f20656c656374726f6e6963207479706573657474696e672c2072656d61696e696e6720657373656e7469616c6c7920756e6368616e6765642e2049742077617320706f70756c61726973656420696e207468652031393630732077697468207468652072656c65617365206f66204c657472617365742073686565747320636f6e7461696e696e67204c6f72656d20497073756d2070617373616765732c20616e64206d6f726520726563656e746c792077697468206465736b746f70207075626c697368696e6720736f667477617265206c696b6520416c64757320506167654d616b657220696e636c7564696e672076657273696f6e73206f66204c6f72656d20497073756d2e3c2f7370616e3e, 0, '2018-10-06 00:20:13', '2018-10-10 12:58:05'),
(10, 'Hotel Highgarden', '+880382649506', 'highgarden@gmail.com', 'House #40, Road #03, Sector #13, Uttara, Dhaka 1230', 0x3c7370616e207374796c653d22636f6c6f723a207267622831322c2031322c203132293b20666f6e742d66616d696c793a204c61746f2c2073616e732d73657269663b20666f6e742d73697a653a20313670783b206c65747465722d73706163696e673a20302e363470783b20746578742d616c69676e3a2063656e7465723b223e486f74656c204869676867617264656e2c204120627573696e65737320626f75746971756520686f74656c206c6f63617465642035206d696e75746573206279206361722066726f6d204861727a617420536861686a616c616c20496e7465726e6174696f6e616c20616972706f72742c206f66666572732067726561742076616c756520666f72206d6f6e657920686f73706974616c69747920736572766963657320696e20746865206865617274206f662074686520696e647573747269616c206469737472696374206f66204468616b612e20546865207175696574207265736964656e7469616c206e65696768626f72686f6f642070726f7669646573206f7074696d756d2073616665747920616e64207072697661637920666f72206f7572206775657374732e3c2f7370616e3e3c7370616e207374796c653d22636f6c6f723a207267622831322c2031322c203132293b20666f6e742d66616d696c793a204c61746f2c2073616e732d73657269663b20666f6e742d73697a653a20313670783b206c65747465722d73706163696e673a20302e363470783b223e486f74656c204869676867617264656e20636f6d707269736573206f6620343020726f6f6d732c20612066756c6c7920657175697070656420636f6e666572656e63652048616c6c20776974682061206361706163697479206f66203130302070656f706c652c2061206d656574696e6720726f6f6d2c20612067796d20616e6420612072657374617572616e74206f66666572696e67206d756c7469706c652063756973696e657320746f207375697420616c6c206f757220677565737473272064696574617279206e656564732e3c2f7370616e3e3c7370616e207374796c653d22636f6c6f723a207267622831322c2031322c203132293b20666f6e742d66616d696c793a204c61746f2c2073616e732d73657269663b20666f6e742d73697a653a20313670783b206c65747465722d73706163696e673a20302e363470783b223e54686520636f6e666572656e63652068616c6c2069732065717569707065642077697468207374617465206f66207468652061727420666978747572657320616e64206675726e697368696e6773207468617420616c6c6f7720666f7220666c657869626c65206c61796f75742e20467572746865726d6f72652c2074686520636f6e666572656e63652068616c6c20696e636c756465732061206d756c74696d656469612070726f6a6563746f7220616e64206d6f746f72697a65642073637265656e2e2e3c2f7370616e3e, 0, '2018-10-10 10:28:55', '2018-10-10 10:28:55'),
(11, 'Hotel Noorjahan Grand', '01746426893', 'noorjahan@gmail.com', 'Coxs Bazar, Chittagong', 0x3c666f6e742073697a653d2233223e3c7370616e20636c6173733d22696e74726f5465787422207374796c653d226c696e652d6865696768743a20323070783b20636f6c6f723a207267622837342c2037342c203734293b206d617267696e2d746f703a203870783b20666f6e742d66616d696c793a20417269616c2c205461686f6d612c202671756f743b42697473747265616d20566572612053616e732671756f743b2c2073616e732d73657269663b223e536f6172696e6720686967682061626f766520646f776e746f776e2053796c6865742c486f74656c204e6f6f726a6168616e204772616e6420697320616e2069636f6e6963206c616e646d61726b2074686174206f66666572732074686520756c74696d617465206c757875727920696e206163636f6d6d6f646174696f6e2e2050726f706f73696e67206120756e69717565206c6966657374796c6520657870657269656e63652c74686520686f74656c2070726f6d6973657320746f206f66666572206e6f7468696e67206c657373266e6273703b3c2f7370616e3e3c7370616e207374796c653d22636f6c6f723a207267622837342c2037342c203734293b20666f6e742d66616d696c793a20417269616c2c205461686f6d612c202671756f743b42697473747265616d20566572612053616e732671756f743b2c2073616e732d73657269663b223e3c2f7370616e3e3c7370616e20636c6173733d22696e74726f54657874457874656e73696f6e22207374796c653d226c696e652d6865696768743a20323070783b20636f6c6f723a207267622837342c2037342c203734293b20646973706c61793a20696e6c696e653b20666f6e742d66616d696c793a20417269616c2c205461686f6d612c202671756f743b42697473747265616d20566572612053616e732671756f743b2c2073616e732d73657269663b223e7468616e20657863656c6c656e7420736572766963652e205768657468657220697420697320627573696e657373206f7220706c6561737572652074686174206272696e677320796f7520746f20746f776e2c206f757220686f74656c20616464726573732069732063656e7472616c6c79206c6f636174656420746f20616c6c206d616a6f7220746f75726973742061747472616374696f6e732e2057697468696e20356d696e732077616c6b696e672064697374616e636520746f2074686520746f702061747472616374696f6e206f662074686520636974792d48617a72617420536861686a616c616c204d617a61722c206f757220686f74656c20697320746865207065726665637420706c61636520746f2063616c6c20686f6d65207768696c6520646973636f766572696e672074686520766572792062657374207468697320636974792068617320746f206f666665722e204f757220726f6f6de28099732063686963206d6f6465726e207374796c65206f66666572732074686520616d656e697469657320616e64207374796c65206465736972656420627920627573696e65737320616e64206c6569737572652067756573747320616c696b652e204465636f726174656420746f207265666c6563742074686520736f706869737469636174696f6e20776974682077616c6c70617065727320696e2073756d7074756f757320746578747572657320616e6420637269737020776869746520626564206c696e656e732c20697420697320796f757220736c65656b20686964656177617920696e2074686520636974792e20526f6f6d73206f6620756e64657273746174656420656c6567616e6365206665617475726520612067656e65726f757320776f726b73746174696f6e2c2063726f636f64696c65206c65617468657220736f6661732c2033322d696e636820666c61742d73637265656e2054562c20656c656374726f6e696320736166652c6265642073696465206368617267696e672073746174696f6e2c20636f66666565206d616b65722c20616e6420612066756c6c792d73746f636b6564206d696e69206261722e2054686520656c6567616e742062617468726f6f6d206665617475726573206120636c65616e2d6c696e656420776173687374616e642c206120636f6d62696e6174696f6e206f66204974616c69616e206772616e6974652026616d703b2074696c6520737572666163657320616e64206120736570617261746520737465702d696e2073686f776572202e20576946692069732061636365737369626c6520666f72206672656520696e2074686520686f74656c207072656d697365732e2057652077656c636f6d6520796f7520746f207769746e657373206f757220756e706172616c6c656c6564206c7578757279202121213c2f7370616e3e3c2f666f6e743e, 0, '2018-11-11 16:19:03', '2018-11-11 16:19:03'),
(12, 'The Peninsula Chittagong', '32273209670', 'peninsula@gmail.com', 'Chittagong, Bangladesh', 0x3c70207374796c653d226d617267696e2d72696768743a203070783b206d617267696e2d626f74746f6d3a20313570783b206d617267696e2d6c6566743a203070783b2070616464696e673a203070783b20746578742d616c69676e3a206a7573746966793b20636f6c6f723a2072676228302c20302c2030293b20666f6e742d66616d696c793a202671756f743b4f70656e2053616e732671756f743b2c20417269616c2c2073616e732d73657269663b223e3c666f6e742073697a653d2233223e436f6e747261727920746f20706f70756c61722062656c6965662c204c6f72656d20497073756d206973206e6f742073696d706c792072616e646f6d20746578742e2049742068617320726f6f747320696e2061207069656365206f6620636c6173736963616c204c6174696e206c6974657261747572652066726f6d2034352042432c206d616b696e67206974206f7665722032303030207965617273206f6c642e2052696368617264204d63436c696e746f636b2c2061204c6174696e2070726f666573736f722061742048616d7064656e2d5379646e657920436f6c6c65676520696e2056697267696e69612c206c6f6f6b6564207570206f6e65206f6620746865206d6f7265206f627363757265204c6174696e20776f7264732c20636f6e73656374657475722c2066726f6d2061204c6f72656d20497073756d20706173736167652c20616e6420676f696e67207468726f75676820746865206369746573206f662074686520776f726420696e20636c6173736963616c206c6974657261747572652c20646973636f76657265642074686520756e646f75627461626c6520736f757263652e204c6f72656d20497073756d20636f6d65732066726f6d2073656374696f6e7320312e31302e333220616e6420312e31302e3333206f66202264652046696e6962757320426f6e6f72756d206574204d616c6f72756d2220285468652045787472656d6573206f6620476f6f6420616e64204576696c292062792043696365726f2c207772697474656e20696e2034352042432e205468697320626f6f6b2069732061207472656174697365206f6e20746865207468656f7279206f66206574686963732c207665727920706f70756c617220647572696e67207468652052656e61697373616e63652e20546865206669727374206c696e65206f66204c6f72656d20497073756d2c20224c6f72656d20697073756d20646f6c6f722073697420616d65742e2e222c20636f6d65732066726f6d2061206c696e6520696e2073656374696f6e20312e31302e33322e3c2f666f6e743e3c2f703e3c70207374796c653d226d617267696e2d72696768743a203070783b206d617267696e2d626f74746f6d3a20313570783b206d617267696e2d6c6566743a203070783b2070616464696e673a203070783b20746578742d616c69676e3a206a7573746966793b20636f6c6f723a2072676228302c20302c2030293b20666f6e742d66616d696c793a202671756f743b4f70656e2053616e732671756f743b2c20417269616c2c2073616e732d73657269663b223e3c666f6e742073697a653d2233223e546865207374616e64617264206368756e6b206f66204c6f72656d20497073756d20757365642073696e63652074686520313530307320697320726570726f64756365642062656c6f7720666f722074686f736520696e74657265737465642e2053656374696f6e7320312e31302e333220616e6420312e31302e33332066726f6d202264652046696e6962757320426f6e6f72756d206574204d616c6f72756d222062792043696365726f2061726520616c736f20726570726f647563656420696e207468656972206578616374206f726967696e616c20666f726d2c206163636f6d70616e69656420627920456e676c6973682076657273696f6e732066726f6d207468652031393134207472616e736c6174696f6e20627920482e205261636b68616d2e3c2f666f6e743e3c2f703e, 0, '2018-11-11 16:26:50', '2018-11-11 16:26:50'),
(13, 'Four Points by Sheraton Dhaka, Gulshan', '07746426893', 'sheraton.anwar@gmail.com', 'Gulshan, Dhaka', 0x3c70207374796c653d226d617267696e2d72696768743a203070783b206d617267696e2d626f74746f6d3a20313570783b206d617267696e2d6c6566743a203070783b2070616464696e673a203070783b20746578742d616c69676e3a206a7573746966793b20636f6c6f723a2072676228302c20302c2030293b20666f6e742d66616d696c793a202671756f743b4f70656e2053616e732671756f743b2c20417269616c2c2073616e732d73657269663b223e3c666f6e742073697a653d2233223e436f6e747261727920746f20706f70756c61722062656c6965662c204c6f72656d20497073756d206973206e6f742073696d706c792072616e646f6d20746578742e2049742068617320726f6f747320696e2061207069656365206f6620636c6173736963616c204c6174696e206c6974657261747572652066726f6d2034352042432c206d616b696e67206974206f7665722032303030207965617273206f6c642e2052696368617264204d63436c696e746f636b2c2061204c6174696e2070726f666573736f722061742048616d7064656e2d5379646e657920436f6c6c65676520696e2056697267696e69612c206c6f6f6b6564207570206f6e65206f6620746865206d6f7265206f627363757265204c6174696e20776f7264732c20636f6e73656374657475722c2066726f6d2061204c6f72656d20497073756d20706173736167652c20616e6420676f696e67207468726f75676820746865206369746573206f662074686520776f726420696e20636c6173736963616c206c6974657261747572652c20646973636f76657265642074686520756e646f75627461626c6520736f757263652e204c6f72656d20497073756d20636f6d65732066726f6d2073656374696f6e7320312e31302e333220616e6420312e31302e3333206f66202264652046696e6962757320426f6e6f72756d206574204d616c6f72756d2220285468652045787472656d6573206f6620476f6f6420616e64204576696c292062792043696365726f2c207772697474656e20696e2034352042432e205468697320626f6f6b2069732061207472656174697365206f6e20746865207468656f7279206f66206574686963732c207665727920706f70756c617220647572696e67207468652052656e61697373616e63652e20546865206669727374206c696e65206f66204c6f72656d20497073756d2c20224c6f72656d20697073756d20646f6c6f722073697420616d65742e2e222c20636f6d65732066726f6d2061206c696e6520696e2073656374696f6e20312e31302e33322e3c2f666f6e743e3c2f703e3c70207374796c653d226d617267696e2d72696768743a203070783b206d617267696e2d626f74746f6d3a20313570783b206d617267696e2d6c6566743a203070783b2070616464696e673a203070783b20746578742d616c69676e3a206a7573746966793b20636f6c6f723a2072676228302c20302c2030293b20666f6e742d66616d696c793a202671756f743b4f70656e2053616e732671756f743b2c20417269616c2c2073616e732d73657269663b223e3c666f6e742073697a653d2233223e546865207374616e64617264206368756e6b206f66204c6f72656d20497073756d20757365642073696e63652074686520313530307320697320726570726f64756365642062656c6f7720666f722074686f736520696e74657265737465642e2053656374696f6e7320312e31302e333220616e6420312e31302e33332066726f6d202264652046696e6962757320426f6e6f72756d206574204d616c6f72756d222062792043696365726f2061726520616c736f20726570726f647563656420696e207468656972206578616374206f726967696e616c20666f726d2c206163636f6d70616e69656420627920456e676c6973682076657273696f6e732066726f6d207468652031393134207472616e736c6174696f6e20627920482e205261636b68616d2e3c2f666f6e743e3c2f703e, 0, '2018-11-11 16:39:04', '2018-11-11 16:39:04'),
(14, 'Best Western Plus Maple Leaf', '923490676', 'mapleleaf@gmail.com', 'Uttara, Dhaka', 0x3c70207374796c653d226d617267696e2d72696768743a203070783b206d617267696e2d626f74746f6d3a20313570783b206d617267696e2d6c6566743a203070783b2070616464696e673a203070783b20746578742d616c69676e3a206a7573746966793b20636f6c6f723a2072676228302c20302c2030293b20666f6e742d66616d696c793a202671756f743b4f70656e2053616e732671756f743b2c20417269616c2c2073616e732d73657269663b223e3c666f6e742073697a653d2233223e436f6e747261727920746f20706f70756c61722062656c6965662c204c6f72656d20497073756d206973206e6f742073696d706c792072616e646f6d20746578742e2049742068617320726f6f747320696e2061207069656365206f6620636c6173736963616c204c6174696e206c6974657261747572652066726f6d2034352042432c206d616b696e67206974206f7665722032303030207965617273206f6c642e2052696368617264204d63436c696e746f636b2c2061204c6174696e2070726f666573736f722061742048616d7064656e2d5379646e657920436f6c6c65676520696e2056697267696e69612c206c6f6f6b6564207570206f6e65206f6620746865206d6f7265206f627363757265204c6174696e20776f7264732c20636f6e73656374657475722c2066726f6d2061204c6f72656d20497073756d20706173736167652c20616e6420676f696e67207468726f75676820746865206369746573206f662074686520776f726420696e20636c6173736963616c206c6974657261747572652c20646973636f76657265642074686520756e646f75627461626c6520736f757263652e204c6f72656d20497073756d20636f6d65732066726f6d2073656374696f6e7320312e31302e333220616e6420312e31302e3333206f66202264652046696e6962757320426f6e6f72756d206574204d616c6f72756d2220285468652045787472656d6573206f6620476f6f6420616e64204576696c292062792043696365726f2c207772697474656e20696e2034352042432e205468697320626f6f6b2069732061207472656174697365206f6e20746865207468656f7279206f66206574686963732c207665727920706f70756c617220647572696e67207468652052656e61697373616e63652e20546865206669727374206c696e65206f66204c6f72656d20497073756d2c20224c6f72656d20697073756d20646f6c6f722073697420616d65742e2e222c20636f6d65732066726f6d2061206c696e6520696e2073656374696f6e20312e31302e33322e3c2f666f6e743e3c2f703e3c70207374796c653d226d617267696e2d72696768743a203070783b206d617267696e2d626f74746f6d3a20313570783b206d617267696e2d6c6566743a203070783b2070616464696e673a203070783b20746578742d616c69676e3a206a7573746966793b20636f6c6f723a2072676228302c20302c2030293b20666f6e742d66616d696c793a202671756f743b4f70656e2053616e732671756f743b2c20417269616c2c2073616e732d73657269663b223e3c666f6e742073697a653d2233223e546865207374616e64617264206368756e6b206f66204c6f72656d20497073756d20757365642073696e63652074686520313530307320697320726570726f64756365642062656c6f7720666f722074686f736520696e74657265737465642e2053656374696f6e7320312e31302e333220616e6420312e31302e33332066726f6d202264652046696e6962757320426f6e6f72756d206574204d616c6f72756d222062792043696365726f2061726520616c736f20726570726f647563656420696e207468656972206578616374206f726967696e616c20666f726d2c206163636f6d70616e69656420627920456e676c6973682076657273696f6e732066726f6d207468652031393134207472616e736c6174696f6e20627920482e205261636b68616d2e3c2f666f6e743e3c2f703e, 0, '2018-11-11 16:57:18', '2018-11-11 16:57:18'),
(15, 'DuSai Resort & Spa', '4689034874', 'dusai@gmail.com', 'Uttara, Dhaka', 0x3c70207374796c653d226d617267696e2d72696768743a203070783b206d617267696e2d626f74746f6d3a20313570783b206d617267696e2d6c6566743a203070783b2070616464696e673a203070783b20746578742d616c69676e3a206a7573746966793b20636f6c6f723a2072676228302c20302c2030293b20666f6e742d66616d696c793a202671756f743b4f70656e2053616e732671756f743b2c20417269616c2c2073616e732d73657269663b223e3c666f6e742073697a653d2233223e436f6e747261727920746f20706f70756c61722062656c6965662c204c6f72656d20497073756d206973206e6f742073696d706c792072616e646f6d20746578742e2049742068617320726f6f747320696e2061207069656365206f6620636c6173736963616c204c6174696e206c6974657261747572652066726f6d2034352042432c206d616b696e67206974206f7665722032303030207965617273206f6c642e2052696368617264204d63436c696e746f636b2c2061204c6174696e2070726f666573736f722061742048616d7064656e2d5379646e657920436f6c6c65676520696e2056697267696e69612c206c6f6f6b6564207570206f6e65206f6620746865206d6f7265206f627363757265204c6174696e20776f7264732c20636f6e73656374657475722c2066726f6d2061204c6f72656d20497073756d20706173736167652c20616e6420676f696e67207468726f75676820746865206369746573206f662074686520776f726420696e20636c6173736963616c206c6974657261747572652c20646973636f76657265642074686520756e646f75627461626c6520736f757263652e204c6f72656d20497073756d20636f6d65732066726f6d2073656374696f6e7320312e31302e333220616e6420312e31302e3333206f66202264652046696e6962757320426f6e6f72756d206574204d616c6f72756d2220285468652045787472656d6573206f6620476f6f6420616e64204576696c292062792043696365726f2c207772697474656e20696e2034352042432e205468697320626f6f6b2069732061207472656174697365206f6e20746865207468656f7279206f66206574686963732c207665727920706f70756c617220647572696e67207468652052656e61697373616e63652e20546865206669727374206c696e65206f66204c6f72656d20497073756d2c20224c6f72656d20697073756d20646f6c6f722073697420616d65742e2e222c20636f6d65732066726f6d2061206c696e6520696e2073656374696f6e20312e31302e33322e3c2f666f6e743e3c2f703e3c70207374796c653d226d617267696e2d72696768743a203070783b206d617267696e2d626f74746f6d3a20313570783b206d617267696e2d6c6566743a203070783b2070616464696e673a203070783b20746578742d616c69676e3a206a7573746966793b20636f6c6f723a2072676228302c20302c2030293b20666f6e742d66616d696c793a202671756f743b4f70656e2053616e732671756f743b2c20417269616c2c2073616e732d73657269663b223e3c666f6e742073697a653d2233223e546865207374616e64617264206368756e6b206f66204c6f72656d20497073756d20757365642073696e63652074686520313530307320697320726570726f64756365642062656c6f7720666f722074686f736520696e74657265737465642e2053656374696f6e7320312e31302e333220616e6420312e31302e33332066726f6d202264652046696e6962757320426f6e6f72756d206574204d616c6f72756d222062792043696365726f2061726520616c736f20726570726f647563656420696e207468656972206578616374206f726967696e616c20666f726d2c206163636f6d70616e69656420627920456e676c6973682076657273696f6e732066726f6d207468652031393134207472616e736c6174696f6e20627920482e205261636b68616d2e3c2f666f6e743e3c2f703e, 0, '2018-11-11 17:03:08', '2018-11-11 17:03:08');

-- --------------------------------------------------------

--
-- Table structure for table `hotel_imgs`
--

CREATE TABLE `hotel_imgs` (
  `id` int(11) NOT NULL,
  `hotel_id` int(11) DEFAULT NULL,
  `image` varchar(255) DEFAULT NULL,
  `created_at` timestamp NULL DEFAULT NULL,
  `updated_at` timestamp NULL DEFAULT NULL
) ENGINE=InnoDB DEFAULT CHARSET=latin1;

--
-- Dumping data for table `hotel_imgs`
--

INSERT INTO `hotel_imgs` (`id`, `hotel_id`, `image`, `created_at`, `updated_at`) VALUES
(22, 10, '5be7d8642910b.jpg', '2018-11-11 13:21:08', '2018-11-11 13:21:08'),
(23, 10, '5be7d8646929f.jpg', '2018-11-11 13:21:08', '2018-11-11 13:21:08'),
(24, 10, '5be7d8646fb11.jpg', '2018-11-11 13:21:08', '2018-11-11 13:21:08'),
(25, 9, '5be7d8afac37c.jpg', '2018-11-11 13:22:23', '2018-11-11 13:22:23'),
(26, 9, '5be7d8afcdbaf.jpg', '2018-11-11 13:22:23', '2018-11-11 13:22:23'),
(27, 8, '5be7d97069e02.jpg', '2018-11-11 13:25:36', '2018-11-11 13:25:36'),
(28, 8, '5be7d970aa185.jpg', '2018-11-11 13:25:36', '2018-11-11 13:25:36'),
(29, 8, '5be7d970b0f74.jpg', '2018-11-11 13:25:36', '2018-11-11 13:25:36'),
(30, 7, '5be7d9887ebc4.jpg', '2018-11-11 13:26:00', '2018-11-11 13:26:00'),
(31, 7, '5be7d988862d8.jpg', '2018-11-11 13:26:00', '2018-11-11 13:26:00'),
(32, 11, '5be80217aa0fa.jpg', '2018-11-11 16:19:03', '2018-11-11 16:19:03'),
(33, 11, '5be80217cd1d6.jpg', '2018-11-11 16:19:03', '2018-11-11 16:19:03'),
(34, 11, '5be80217d3b80.jpg', '2018-11-11 16:19:03', '2018-11-11 16:19:03'),
(35, 11, '5be80217da47c.jpg', '2018-11-11 16:19:03', '2018-11-11 16:19:03'),
(36, 11, '5be80217e1266.jpg', '2018-11-11 16:19:03', '2018-11-11 16:19:03'),
(37, 12, '5be803eaa4086.jpg', '2018-11-11 16:26:50', '2018-11-11 16:26:50'),
(38, 12, '5be803eac6baa.jpg', '2018-11-11 16:26:50', '2018-11-11 16:26:50'),
(39, 12, '5be803eacd5a6.jpg', '2018-11-11 16:26:50', '2018-11-11 16:26:50'),
(40, 12, '5be803ead4308.jpg', '2018-11-11 16:26:50', '2018-11-11 16:26:50'),
(41, 12, '5be803eadac89.jpg', '2018-11-11 16:26:50', '2018-11-11 16:26:50'),
(42, 13, '5be806c8721aa.jpg', '2018-11-11 16:39:04', '2018-11-11 16:39:04'),
(43, 13, '5be806c8ba143.jpg', '2018-11-11 16:39:04', '2018-11-11 16:39:04'),
(44, 13, '5be806c8c0f47.jpg', '2018-11-11 16:39:04', '2018-11-11 16:39:04'),
(45, 13, '5be806c8c7d94.jpg', '2018-11-11 16:39:04', '2018-11-11 16:39:04'),
(46, 13, '5be806c8ce97f.jpg', '2018-11-11 16:39:04', '2018-11-11 16:39:04'),
(47, 14, '5be80b0e61872.jpg', '2018-11-11 16:57:19', '2018-11-11 16:57:19'),
(48, 14, '5be80b0f0a211.jpg', '2018-11-11 16:57:19', '2018-11-11 16:57:19'),
(49, 14, '5be80b0f1105b.jpg', '2018-11-11 16:57:19', '2018-11-11 16:57:19'),
(50, 14, '5be80b0f178e9.jpg', '2018-11-11 16:57:19', '2018-11-11 16:57:19'),
(51, 14, '5be80b0f1e56b.jpg', '2018-11-11 16:57:19', '2018-11-11 16:57:19'),
(52, 15, '5be80c6c06ea5.jpg', '2018-11-11 17:03:08', '2018-11-11 17:03:08'),
(53, 15, '5be80c6c48108.jpg', '2018-11-11 17:03:08', '2018-11-11 17:03:08'),
(54, 15, '5be80c6c4ef91.jpg', '2018-11-11 17:03:08', '2018-11-11 17:03:08'),
(55, 15, '5be80c6c55c35.jpg', '2018-11-11 17:03:08', '2018-11-11 17:03:08'),
(56, 15, '5be80c6c5c1b4.jpg', '2018-11-11 17:03:08', '2018-11-11 17:03:08');

-- --------------------------------------------------------

--
-- Table structure for table `hotel_reviews`
--

CREATE TABLE `hotel_reviews` (
  `id` int(11) NOT NULL,
  `hotel_id` int(11) DEFAULT NULL,
  `user_id` int(11) DEFAULT NULL,
  `rating` varchar(255) DEFAULT NULL,
  `comment` text DEFAULT NULL,
  `created_at` timestamp NULL DEFAULT NULL,
  `updated_at` timestamp NULL DEFAULT NULL
) ENGINE=InnoDB DEFAULT CHARSET=latin1;

--
-- Dumping data for table `hotel_reviews`
--

INSERT INTO `hotel_reviews` (`id`, `hotel_id`, `user_id`, `rating`, `comment`, `created_at`, `updated_at`) VALUES
(1, 7, 6, '4.5', 'Lorem ipsum dolor sit amet, consectetur adipiscing elit. Phasellus bibendum massa non dictum aliquam. Suspendisse tristique erat nibh, a euismod nulla imperdiet ut. Suspendisse rhoncus eleifend fermentum.', '2018-09-20 05:54:07', '2018-09-20 05:54:07'),
(2, 7, 6, '3', 'Lorem ipsum dolor sit amet, consectetur adipiscing elit. Phasellus bibendum massa non dictum aliquam. Suspendisse tristique erat nibh.', '2018-09-20 05:55:11', '2018-09-20 05:55:11'),
(3, 7, 6, '5', 'Morbi eget pharetra augue, ac vehicula lacus. Duis mattis odio mauris, eget accumsan ante maximus non. Nulla commodo a nulla dapibus mollis. Quisque semper felis ac lorem consectetur fermentum sit amet eget quam. Donec blandit velit dolor, pulvinar mattis sapien blandit quis. Cras consequat leo augue, non facilisis quam semper nec.', '2018-09-20 05:55:30', '2018-09-20 05:55:30'),
(4, 7, 6, '4', 'Praesent bibendum rhoncus leo, id fringilla sem gravida sed. Praesent fringilla libero id enim hendrerit, ac malesuada dolor sodales. Donec rutrum blandit ornare. Cras condimentum felis enim, sed fermentum neque feugiat ut. Fusce ullamcorper posuere justo', '2018-09-20 05:56:24', '2018-09-20 05:56:24'),
(5, 8, 6, '4', 'Lorem ipsum dolor sit amet, consectetur adipiscing elit. Vestibulum et risus vel risus malesuada pulvinar non sit amet arcu. Aliquam erat volutpat.', '2018-09-23 07:12:29', '2018-09-23 07:12:29'),
(6, 8, 9, '4.5', 'great', '2018-10-07 00:03:59', '2018-10-07 00:03:59'),
(7, 8, 9, '3.5', 'chaliye jao', '2018-10-07 00:05:04', '2018-10-07 00:05:04'),
(9, 7, 6, '5', 'great', '2018-10-09 00:09:38', '2018-10-09 00:09:38'),
(13, 9, 6, '4', 'average', '2018-10-09 01:22:22', '2018-10-09 01:22:22'),
(14, 10, 11, '4.3', 'average', '2018-10-10 12:12:50', '2018-10-10 12:12:50');

-- --------------------------------------------------------

--
-- Table structure for table `lounges`
--

CREATE TABLE `lounges` (
  `id` int(11) NOT NULL,
  `name` varchar(255) DEFAULT NULL,
  `location` varchar(255) DEFAULT NULL,
  `price` varchar(255) DEFAULT NULL,
  `persons` int(11) DEFAULT NULL,
  `opening_hour` varchar(255) DEFAULT NULL,
  `closing_hour` varchar(255) DEFAULT NULL,
  `condition_of_entry` blob DEFAULT NULL,
  `overview` blob DEFAULT NULL,
  `hours` varchar(255) DEFAULT NULL,
  `a_hidden` int(3) NOT NULL DEFAULT 0,
  `created_at` timestamp NULL DEFAULT NULL,
  `updated_at` timestamp NULL DEFAULT NULL
) ENGINE=InnoDB DEFAULT CHARSET=latin1;

--
-- Dumping data for table `lounges`
--

INSERT INTO `lounges` (`id`, `name`, `location`, `price`, `persons`, `opening_hour`, `closing_hour`, `condition_of_entry`, `overview`, `hours`, `a_hidden`, `created_at`, `updated_at`) VALUES
(2, 'Birmingham Airport Aspire Lounge', 'Birmingham, England', '1500', 6, '8:00 AM', '5:00 PM', 0x3c7370616e207374796c653d22636f6c6f723a20726762283130322c203130322c20313032293b20666f6e742d66616d696c793a206d7573656f5f73616e733530302c20417269616c2c2048656c7665746963612c2073616e732d73657269663b20666f6e742d73697a653a20313770783b223e4d6178696d756d203320686f75722073746179266e6273703b3c2f7370616e3e3c6469763e3c7370616e207374796c653d22636f6c6f723a20726762283130322c203130322c20313032293b20666f6e742d66616d696c793a206d7573656f5f73616e733530302c20417269616c2c2048656c7665746963612c2073616e732d73657269663b20666f6e742d73697a653a20313770783b223ee280a2205469636b657465642070617373656e67657273206f6e6c79266e6273703b3c2f7370616e3e3c2f6469763e3c6469763e3c7370616e207374796c653d22636f6c6f723a20726762283130322c203130322c20313032293b20666f6e742d66616d696c793a206d7573656f5f73616e733530302c20417269616c2c2048656c7665746963612c2073616e732d73657269663b20666f6e742d73697a653a20313770783b223ee280a220416363657373206973207065726d6974746564203320686f757273207072696f7220746f207363686564756c656420666c6967687420646570617274757265266e6273703b3c2f7370616e3e3c2f6469763e3c6469763e3c7370616e207374796c653d22636f6c6f723a20726762283130322c203130322c20313032293b20666f6e742d66616d696c793a206d7573656f5f73616e733530302c20417269616c2c2048656c7665746963612c2073616e732d73657269663b20666f6e742d73697a653a20313770783b223ee280a220536d6172742063617375616c20647265737320617420616c6c2074696d6573266e6273703b3c2f7370616e3e3c2f6469763e3c6469763e3c7370616e207374796c653d22636f6c6f723a20726762283130322c203130322c20313032293b20666f6e742d66616d696c793a206d7573656f5f73616e733530302c20417269616c2c2048656c7665746963612c2073616e732d73657269663b20666f6e742d73697a653a20313770783b223ee280a2204e6f6e2d736d6f6b696e673c2f7370616e3e3c2f6469763e, 0x3c7370616e207374796c653d22636f6c6f723a20726762283130322c203130322c20313032293b20666f6e742d66616d696c793a206d7573656f5f73616e733530302c20417269616c2c2048656c7665746963612c2073616e732d73657269663b20666f6e742d73697a653a20313770783b223e50617373656e676572732063616e207365656b2072656675676520617420746869732068616e64736f6d65206c6f756e67653b206162756e64616e742077696e646f77732070726f7669646520706c656e7479206f66206e61747572616c206c696768742c206120706c656173696e672061746d6f73706865726520616e6420746872696c6c696e67207669657773206f66207468652072756e7761792e2054726176656c6c657273206665656c696e6720776f726e2077696c6c2077656c636f6d6520746865206368616e636520746f20656e6a6f79206120686f7420736f757020616e6420726f6c6c20616e6420627573696e6573732065786563757469766573206172652077656c6c20736572766564207769746820667265652057692d466920696e207468697320636c65616e2c206d6f6465726e2073657474696e672e3c2f7370616e3e, '2', 0, '2018-09-23 03:48:06', '2018-10-03 03:04:49'),
(3, 'Uttara Lounge', 'Uttara, Dhaka', '1200', 5, '9:00am', '5:00pm', 0x3c7374726f6e67207374796c653d226d617267696e3a203070783b2070616464696e673a203070783b20636f6c6f723a2072676228302c20302c2030293b20666f6e742d66616d696c793a202671756f743b4f70656e2053616e732671756f743b2c20417269616c2c2073616e732d73657269663b20746578742d616c69676e3a206a7573746966793b223e4c6f72656d20497073756d3c2f7374726f6e673e3c7370616e207374796c653d22636f6c6f723a2072676228302c20302c2030293b20666f6e742d66616d696c793a202671756f743b4f70656e2053616e732671756f743b2c20417269616c2c2073616e732d73657269663b20746578742d616c69676e3a206a7573746966793b223e266e6273703b69732073696d706c792064756d6d792074657874206f6620746865207072696e74696e6720616e64207479706573657474696e6720696e6475737472792e204c6f72656d20497073756d20686173206265656e2074686520696e6475737472792773207374616e646172642064756d6d79207465787420657665722073696e6365207468652031353030732c207768656e20616e20756e6b6e6f776e207072696e74657220746f6f6b20612067616c6c6579206f66207479706520616e6420736372616d626c656420697420746f206d616b65206120747970652073706563696d656e20626f6f6b2e20497420686173207375727669766564206e6f74206f6e6c7920666976652063656e7475726965732c2062757420616c736f20746865206c65617020696e746f20656c656374726f6e6963207479706573657474696e672c2072656d61696e696e6720657373656e7469616c6c7920756e6368616e6765643c2f7370616e3e, 0x3c7374726f6e67207374796c653d226d617267696e3a203070783b2070616464696e673a203070783b20636f6c6f723a2072676228302c20302c2030293b20666f6e742d66616d696c793a202671756f743b4f70656e2053616e732671756f743b2c20417269616c2c2073616e732d73657269663b20746578742d616c69676e3a206a7573746966793b223e4c6f72656d20497073756d3c2f7374726f6e673e3c7370616e207374796c653d22636f6c6f723a2072676228302c20302c2030293b20666f6e742d66616d696c793a202671756f743b4f70656e2053616e732671756f743b2c20417269616c2c2073616e732d73657269663b20746578742d616c69676e3a206a7573746966793b223e266e6273703b69732073696d706c792064756d6d792074657874206f6620746865207072696e74696e6720616e64207479706573657474696e6720696e6475737472792e204c6f72656d20497073756d20686173206265656e2074686520696e6475737472792773207374616e646172642064756d6d79207465787420657665722073696e6365207468652031353030732c207768656e20616e20756e6b6e6f776e207072696e74657220746f6f6b20612067616c6c6579206f66207479706520616e6420736372616d626c656420697420746f206d616b65206120747970652073706563696d656e20626f6f6b2e20497420686173207375727669766564206e6f74206f6e6c7920666976652063656e7475726965732c2062757420616c736f20746865206c65617020696e746f20656c656374726f6e6963207479706573657474696e672c2072656d61696e696e6720657373656e7469616c6c7920756e6368616e6765643c2f7370616e3e3c7374726f6e67207374796c653d226d617267696e3a203070783b2070616464696e673a203070783b20636f6c6f723a2072676228302c20302c2030293b20666f6e742d66616d696c793a202671756f743b4f70656e2053616e732671756f743b2c20417269616c2c2073616e732d73657269663b20746578742d616c69676e3a206a7573746966793b223e4c6f72656d20497073756d3c2f7374726f6e673e3c7370616e207374796c653d22636f6c6f723a2072676228302c20302c2030293b20666f6e742d66616d696c793a202671756f743b4f70656e2053616e732671756f743b2c20417269616c2c2073616e732d73657269663b20746578742d616c69676e3a206a7573746966793b223e266e6273703b69732073696d706c792064756d6d792074657874206f6620746865207072696e74696e6720616e64207479706573657474696e6720696e6475737472792e204c6f72656d20497073756d20686173206265656e2074686520696e6475737472792773207374616e646172642064756d6d79207465787420657665722073696e6365207468652031353030732c207768656e20616e20756e6b6e6f776e207072696e74657220746f6f6b20612067616c6c6579206f66207479706520616e6420736372616d626c656420697420746f206d616b65206120747970652073706563696d656e20626f6f6b2e20497420686173207375727669766564206e6f74206f6e6c7920666976652063656e7475726965732c2062757420616c736f20746865206c65617020696e746f20656c656374726f6e6963207479706573657474696e672c2072656d61696e696e6720657373656e7469616c6c7920756e6368616e6765643c2f7370616e3e, '3', 0, '2018-09-27 03:57:55', '2018-10-10 13:30:13'),
(4, 'Atomic Liquors', 'America', '1500', 8, '8:00am', '5:00pm', 0x3c7370616e207374796c653d22636f6c6f723a20726762283130302c203130302c20313030293b20666f6e742d66616d696c793a204c61746f2c2048656c7665746963612c20417269616c2c2073616e732d73657269663b223e3c666f6e742073697a653d2233223e546865206e616d652063616d652061626f757420696e2074686520e28098353073207768656e20637573746f6d65727320776f756c6420676f206f6e746f2074686520726f6f6620616e64207761746368207468652061746f6d696320626f6d627320676f206f666620617420746865204e657661646120546573742053697465203430206f72203530206d696c6573204e6f7274682e205468657920776f756c64207761746368207468656d206c696b652066697265776f726b732e3c2f666f6e743e3c2f7370616e3e, 0x3c666f6e742073697a653d2233223e3c7370616e207374796c653d22666f6e742d7765696768743a203730303b20636f6c6f723a2072676228302c20302c2030293b20666f6e742d66616d696c793a204c61746f2c2048656c7665746963612c20417269616c2c2073616e732d73657269663b223e526f7365205369676e6f72202867656e6572616c206d616e61676572293a266e6273703b3c2f7370616e3e3c7370616e207374796c653d22636f6c6f723a20726762283130302c203130302c20313030293b20666f6e742d66616d696c793a204c61746f2c2048656c7665746963612c20417269616c2c2073616e732d73657269663b223ee2809c546865206e616d652063616d652061626f757420696e2074686520e28098353073207768656e20637573746f6d65727320776f756c6420676f206f6e746f2074686520726f6f6620616e64207761746368207468652061746f6d696320626f6d627320676f206f666620617420746865204e657661646120546573742053697465203430206f72203530206d696c6573204e6f7274682e205468657920776f756c64207761746368207468656d206c696b652066697265776f726b732e2054686174e28099732074686520e2809841746f6d69632ee2809920417320666f7220e280984c6971756f72732ce2809920756e64657220746865207072696f72206f776e6572736869702c20697420776173206120626172266e6273703b3c2f7370616e3e3c656d207374796c653d22636f6c6f723a20726762283130302c203130302c20313030293b20666f6e742d66616d696c793a204c61746f2c2048656c7665746963612c20417269616c2c2073616e732d73657269663b223e616e643c2f656d3e3c7370616e207374796c653d22636f6c6f723a20726762283130302c203130302c20313030293b20666f6e742d66616d696c793a204c61746f2c2048656c7665746963612c20417269616c2c2073616e732d73657269663b223e266e6273703b61207061636b61676564206c6971756f722073746f72652e2050656f706c65207374696c6c2077616e64657220696e207468696e6b696e6720697427732061206c6971756f722073746f726520616c6c207468652074696d652e205765e280997265207374696c6c206772616e64666174686572656420696e746f20746865206c6963656e73652e2057652061637475616c6c7920686176652074686520736576656e7468206c6971756f72206c6963656e736520696e20616c6c206f66204c6173205665676173202d2d2074686520736978207072696f722061726520636173696e6f73202d2d206d616b696e6720757320746865206f6c646573742062617220696e2074686520636974792e205765e2809964206e65766572206368616e676520746865206e616d652e204974277320612070617274206f66204c617320566567617320686973746f72792e205765e280997265206576656e20706172746e65726564207769746820746865204e6174696f6e616c2041746f6d69632054657374696e67204d757365756d2ee2809d3c2f7370616e3e3c2f666f6e743e, '3', 0, '2018-10-06 00:46:53', '2018-10-06 00:46:53'),
(5, 'Lee Harveys', 'Sydney, Australia', '350', 4, '8:00am', '5:00pm', 0x3c666f6e742073697a653d2233223e3c7374726f6e67207374796c653d226d617267696e3a203070783b2070616464696e673a203070783b20636f6c6f723a2072676228302c20302c2030293b20666f6e742d66616d696c793a202671756f743b4f70656e2053616e732671756f743b2c20417269616c2c2073616e732d73657269663b20746578742d616c69676e3a206a7573746966793b223e4c6f72656d20497073756d3c2f7374726f6e673e3c7370616e207374796c653d22636f6c6f723a2072676228302c20302c2030293b20666f6e742d66616d696c793a202671756f743b4f70656e2053616e732671756f743b2c20417269616c2c2073616e732d73657269663b20746578742d616c69676e3a206a7573746966793b223e266e6273703b69732073696d706c792064756d6d792074657874206f6620746865207072696e74696e6720616e64207479706573657474696e6720696e6475737472792e204c6f72656d20497073756d20686173206265656e2074686520696e6475737472792773207374616e646172642064756d6d79207465787420657665722073696e6365207468652031353030732c207768656e20616e20756e6b6e6f776e207072696e74657220746f6f6b20612067616c6c6579206f66207479706520616e6420736372616d626c656420697420746f206d616b65206120747970652073706563696d656e20626f6f6b2e20497420686173207375727669766564206e6f74206f6e6c7920666976652063656e7475726965732c2062757420616c736f20746865206c65617020696e746f20656c656374726f6e6963207479706573657474696e672c2072656d61696e696e6720657373656e7469616c6c7920756e6368616e6765642e2049742077617320706f70756c61726973656420696e207468652031393630732077697468207468652072656c65617365206f66204c657472617365742073686565747320636f6e7461696e696e67204c6f72656d20497073756d2070617373616765732c20616e64206d6f726520726563656e746c792077697468206465736b746f70207075626c697368696e6720736f667477617265206c696b6520416c64757320506167654d616b657220696e636c7564696e672076657273696f6e73206f66204c6f72656d20497073756d2e3c2f7370616e3e3c2f666f6e743e, 0x3c666f6e742073697a653d2233223e3c7374726f6e67207374796c653d226d617267696e3a203070783b2070616464696e673a203070783b20636f6c6f723a2072676228302c20302c2030293b20666f6e742d66616d696c793a202671756f743b4f70656e2053616e732671756f743b2c20417269616c2c2073616e732d73657269663b20746578742d616c69676e3a206a7573746966793b223e4c6f72656d20497073756d3c2f7374726f6e673e3c7370616e207374796c653d22636f6c6f723a2072676228302c20302c2030293b20666f6e742d66616d696c793a202671756f743b4f70656e2053616e732671756f743b2c20417269616c2c2073616e732d73657269663b20746578742d616c69676e3a206a7573746966793b223e266e6273703b69732073696d706c792064756d6d792074657874206f6620746865207072696e74696e6720616e64207479706573657474696e6720696e6475737472792e204c6f72656d20497073756d20686173206265656e2074686520696e6475737472792773207374616e646172642064756d6d79207465787420657665722073696e6365207468652031353030732c207768656e20616e20756e6b6e6f776e207072696e74657220746f6f6b20612067616c6c6579206f66207479706520616e6420736372616d626c656420697420746f206d616b65206120747970652073706563696d656e20626f6f6b2e20497420686173207375727669766564206e6f74206f6e6c7920666976652063656e7475726965732c2062757420616c736f20746865206c65617020696e746f20656c656374726f6e6963207479706573657474696e672c2072656d61696e696e6720657373656e7469616c6c7920756e6368616e6765642e2049742077617320706f70756c61726973656420696e207468652031393630732077697468207468652072656c65617365206f66204c657472617365742073686565747320636f6e7461696e696e67204c6f72656d20497073756d2070617373616765732c20616e64206d6f726520726563656e746c792077697468206465736b746f70207075626c697368696e6720736f667477617265206c696b6520416c64757320506167654d616b657220696e636c7564696e672076657273696f6e73206f66204c6f72656d20497073756d2e266e6273703b3c2f7370616e3e3c2f666f6e743e3c7374726f6e67207374796c653d226d617267696e3a203070783b2070616464696e673a203070783b20636f6c6f723a2072676228302c20302c2030293b20666f6e742d66616d696c793a202671756f743b4f70656e2053616e732671756f743b2c20417269616c2c2073616e732d73657269663b20746578742d616c69676e3a206a7573746966793b223e4c6f72656d20497073756d3c2f7374726f6e673e3c7370616e207374796c653d22636f6c6f723a2072676228302c20302c2030293b20666f6e742d66616d696c793a202671756f743b4f70656e2053616e732671756f743b2c20417269616c2c2073616e732d73657269663b20746578742d616c69676e3a206a7573746966793b223e266e6273703b69732073696d706c792064756d6d792074657874206f6620746865207072696e74696e6720616e64207479706573657474696e6720696e6475737472792e204c6f72656d20497073756d20686173206265656e2074686520696e6475737472792773207374616e646172642064756d6d79207465787420657665722073696e6365207468652031353030732c207768656e20616e20756e6b6e6f776e207072696e74657220746f6f6b20612067616c6c6579206f66207479706520616e6420736372616d626c656420697420746f206d616b65206120747970652073706563696d656e20626f6f6b2e20497420686173207375727669766564206e6f74206f6e6c7920666976652063656e7475726965732c2062757420616c736f20746865206c65617020696e746f20656c656374726f6e6963207479706573657474696e672c2072656d61696e696e6720657373656e7469616c6c7920756e6368616e6765642e2049742077617320706f70756c61726973656420696e207468652031393630732077697468207468652072656c65617365206f66204c657472617365742073686565747320636f6e7461696e696e67204c6f72656d20497073756d2070617373616765732c20616e64206d6f726520726563656e746c792077697468206465736b746f70207075626c697368696e6720736f667477617265206c696b6520416c64757320506167654d616b657220696e636c7564696e672076657273696f6e73206f66204c6f72656d20497073756d2e3c2f7370616e3e, '3', 0, '2018-10-10 10:43:28', '2018-10-10 13:03:26'),
(6, 'Bengal Art Lounge', 'Panthapath, Dhaka', '1500', 5, '9:30am', '5:30pm', 0x3c70207374796c653d226d617267696e2d72696768743a203070783b206d617267696e2d626f74746f6d3a20323070783b206d617267696e2d6c6566743a203070783b20636f6c6f723a207267622838352c2038352c203835293b206c696e652d6865696768743a20312e3632656d3b20666f6e742d66616d696c793a202671756f743b4372696d736f6e20546578742671756f743b2c2073657269663b223e3c7370616e207374796c653d22636f6c6f723a2072676228302c20302c2030293b223e3c7374726f6e67207374796c653d22666f6e742d7765696768743a20626f6c643b223e3c666f6e742073697a653d2233223e54686520466f6c6c6f77696e6720436f6e646974696f6e73204170706c7920666f72207468652042656e67616c20417274204c6f756e67652c2048522053696e6861204c6f756e676520616e64205375726d61204c6f756e67653a3c2f666f6e743e3c2f7374726f6e673e3c2f7370616e3e3c2f703e3c756c3e3c6c693e4468616b6120436c756220647265737320636f6465206973206d616e6461746f727920666f7220616c6c206775657374732e20496e666f726d6174696f6e2072656c6174696e6720746f207072657363726962656420647265737320636f646520697320636f6d6d756e69636174656420746f2074686520686f737420616e642073747269637420636f6d706c69616e63652069732065787065637465642074686572656f662e3c62723e3c2f6c693e3c6c693e4368696c6472656e2062656c6f7720313820796561727320617265206e6f7420616c6c6f77656420696e20746865206576656e696e67207061727479206174207468652042656e67616c20417274206c6f756e67652065786365707420467269646179732e3c62723e3c2f6c693e3c6c693e4465636f726174696f6e732c2042616e6e6572732c2042756e74696e677320617265206e6f7420616c6c6f7765642e204675726e69747572652063616e6e6f742062652073686966746564206f72207265617272616e6765642e3c62723e3c2f6c693e3c6c693e507265737320636f6e666572656e63652f2073616c657320636f6e666572656e63652f20706f6c69746963616c206d656574696e6720616e6420616e79206d617272696167652072656c617465642066756e6374696f6e7320617265206e6f7420616c6c6f7765642e3c62723e3c2f6c693e3c6c693e507265737320636f766572616765206f6620616e79206576656e7420617420746865206c6f756e676520627920616e79207072696e742f656c656374726f6e6963206d65646961206973206e6f74207065726d69747465642e3c62723e3c2f6c693e3c2f756c3e, 0x3c70207374796c653d226d617267696e2d72696768743a203070783b206d617267696e2d626f74746f6d3a20323070783b206d617267696e2d6c6566743a203070783b20636f6c6f723a207267622838352c2038352c203835293b206c696e652d6865696768743a20312e3632656d3b20666f6e742d66616d696c793a202671756f743b4372696d736f6e20546578742671756f743b2c2073657269663b20746578742d616c69676e3a206a7573746966793b223e3c7370616e207374796c653d22636f6c6f723a2072676228302c20302c2030293b223e3c666f6e742073697a653d2233223e54686520616573746865746963616c6c7920706c656173696e672042656e67616c20417274204c6f756e67652069732061646f726e656420776974682072617265207061696e74696e67732c2070726f766964696e67206120756e697175656c792062656175746966756c20616e64207363656e696320666163696c69747920746f20616c6c20746865206d656d62657273206f662074686520636c756220666f7220686f7374696e67207072697661746520706172746965732e20546865206c6f756e67652063616e20686f7573652061206d6178696d756d206f662066696674792067756573747320636f6d666f727461626c792c20616e64206861732061646571756174652073706163696e6720666f7220626f746820736f6369616c697a696e6720616e642073657276696e672064696e6e65722e20546172696666206f6620746865206c6f756e676520697320546b2e31302c3030302e303020706572206576656e742e204d6178696d756d206e756d626572206f662067756573742069732035302e2049742069732061206e6f20736d6f6b696e67206c6f756e67652e3c2f666f6e743e3c2f7370616e3e3c2f703e3c70207374796c653d226d617267696e2d72696768743a203070783b206d617267696e2d626f74746f6d3a20323070783b206d617267696e2d6c6566743a203070783b20636f6c6f723a207267622838352c2038352c203835293b206c696e652d6865696768743a20312e3632656d3b20666f6e742d66616d696c793a202671756f743b4372696d736f6e20546578742671756f743b2c2073657269663b223e3c2f703e3c64697620636c6173733d226e67672d67616c6c6572796f76657276696577222069643d226e67672d67616c6c6572792d313130382d31393822207374796c653d226f766572666c6f773a2068696464656e3b206d617267696e2d746f703a20313070783b2077696474683a203834372e3570783b20636c6561723a20626f74683b20636f6c6f723a207267622835312c2035312c203531293b20666f6e742d66616d696c793a202671756f743b4372696d736f6e20546578742671756f743b2c2073657269663b223e3c6469762069643d226e67672d696d6167652d3232342220636c6173733d226e67672d67616c6c6572792d7468756d626e61696c2d626f7822207374796c653d22666c6f61743a206c6566743b206d617267696e2d72696768743a203570783b223e3c64697620636c6173733d226e67672d67616c6c6572792d7468756d626e61696c22207374796c653d22666c6f61743a206c6566743b20746578742d616c69676e3a2063656e7465723b223e3c6120687265663d22687474703a2f2f7777772e6468616b61636c75626c74642e636f6d2f77702d636f6e74656e742f67616c6c6572792f62656e67616c2d6172742d6c6f756e67652f62656e67616c2e6a706722207469746c653d22202220646174612d7372633d22687474703a2f2f7777772e6468616b61636c75626c74642e636f6d2f77702d636f6e74656e742f67616c6c6572792f62656e67616c2d6172742d6c6f756e67652f62656e67616c2e6a70672220646174612d7468756d626e61696c3d22687474703a2f2f7777772e6468616b61636c75626c74642e636f6d2f77702d636f6e74656e742f67616c6c6572792f62656e67616c2d6172742d6c6f756e67652f7468756d62732f7468756d62735f62656e67616c2e6a70672220646174612d696d6167652d69643d223232342220646174612d7469746c653d2242656e67616c20417274204c6f756e67652220646174612d6465736372697074696f6e3d222022207374796c653d22636f6c6f723a207267622835362c2035362c203536293b206f75746c696e653a206e6f6e653b223e3c666f6e742073697a653d2233223e3c696d67207469746c653d2242656e67616c20417274204c6f756e67652220616c743d2242656e67616c20417274204c6f756e676522207372633d22687474703a2f2f7777772e6468616b61636c75626c74642e636f6d2f77702d636f6e74656e742f67616c6c6572792f62656e67616c2d6172742d6c6f756e67652f7468756d62732f7468756d62735f62656e67616c2e6a7067222077696474683d2232363322206865696768743d2231393522207374796c653d22626f726465723a2031707820736f6c6964207267626128302c20302c20302c20302e31293b20646973706c61793a20626c6f636b3b206d617267696e3a203470782030707820347078203470783b2070616464696e673a203070783b20706f736974696f6e3a2072656c61746976653b223e3c2f666f6e743e3c2f613e3c2f6469763e3c6469763e3c62723e3c2f6469763e3c2f6469763e3c6469762069643d226e67672d696d6167652d3138352220636c6173733d226e67672d67616c6c6572792d7468756d626e61696c2d626f7822207374796c653d22666f6e742d73697a653a20313670783b20666c6f61743a206c6566743b206d617267696e2d72696768743a203570783b223e3c64697620636c6173733d226e67672d67616c6c6572792d7468756d626e61696c22207374796c653d22666c6f61743a206c6566743b20746578742d616c69676e3a2063656e7465723b223e3c6120687265663d22687474703a2f2f7777772e6468616b61636c75626c74642e636f6d2f77702d636f6e74656e742f67616c6c6572792f62656e67616c2d6172742d6c6f756e67652f30322e6a706722207469746c653d22202220646174612d7372633d22687474703a2f2f7777772e6468616b61636c75626c74642e636f6d2f77702d636f6e74656e742f67616c6c6572792f62656e67616c2d6172742d6c6f756e67652f30322e6a70672220646174612d7468756d626e61696c3d22687474703a2f2f7777772e6468616b61636c75626c74642e636f6d2f77702d636f6e74656e742f67616c6c6572792f62656e67616c2d6172742d6c6f756e67652f7468756d62732f7468756d62735f30322e6a70672220646174612d696d6167652d69643d223138352220646174612d7469746c653d2242656e67616c20417274204c6f756e67652220646174612d6465736372697074696f6e3d222022207374796c653d22636f6c6f723a207267622835362c2035362c203536293b206f75746c696e653a206e6f6e653b223e3c2f613e3c2f6469763e3c2f6469763e3c2f6469763e, '3', 0, '2018-11-11 15:30:13', '2018-11-11 15:30:13'),
(7, 'Hamidur Rahman Sinha Lounge', 'Dhanmondi, Dhaka', '2000', 7, '12:00pm', '8:00pm', 0x3c70207374796c653d226d617267696e2d72696768743a203070783b206d617267696e2d626f74746f6d3a20323070783b206d617267696e2d6c6566743a203070783b20636f6c6f723a207267622838352c2038352c203835293b20666f6e742d73697a653a20312e31656d3b206c696e652d6865696768743a20312e3632656d3b20666f6e742d66616d696c793a202671756f743b4372696d736f6e20546578742671756f743b2c2073657269663b223e3c7370616e207374796c653d22636f6c6f723a2072676228302c20302c2030293b223e3c7374726f6e67207374796c653d22666f6e742d7765696768743a20626f6c643b223e54686520466f6c6c6f77696e6720436f6e646974696f6e73204170706c7920666f72207468652042656e67616c20417274204c6f756e67652c2048522053696e6861204c6f756e676520616e64205375726d61204c6f756e67653a3c2f7374726f6e673e3c2f7370616e3e3c2f703e3c756c3e3c6c693e4468616b6120436c756220647265737320636f6465206973206d616e6461746f727920666f7220616c6c206775657374732e20496e666f726d6174696f6e2072656c6174696e6720746f207072657363726962656420647265737320636f646520697320636f6d6d756e69636174656420746f2074686520686f737420616e642073747269637420636f6d706c69616e63652069732065787065637465642074686572656f662e3c62723e3c2f6c693e3c6c693e4368696c6472656e2062656c6f7720313820796561727320617265206e6f7420616c6c6f77656420696e20746865206576656e696e67207061727479206174207468652042656e67616c20417274206c6f756e67652065786365707420467269646179732e3c62723e3c2f6c693e3c6c693e4465636f726174696f6e732c2042616e6e6572732c2042756e74696e677320617265206e6f7420616c6c6f7765642e204675726e69747572652063616e6e6f742062652073686966746564206f72207265617272616e6765642e3c62723e3c2f6c693e3c6c693e507265737320636f6e666572656e63652f2073616c657320636f6e666572656e63652f20706f6c69746963616c206d656574696e6720616e6420616e79206d617272696167652072656c617465642066756e6374696f6e7320617265206e6f7420616c6c6f7765642e3c62723e3c2f6c693e3c6c693e507265737320636f766572616765206f6620616e79206576656e7420617420746865206c6f756e676520627920616e79207072696e742f656c656374726f6e6963206d65646961206973206e6f74207065726d69747465642e3c62723e3c2f6c693e3c2f756c3e, 0x3c70207374796c653d226d617267696e2d72696768743a203070783b206d617267696e2d626f74746f6d3a20323070783b206d617267696e2d6c6566743a203070783b20636f6c6f723a207267622838352c2038352c203835293b206c696e652d6865696768743a20312e3632656d3b20666f6e742d66616d696c793a202671756f743b4372696d736f6e20546578742671756f743b2c2073657269663b20746578742d616c69676e3a206a7573746966793b223e3c7370616e207374796c653d22636f6c6f723a2072676228302c20302c2030293b223e3c666f6e742073697a653d2233223e54686520706c757368206c6f756e676520776974682069747320657863656c6c656e742064c3a9636f7220697320617661696c61626c6520666f72206578636c7573697665206c756e63682c20726563657074696f6e2c20636f636b7461696c206f722064696e6e65722e20546865206c61726765206c6f756e6765207769746820616c6c20697473206772616e6465757220616e642073757065726220616d6269656e63652070726f6d6973657320686f73706974616c697479206f66206120766572792068696768207374616e646172642e20546865206c6f756e676520616c736f20686173207468652061646465642061747472616374696f6e206f6620616e206f70656e20746572726163652e205468652048522053696e6861204c6f756e676520697320696465616c20666f722066616d696c792c20667269656e647320616e6420636f72706f72617465206775657374732e546172696666206f6620746865206c6f756e676520697320546b2e31352c3030302e303020706572206576656e742e204d6178696d756d206e756d626572206f66206775657374206973203130302e2049742069732061206e6f20736d6f6b696e67206c6f756e67652e3c2f666f6e743e3c2f7370616e3e3c2f703e3c70207374796c653d226d617267696e2d72696768743a203070783b206d617267696e2d626f74746f6d3a20323070783b206d617267696e2d6c6566743a203070783b20636f6c6f723a207267622838352c2038352c203835293b206c696e652d6865696768743a20312e3632656d3b20666f6e742d66616d696c793a202671756f743b4372696d736f6e20546578742671756f743b2c2073657269663b223e3c2f703e3c64697620636c6173733d226e67672d67616c6c6572796f76657276696577222069643d226e67672d67616c6c6572792d313131322d31393822207374796c653d226f766572666c6f773a2068696464656e3b206d617267696e2d746f703a20313070783b2077696474683a203834372e3570783b20636c6561723a20626f74683b20636f6c6f723a207267622835312c2035312c203531293b20666f6e742d66616d696c793a202671756f743b4372696d736f6e20546578742671756f743b2c2073657269663b223e3c6469762069643d226e67672d696d6167652d3138332220636c6173733d226e67672d67616c6c6572792d7468756d626e61696c2d626f7822207374796c653d22666c6f61743a206c6566743b206d617267696e2d72696768743a203570783b223e3c64697620636c6173733d226e67672d67616c6c6572792d7468756d626e61696c22207374796c653d22666c6f61743a206c6566743b20746578742d616c69676e3a2063656e7465723b223e3c6120687265663d22687474703a2f2f7777772e6468616b61636c75626c74642e636f6d2f77702d636f6e74656e742f67616c6c6572792f68616d696475722d7261686d616e2d73696e68612d6c6f756e67652f30342e6a706722207469746c653d22202220646174612d7372633d22687474703a2f2f7777772e6468616b61636c75626c74642e636f6d2f77702d636f6e74656e742f67616c6c6572792f68616d696475722d7261686d616e2d73696e68612d6c6f756e67652f30342e6a70672220646174612d7468756d626e61696c3d22687474703a2f2f7777772e6468616b61636c75626c74642e636f6d2f77702d636f6e74656e742f67616c6c6572792f68616d696475722d7261686d616e2d73696e68612d6c6f756e67652f7468756d62732f7468756d62735f30342e6a70672220646174612d696d6167652d69643d223138332220646174612d7469746c653d224820522053696e6861204c6f756e67652220646174612d6465736372697074696f6e3d222022207374796c653d22636f6c6f723a207267622835362c2035362c203536293b206f75746c696e653a206e6f6e653b223e3c666f6e742073697a653d2233223e3c696d67207469746c653d224820522053696e6861204c6f756e67652220616c743d224820522053696e6861204c6f756e676522207372633d22687474703a2f2f7777772e6468616b61636c75626c74642e636f6d2f77702d636f6e74656e742f67616c6c6572792f68616d696475722d7261686d616e2d73696e68612d6c6f756e67652f7468756d62732f7468756d62735f30342e6a7067222077696474683d2232363322206865696768743d2231393522207374796c653d22626f726465723a2031707820736f6c6964207267626128302c20302c20302c20302e31293b20646973706c61793a20626c6f636b3b206d617267696e3a203470782030707820347078203470783b2070616464696e673a203070783b20706f736974696f6e3a2072656c61746976653b223e3c2f666f6e743e3c2f613e3c2f6469763e3c2f6469763e3c6469762069643d226e67672d696d6167652d3138322220636c6173733d226e67672d67616c6c6572792d7468756d626e61696c2d626f7822207374796c653d22666c6f61743a206c6566743b206d617267696e2d72696768743a203570783b223e3c64697620636c6173733d226e67672d67616c6c6572792d7468756d626e61696c22207374796c653d22666c6f61743a206c6566743b20746578742d616c69676e3a2063656e7465723b223e3c6120687265663d22687474703a2f2f7777772e6468616b61636c75626c74642e636f6d2f77702d636f6e74656e742f67616c6c6572792f68616d696475722d7261686d616e2d73696e68612d6c6f756e67652f30332e6a706722207469746c653d22202220646174612d7372633d22687474703a2f2f7777772e6468616b61636c75626c74642e636f6d2f77702d636f6e74656e742f67616c6c6572792f68616d696475722d7261686d616e2d73696e68612d6c6f756e67652f30332e6a70672220646174612d7468756d626e61696c3d22687474703a2f2f7777772e6468616b61636c75626c74642e636f6d2f77702d636f6e74656e742f67616c6c6572792f68616d696475722d7261686d616e2d73696e68612d6c6f756e67652f7468756d62732f7468756d62735f30332e6a70672220646174612d696d6167652d69643d223138322220646174612d7469746c653d224820522053696e6861204c6f756e67652220646174612d6465736372697074696f6e3d222022207374796c653d22636f6c6f723a2072676228302c20302c2030293b20746578742d6465636f726174696f6e2d6c696e653a20756e6465726c696e653b206f75746c696e653a203070783b223e3c666f6e742073697a653d2233223e3c696d67207469746c653d224820522053696e6861204c6f756e67652220616c743d224820522053696e6861204c6f756e676522207372633d22687474703a2f2f7777772e6468616b61636c75626c74642e636f6d2f77702d636f6e74656e742f67616c6c6572792f68616d696475722d7261686d616e2d73696e68612d6c6f756e67652f7468756d62732f7468756d62735f30332e6a7067222077696474683d2232363322206865696768743d2231393522207374796c653d22626f726465723a2031707820736f6c696420726762283232342c203138372c20313039293b206261636b67726f756e642d636f6c6f723a20726762283136392c203136392c20313639293b20646973706c61793a20626c6f636b3b206d617267696e3a203470782030707820347078203470783b2070616464696e673a203070783b20706f736974696f6e3a2072656c61746976653b223e3c2f666f6e743e3c2f613e3c2f6469763e3c2f6469763e3c2f6469763e, '2', 0, '2018-11-11 15:38:13', '2018-11-11 15:38:13'),
(8, 'Main Lounge', 'Gulshan, Dhaka', '2500', 8, '8:30am', '4:30pm', 0x3c70207374796c653d226d617267696e2d72696768743a203070783b206d617267696e2d626f74746f6d3a20323070783b206d617267696e2d6c6566743a203070783b20636f6c6f723a207267622838352c2038352c203835293b206c696e652d6865696768743a20312e3632656d3b20666f6e742d66616d696c793a202671756f743b4372696d736f6e20546578742671756f743b2c2073657269663b223e3c7370616e207374796c653d22636f6c6f723a2072676228302c20302c2030293b223e3c7374726f6e67207374796c653d22666f6e742d7765696768743a20626f6c643b223e3c666f6e742073697a653d2233223e54686520466f6c6c6f77696e6720436f6e646974696f6e73204170706c7920666f72207468652042656e67616c20417274204c6f756e67652c2048522053696e6861204c6f756e676520616e64205375726d61204c6f756e67653a3c2f666f6e743e3c2f7374726f6e673e3c2f7370616e3e3c2f703e3c756c3e3c6c693e4468616b6120436c756220647265737320636f6465206973206d616e6461746f727920666f7220616c6c206775657374732e20496e666f726d6174696f6e2072656c6174696e6720746f207072657363726962656420647265737320636f646520697320636f6d6d756e69636174656420746f2074686520686f737420616e642073747269637420636f6d706c69616e63652069732065787065637465642074686572656f662e3c62723e3c2f6c693e3c6c693e4368696c6472656e2062656c6f7720313820796561727320617265206e6f7420616c6c6f77656420696e20746865206576656e696e67207061727479206174207468652042656e67616c20417274206c6f756e67652065786365707420467269646179732e3c62723e3c2f6c693e3c6c693e4465636f726174696f6e732c2042616e6e6572732c2042756e74696e677320617265206e6f7420616c6c6f7765642e204675726e69747572652063616e6e6f742062652073686966746564206f72207265617272616e6765642e3c62723e3c2f6c693e3c6c693e507265737320636f6e666572656e63652f2073616c657320636f6e666572656e63652f20706f6c69746963616c206d656574696e6720616e6420616e79206d617272696167652072656c617465642066756e6374696f6e7320617265206e6f7420616c6c6f7765642e3c62723e3c2f6c693e3c6c693e507265737320636f766572616765206f6620616e79206576656e7420617420746865206c6f756e676520627920616e79207072696e742f656c656374726f6e6963206d65646961206973206e6f74207065726d69747465642e3c62723e3c2f6c693e3c2f756c3e, 0x3c70207374796c653d226d617267696e2d72696768743a203070783b206d617267696e2d626f74746f6d3a20323070783b206d617267696e2d6c6566743a203070783b20636f6c6f723a207267622838352c2038352c203835293b206c696e652d6865696768743a20312e3632656d3b20666f6e742d66616d696c793a202671756f743b4372696d736f6e20546578742671756f743b2c2073657269663b20746578742d616c69676e3a206a7573746966793b223e3c666f6e742073697a653d2233223e546865204d61696e204c6f756e6765206f662074686520436c756220697320616e20696465616c20706c61636520666f72206d656d626572732c2066616d696c7920616e6420667269656e647320746f2072656c617820696e20636f6d666f727461626c6520616e642061657374686574696320737572726f756e64696e677320616e642065786368616e6765206f70696e696f6e7320616e6420616e616c79736973206f662063757272656e74206576656e74732e20546865204d61696e204c6f756e676520726567756c61726c7920706c61797320686f737420746f206c69766520656e7465727461696e6d656e742066726f6d20736f6d65206f6620746865206d6f737420706f70756c61722062616e647320696e20746f776e2c2063756c747572616c2073686f77732c2062616c6c7320616e642064696e6e657220706172746965732e20546865204d61696e204c6f756e676520697320616c736f2077686572652074686520416e6e75616c2047656e6572616c204d656574696e672074616b657320706c6163652e3c2f666f6e743e3c2f703e3c70207374796c653d226d617267696e2d72696768743a203070783b206d617267696e2d626f74746f6d3a20323070783b206d617267696e2d6c6566743a203070783b20636f6c6f723a207267622838352c2038352c203835293b206c696e652d6865696768743a20312e3632656d3b20666f6e742d66616d696c793a202671756f743b4372696d736f6e20546578742671756f743b2c2073657269663b223e3c2f703e3c64697620636c6173733d226e67672d67616c6c6572796f76657276696577222069643d226e67672d67616c6c6572792d313130362d31393822207374796c653d226f766572666c6f773a2068696464656e3b206d617267696e2d746f703a20313070783b2077696474683a203834372e3570783b20636c6561723a20626f74683b20636f6c6f723a207267622835312c2035312c203531293b20666f6e742d66616d696c793a202671756f743b4372696d736f6e20546578742671756f743b2c2073657269663b223e3c6469762069643d226e67672d696d6167652d3137392220636c6173733d226e67672d67616c6c6572792d7468756d626e61696c2d626f7822207374796c653d22666c6f61743a206c6566743b206d617267696e2d72696768743a203570783b223e3c64697620636c6173733d226e67672d67616c6c6572792d7468756d626e61696c22207374796c653d22666c6f61743a206c6566743b20746578742d616c69676e3a2063656e7465723b223e3c6120687265663d22687474703a2f2f7777772e6468616b61636c75626c74642e636f6d2f77702d636f6e74656e742f67616c6c6572792f6d61696e2d6c6f756e67652f30322e6a706722207469746c653d22202220646174612d7372633d22687474703a2f2f7777772e6468616b61636c75626c74642e636f6d2f77702d636f6e74656e742f67616c6c6572792f6d61696e2d6c6f756e67652f30322e6a70672220646174612d7468756d626e61696c3d22687474703a2f2f7777772e6468616b61636c75626c74642e636f6d2f77702d636f6e74656e742f67616c6c6572792f6d61696e2d6c6f756e67652f7468756d62732f7468756d62735f30322e6a70672220646174612d696d6167652d69643d223137392220646174612d7469746c653d224d61696e204c6f756e67652220646174612d6465736372697074696f6e3d222022207374796c653d22636f6c6f723a207267622835362c2035362c203536293b206f75746c696e653a206e6f6e653b223e3c666f6e742073697a653d2233223e3c696d67207469746c653d224d61696e204c6f756e67652220616c743d224d61696e204c6f756e676522207372633d22687474703a2f2f7777772e6468616b61636c75626c74642e636f6d2f77702d636f6e74656e742f67616c6c6572792f6d61696e2d6c6f756e67652f7468756d62732f7468756d62735f30322e6a7067222077696474683d2232363322206865696768743d2231393522207374796c653d22626f726465723a2031707820736f6c6964207267626128302c20302c20302c20302e31293b20646973706c61793a20626c6f636b3b206d617267696e3a203470782030707820347078203470783b2070616464696e673a203070783b20706f736974696f6e3a2072656c61746976653b223e3c2f666f6e743e3c2f613e3c2f6469763e3c2f6469763e3c6469762069643d226e67672d696d6167652d3137382220636c6173733d226e67672d67616c6c6572792d7468756d626e61696c2d626f7822207374796c653d22666c6f61743a206c6566743b206d617267696e2d72696768743a203570783b223e3c64697620636c6173733d226e67672d67616c6c6572792d7468756d626e61696c22207374796c653d22666c6f61743a206c6566743b20746578742d616c69676e3a2063656e7465723b223e3c6120687265663d22687474703a2f2f7777772e6468616b61636c75626c74642e636f6d2f77702d636f6e74656e742f67616c6c6572792f6d61696e2d6c6f756e67652f30312e6a706722207469746c653d22202220646174612d7372633d22687474703a2f2f7777772e6468616b61636c75626c74642e636f6d2f77702d636f6e74656e742f67616c6c6572792f6d61696e2d6c6f756e67652f30312e6a70672220646174612d7468756d626e61696c3d22687474703a2f2f7777772e6468616b61636c75626c74642e636f6d2f77702d636f6e74656e742f67616c6c6572792f6d61696e2d6c6f756e67652f7468756d62732f7468756d62735f30312e6a70672220646174612d696d6167652d69643d223137382220646174612d7469746c653d224d61696e204c6f756e67652220646174612d6465736372697074696f6e3d222022207374796c653d22636f6c6f723a2072676228302c20302c2030293b20746578742d6465636f726174696f6e2d6c696e653a20756e6465726c696e653b206f75746c696e653a203070783b223e3c666f6e742073697a653d2233223e3c696d67207469746c653d224d61696e204c6f756e67652220616c743d224d61696e204c6f756e676522207372633d22687474703a2f2f7777772e6468616b61636c75626c74642e636f6d2f77702d636f6e74656e742f67616c6c6572792f6d61696e2d6c6f756e67652f7468756d62732f7468756d62735f30312e6a7067222077696474683d2232363322206865696768743d2231393522207374796c653d22626f726465723a2031707820736f6c696420726762283232342c203138372c20313039293b206261636b67726f756e642d636f6c6f723a20726762283136392c203136392c20313639293b20646973706c61793a20626c6f636b3b206d617267696e3a203470782030707820347078203470783b2070616464696e673a203070783b20706f736974696f6e3a2072656c61746976653b223e3c2f666f6e743e3c2f613e3c2f6469763e3c2f6469763e3c2f6469763e, '3', 0, '2018-11-11 15:43:05', '2018-11-11 15:43:05'),
(9, 'Surma Lounge', 'Banani, Dhaka', '1000', 6, '11:00am', '7:30pm', 0x3c70207374796c653d226d617267696e2d72696768743a203070783b206d617267696e2d626f74746f6d3a20323070783b206d617267696e2d6c6566743a203070783b20636f6c6f723a207267622838352c2038352c203835293b206c696e652d6865696768743a20312e3632656d3b20666f6e742d66616d696c793a202671756f743b4372696d736f6e20546578742671756f743b2c2073657269663b223e3c7370616e207374796c653d22636f6c6f723a2072676228302c20302c2030293b223e3c7374726f6e67207374796c653d22666f6e742d7765696768743a20626f6c643b223e3c666f6e742073697a653d2233223e266e6273703b54686520466f6c6c6f77696e6720436f6e646974696f6e73204170706c7920666f72207468652042656e67616c20417274204c6f756e67652c2048522053696e6861204c6f756e676520616e64205375726d61204c6f756e67653a3c2f666f6e743e3c2f7374726f6e673e3c2f7370616e3e3c2f703e3c756c3e3c6c693e4468616b6120436c756220647265737320636f6465206973206d616e6461746f727920666f7220616c6c206775657374732e20496e666f726d6174696f6e2072656c6174696e6720746f207072657363726962656420647265737320636f646520697320636f6d6d756e69636174656420746f2074686520686f737420616e642073747269637420636f6d706c69616e63652069732065787065637465642074686572656f662e3c62723e3c2f6c693e3c6c693e4368696c6472656e2062656c6f7720313820796561727320617265206e6f7420616c6c6f77656420696e20746865206576656e696e67207061727479206174207468652042656e67616c20417274206c6f756e67652065786365707420467269646179732e3c62723e3c2f6c693e3c6c693e4465636f726174696f6e732c2042616e6e6572732c2042756e74696e677320617265206e6f7420616c6c6f7765642e204675726e69747572652063616e6e6f742062652073686966746564206f72207265617272616e6765642e3c62723e3c2f6c693e3c6c693e507265737320636f6e666572656e63652f2073616c657320636f6e666572656e63652f20706f6c69746963616c206d656574696e6720616e6420616e79206d617272696167652072656c617465642066756e6374696f6e7320617265206e6f7420616c6c6f7765642e3c62723e3c2f6c693e3c6c693e507265737320636f766572616765206f6620616e79206576656e7420617420746865206c6f756e676520627920616e79207072696e742f656c656374726f6e6963206d65646961206973206e6f74207065726d69747465642e3c62723e3c2f6c693e3c2f756c3e, 0x3c70207374796c653d226d617267696e2d72696768743a203070783b206d617267696e2d626f74746f6d3a20323070783b206d617267696e2d6c6566743a203070783b20636f6c6f723a207267622838352c2038352c203835293b206c696e652d6865696768743a20312e3632656d3b20666f6e742d66616d696c793a202671756f743b4372696d736f6e20546578742671756f743b2c2073657269663b20746578742d616c69676e3a206a7573746966793b223e3c7370616e207374796c653d22636f6c6f723a2072676228302c20302c2030293b223e3c666f6e742073697a653d2233223e546865205375726d61204c6f756e6765206973206120636f7a792061726561206f66666572696e67207472616e7175696c69747920616e64207072697661637920666f7220696e74696d617465206d6f6d656e7473207769746820636c6f736520667269656e64732e20496e747269636174656c79206675726e697368656420616e642062656175746966756c6c79206c69742c20746865206c6f756e67652063616e207365617420313520746f2032302070656f706c6520636f6d666f727461626c7920666f72206d656d626572732077686f20776f756c642070726566657220746f2068617665206120736d616c6c65722c2071756965746572206166666169722e546172696666206f6620746865206c6f756e676520697320546b2e313530302e303020706572206576656e742e3c62723e3c2f666f6e743e3c2f7370616e3e3c2f703e3c70207374796c653d226d617267696e2d72696768743a203070783b206d617267696e2d626f74746f6d3a20323070783b206d617267696e2d6c6566743a203070783b20636f6c6f723a207267622838352c2038352c203835293b206c696e652d6865696768743a20312e3632656d3b20666f6e742d66616d696c793a202671756f743b4372696d736f6e20546578742671756f743b2c2073657269663b20746578742d616c69676e3a206a7573746966793b223e3c2f703e3c64697620636c6173733d226e67672d67616c6c6572796f76657276696577222069643d226e67672d67616c6c6572792d313131352d31393822207374796c653d226f766572666c6f773a2068696464656e3b206d617267696e2d746f703a20313070783b2077696474683a203834372e3570783b20636c6561723a20626f74683b20636f6c6f723a207267622835312c2035312c203531293b20666f6e742d66616d696c793a202671756f743b4372696d736f6e20546578742671756f743b2c2073657269663b223e3c6469762069643d226e67672d696d6167652d3138372220636c6173733d226e67672d67616c6c6572792d7468756d626e61696c2d626f7822207374796c653d22666c6f61743a206c6566743b206d617267696e2d72696768743a203570783b223e3c64697620636c6173733d226e67672d67616c6c6572792d7468756d626e61696c22207374796c653d22666c6f61743a206c6566743b20746578742d616c69676e3a2063656e7465723b223e3c6120687265663d22687474703a2f2f7777772e6468616b61636c75626c74642e636f6d2f77702d636f6e74656e742f67616c6c6572792f7375726d612d6c6f756e67652f30322e6a706722207469746c653d22202220646174612d7372633d22687474703a2f2f7777772e6468616b61636c75626c74642e636f6d2f77702d636f6e74656e742f67616c6c6572792f7375726d612d6c6f756e67652f30322e6a70672220646174612d7468756d626e61696c3d22687474703a2f2f7777772e6468616b61636c75626c74642e636f6d2f77702d636f6e74656e742f67616c6c6572792f7375726d612d6c6f756e67652f7468756d62732f7468756d62735f30322e6a70672220646174612d696d6167652d69643d223138372220646174612d7469746c653d225375726d61204c6f756e67652220646174612d6465736372697074696f6e3d222022207374796c653d22636f6c6f723a207267622835362c2035362c203536293b206f75746c696e653a206e6f6e653b223e3c666f6e742073697a653d2233223e3c696d67207469746c653d225375726d61204c6f756e67652220616c743d225375726d61204c6f756e676522207372633d22687474703a2f2f7777772e6468616b61636c75626c74642e636f6d2f77702d636f6e74656e742f67616c6c6572792f7375726d612d6c6f756e67652f7468756d62732f7468756d62735f30322e6a7067222077696474683d2232363322206865696768743d2231393522207374796c653d22626f726465723a2031707820736f6c6964207267626128302c20302c20302c20302e31293b20646973706c61793a20626c6f636b3b206d617267696e3a203470782030707820347078203470783b2070616464696e673a203070783b20706f736974696f6e3a2072656c61746976653b223e3c2f666f6e743e3c2f613e3c2f6469763e3c2f6469763e3c6469762069643d226e67672d696d6167652d3138362220636c6173733d226e67672d67616c6c6572792d7468756d626e61696c2d626f7822207374796c653d22666c6f61743a206c6566743b206d617267696e2d72696768743a203570783b223e3c64697620636c6173733d226e67672d67616c6c6572792d7468756d626e61696c22207374796c653d22666c6f61743a206c6566743b20746578742d616c69676e3a2063656e7465723b223e3c6120687265663d22687474703a2f2f7777772e6468616b61636c75626c74642e636f6d2f77702d636f6e74656e742f67616c6c6572792f7375726d612d6c6f756e67652f30312e6a706722207469746c653d22202220646174612d7372633d22687474703a2f2f7777772e6468616b61636c75626c74642e636f6d2f77702d636f6e74656e742f67616c6c6572792f7375726d612d6c6f756e67652f30312e6a70672220646174612d7468756d626e61696c3d22687474703a2f2f7777772e6468616b61636c75626c74642e636f6d2f77702d636f6e74656e742f67616c6c6572792f7375726d612d6c6f756e67652f7468756d62732f7468756d62735f30312e6a70672220646174612d696d6167652d69643d223138362220646174612d7469746c653d225375726d61204c6f756e67652220646174612d6465736372697074696f6e3d222022207374796c653d22636f6c6f723a2072676228302c20302c2030293b20746578742d6465636f726174696f6e2d6c696e653a20756e6465726c696e653b206f75746c696e653a203070783b223e3c666f6e742073697a653d2233223e3c696d67207469746c653d225375726d61204c6f756e67652220616c743d225375726d61204c6f756e676522207372633d22687474703a2f2f7777772e6468616b61636c75626c74642e636f6d2f77702d636f6e74656e742f67616c6c6572792f7375726d612d6c6f756e67652f7468756d62732f7468756d62735f30312e6a7067222077696474683d2232363322206865696768743d2231393522207374796c653d22626f726465723a2031707820736f6c696420726762283232342c203138372c20313039293b206261636b67726f756e642d636f6c6f723a20726762283136392c203136392c20313639293b20646973706c61793a20626c6f636b3b206d617267696e3a203470782030707820347078203470783b2070616464696e673a203070783b20706f736974696f6e3a2072656c61746976653b223e3c2f666f6e743e3c2f613e3c2f6469763e3c2f6469763e3c2f6469763e, '3', 0, '2018-11-11 15:45:10', '2018-11-11 15:45:10');
INSERT INTO `lounges` (`id`, `name`, `location`, `price`, `persons`, `opening_hour`, `closing_hour`, `condition_of_entry`, `overview`, `hours`, `a_hidden`, `created_at`, `updated_at`) VALUES
(10, 'Fat Angel', 'Baridhara, Dhaka', '2500', 7, '12:00pm', '7:00pm', 0x3c70207374796c653d226d617267696e2d72696768743a203070783b206d617267696e2d626f74746f6d3a20323070783b206d617267696e2d6c6566743a203070783b20636f6c6f723a207267622838352c2038352c203835293b206c696e652d6865696768743a20312e3632656d3b20666f6e742d66616d696c793a202671756f743b4372696d736f6e20546578742671756f743b2c2073657269663b223e3c7370616e207374796c653d22636f6c6f723a2072676228302c20302c2030293b223e3c7374726f6e67207374796c653d22666f6e742d7765696768743a20626f6c643b223e3c666f6e742073697a653d2233223e266e6273703b54686520466f6c6c6f77696e6720436f6e646974696f6e73204170706c7920666f72207468652042656e67616c20417274204c6f756e67652c2048522053696e6861204c6f756e676520616e64205375726d61204c6f756e67653a3c2f666f6e743e3c2f7374726f6e673e3c2f7370616e3e3c2f703e3c756c3e3c6c693e4468616b6120436c756220647265737320636f6465206973206d616e6461746f727920666f7220616c6c206775657374732e20496e666f726d6174696f6e2072656c6174696e6720746f207072657363726962656420647265737320636f646520697320636f6d6d756e69636174656420746f2074686520686f737420616e642073747269637420636f6d706c69616e63652069732065787065637465642074686572656f662e3c62723e3c2f6c693e3c6c693e4368696c6472656e2062656c6f7720313820796561727320617265206e6f7420616c6c6f77656420696e20746865206576656e696e67207061727479206174207468652042656e67616c20417274206c6f756e67652065786365707420467269646179732e3c62723e3c2f6c693e3c6c693e4465636f726174696f6e732c2042616e6e6572732c2042756e74696e677320617265206e6f7420616c6c6f7765642e204675726e69747572652063616e6e6f742062652073686966746564206f72207265617272616e6765642e3c62723e3c2f6c693e3c6c693e507265737320636f6e666572656e63652f2073616c657320636f6e666572656e63652f20706f6c69746963616c206d656574696e6720616e6420616e79206d617272696167652072656c617465642066756e6374696f6e7320617265206e6f7420616c6c6f7765642e3c62723e3c2f6c693e3c6c693e507265737320636f766572616765206f6620616e79206576656e7420617420746865206c6f756e676520627920616e79207072696e742f656c656374726f6e6963206d65646961206973206e6f74207065726d69747465642e3c2f6c693e3c2f756c3e, 0x3c7370616e207374796c653d22666f6e742d7765696768743a203730303b20636f6c6f723a2072676228302c20302c2030293b20666f6e742d66616d696c793a204c61746f2c2048656c7665746963612c20417269616c2c2073616e732d73657269663b20666f6e742d73697a653a20313770783b223e4a61736f6e204b69726d73652028636f2d6f776e6572293a3c2f7370616e3e3c7370616e207374796c653d22636f6c6f723a20726762283130302c203130302c20313030293b20666f6e742d66616d696c793a204c61746f2c2048656c7665746963612c20417269616c2c2073616e732d73657269663b20666f6e742d73697a653a20313770783b223e266e6273703be2809c57652068616420686f706573206f66206f70656e696e67206120747261646974696f6e616c204368696e6573652068616e642d70756c6c6564206e6f6f646c652073686f702e266e6273703b28436f2d6f776e6572292043797269636b20486961206b6e6577206f662061206e6f6f646c65206d617374657220696e2074686520746f776e206f66205461697368616e20696e2074686520536f75746865726e204775616e67646f6e672070726f76696e63652077686f20686520686164206265656e207669736974696e67206f6e2068697320796561726c7920747269707320746f204368696e612e266e6273703b57652064656369646564206865e280996420626520746865206e6f6f646c65206368656620736f2077652077656e7420746f204368696e6120666f722061206d6f6e74682c20636f757274696e672068696d20746f20636f6d65206261636b20616e64206f70656e2075702073686f7020696e2053462e2041667465722074687265652074726970732c20616e20696d6d6967726174696f6e206174746f726e65792c20616e642061207265616c6c7920626164207669736120696e746572766965772c20746865206e6f6f646c652063686566207761732064656e6965642068697320676f6c64656e207469636b657420616e642077652063616d65206261636b20656d7074792068616e6465642e2041732077652077657265206f6e207468652077617920746f2074686520616972706f72742c2043797269636b206e6f74696365642061206372616e652074616b696e672061207369676e20646f776e206f66662061206275696c64696e672074686174207361696420e28098e88396e5a4a9e4bdbfe28099206f7220e2809870c3a06e67207469c4816e7368c7902ce28099207768696368206d65616e7320e2809866617420616e67656c2ee2809920536f2077652064656369646564207468617420776f756c6420626520746865206e616d65206f6620706c616e20423a2061206265657220616e642077696e6520626172206e616d65642046617420416e67656c2ee2809d3c2f7370616e3e, '2', 0, '2018-11-11 15:51:46', '2018-11-11 15:51:46');

-- --------------------------------------------------------

--
-- Table structure for table `lounge_bookings`
--

CREATE TABLE `lounge_bookings` (
  `id` int(11) NOT NULL,
  `lounge_id` int(11) DEFAULT NULL,
  `user_id` int(11) DEFAULT NULL,
  `checkin_date` varchar(255) DEFAULT NULL,
  `checkin_time` varchar(255) DEFAULT NULL,
  `persons` int(11) DEFAULT NULL,
  `status` int(3) NOT NULL DEFAULT 0,
  `message` text DEFAULT NULL,
  `created_at` timestamp NULL DEFAULT NULL,
  `updated_at` timestamp NULL DEFAULT NULL
) ENGINE=InnoDB DEFAULT CHARSET=latin1;

--
-- Dumping data for table `lounge_bookings`
--

INSERT INTO `lounge_bookings` (`id`, `lounge_id`, `user_id`, `checkin_date`, `checkin_time`, `persons`, `status`, `message`, `created_at`, `updated_at`) VALUES
(2, 3, 6, '10/08/2018', '10:00am', 2, 0, 'There are many variations of passages of Lorem Ipsum available, but the majority have suffered alteration in some form, by injected humour', '2018-09-27 07:04:04', '2018-10-08 06:42:33'),
(3, 3, 9, '10/15/2018', '10:30am', 4, 0, NULL, '2018-10-04 03:33:01', '2018-10-04 04:19:26'),
(4, 2, 6, '10/17/2018', '9:30am', 2, -1, 'It is a long established fact that a reader will be distracted by the readable content of a page when looking at its layout.', '2018-10-06 00:41:44', '2018-11-12 18:22:03'),
(5, 4, 6, '10/12/2018', '9:00am', 5, 0, NULL, '2018-10-06 00:47:19', '2018-10-10 10:59:51'),
(6, 3, 6, '10/22/2018', '10:00am', 3, 0, NULL, '2018-10-07 03:36:26', '2018-10-07 03:36:26'),
(7, 3, 6, '10/23/2018', '10:30am', 3, 0, NULL, '2018-10-07 03:37:32', '2018-10-09 17:36:46'),
(8, 3, 6, '10/23/2018', '10:00am', 2, 0, NULL, '2018-10-07 03:39:10', '2018-10-07 05:39:32'),
(9, 3, 11, '10/24/2018', '10:30am', 3, 0, NULL, '2018-10-10 12:20:17', '2018-10-10 12:20:17'),
(10, 5, 11, '10/20/2018', '9:30am', 2, 0, NULL, '2018-10-10 12:29:28', '2018-10-10 12:29:28');

-- --------------------------------------------------------

--
-- Table structure for table `lounge_closing_days`
--

CREATE TABLE `lounge_closing_days` (
  `id` int(11) NOT NULL,
  `lounge_id` int(11) DEFAULT NULL,
  `closing_day` int(11) DEFAULT NULL,
  `created_at` timestamp NULL DEFAULT NULL,
  `updated_at` timestamp NULL DEFAULT NULL
) ENGINE=InnoDB DEFAULT CHARSET=latin1;

--
-- Dumping data for table `lounge_closing_days`
--

INSERT INTO `lounge_closing_days` (`id`, `lounge_id`, `closing_day`, `created_at`, `updated_at`) VALUES
(9, 5, 2, '2018-11-11 15:21:50', '2018-11-11 15:21:50'),
(10, 5, 3, '2018-11-11 15:21:50', '2018-11-11 15:21:50'),
(11, 4, 3, '2018-11-11 15:22:21', '2018-11-11 15:22:21'),
(12, 4, 0, '2018-11-11 15:22:21', '2018-11-11 15:22:21'),
(13, 3, 4, '2018-11-11 15:22:49', '2018-11-11 15:22:49'),
(14, 3, 5, '2018-11-11 15:22:49', '2018-11-11 15:22:49'),
(15, 2, 5, '2018-11-11 15:23:32', '2018-11-11 15:23:32'),
(16, 2, 6, '2018-11-11 15:23:32', '2018-11-11 15:23:32'),
(17, 6, 5, '2018-11-11 15:30:13', '2018-11-11 15:30:13'),
(18, 6, 6, '2018-11-11 15:30:13', '2018-11-11 15:30:13'),
(19, 7, 6, '2018-11-11 15:38:13', '2018-11-11 15:38:13'),
(20, 7, 0, '2018-11-11 15:38:13', '2018-11-11 15:38:13'),
(21, 8, 5, '2018-11-11 15:43:05', '2018-11-11 15:43:05'),
(22, 8, 6, '2018-11-11 15:43:05', '2018-11-11 15:43:05'),
(23, 9, 3, '2018-11-11 15:45:10', '2018-11-11 15:45:10'),
(24, 9, 4, '2018-11-11 15:45:10', '2018-11-11 15:45:10'),
(25, 10, 3, '2018-11-11 15:51:46', '2018-11-11 15:51:46'),
(26, 10, 4, '2018-11-11 15:51:46', '2018-11-11 15:51:46');

-- --------------------------------------------------------

--
-- Table structure for table `lounge_imgs`
--

CREATE TABLE `lounge_imgs` (
  `id` int(11) NOT NULL,
  `lounge_id` int(11) DEFAULT NULL,
  `image` varchar(255) DEFAULT NULL,
  `created_at` timestamp NULL DEFAULT NULL,
  `updated_at` timestamp NULL DEFAULT NULL
) ENGINE=InnoDB DEFAULT CHARSET=latin1;

--
-- Dumping data for table `lounge_imgs`
--

INSERT INTO `lounge_imgs` (`id`, `lounge_id`, `image`, `created_at`, `updated_at`) VALUES
(14, 5, '5be7f4ae50b86.jpg', '2018-11-11 15:21:50', '2018-11-11 15:21:50'),
(15, 5, '5be7f4ae933b3.jpg', '2018-11-11 15:21:50', '2018-11-11 15:21:50'),
(16, 5, '5be7f4ae9c7db.jpg', '2018-11-11 15:21:50', '2018-11-11 15:21:50'),
(17, 4, '5be7f4cd0d0d3.jpg', '2018-11-11 15:22:21', '2018-11-11 15:22:21'),
(18, 4, '5be7f4cd2ec01.jpg', '2018-11-11 15:22:21', '2018-11-11 15:22:21'),
(19, 4, '5be7f4cd358b1.jpg', '2018-11-11 15:22:21', '2018-11-11 15:22:21'),
(20, 3, '5be7f4e932ee4.jpg', '2018-11-11 15:22:49', '2018-11-11 15:22:49'),
(21, 3, '5be7f4e93a9b0.jpg', '2018-11-11 15:22:49', '2018-11-11 15:22:49'),
(22, 3, '5be7f4e9417b6.jpg', '2018-11-11 15:22:49', '2018-11-11 15:22:49'),
(23, 2, '5be7f51451612.jpg', '2018-11-11 15:23:32', '2018-11-11 15:23:32'),
(24, 2, '5be7f5145a13a.jpg', '2018-11-11 15:23:32', '2018-11-11 15:23:32'),
(25, 2, '5be7f514613b2.jpg', '2018-11-11 15:23:32', '2018-11-11 15:23:32'),
(26, 2, '5be7f51467977.jpg', '2018-11-11 15:23:32', '2018-11-11 15:23:32'),
(27, 2, '5be7f5146e108.jpg', '2018-11-11 15:23:32', '2018-11-11 15:23:32'),
(28, 6, '5be7f6a5163b7.jpg', '2018-11-11 15:30:13', '2018-11-11 15:30:13'),
(29, 6, '5be7f6a556546.jpg', '2018-11-11 15:30:13', '2018-11-11 15:30:13'),
(30, 6, '5be7f6a55cc9a.jpg', '2018-11-11 15:30:13', '2018-11-11 15:30:13'),
(31, 7, '5be7f88583a5d.jpg', '2018-11-11 15:38:13', '2018-11-11 15:38:13'),
(32, 7, '5be7f885c3cb5.jpg', '2018-11-11 15:38:13', '2018-11-11 15:38:13'),
(33, 7, '5be7f885ca741.jpg', '2018-11-11 15:38:13', '2018-11-11 15:38:13'),
(34, 8, '5be7f9a9ba4e5.jpg', '2018-11-11 15:43:05', '2018-11-11 15:43:05'),
(35, 8, '5be7f9a9c4d89.jpg', '2018-11-11 15:43:05', '2018-11-11 15:43:05'),
(36, 8, '5be7f9a9cbc81.jpg', '2018-11-11 15:43:05', '2018-11-11 15:43:05'),
(37, 9, '5be7fa26576e1.jpg', '2018-11-11 15:45:10', '2018-11-11 15:45:10'),
(38, 9, '5be7fa2698c1b.jpg', '2018-11-11 15:45:10', '2018-11-11 15:45:10'),
(39, 9, '5be7fa26a242e.jpg', '2018-11-11 15:45:10', '2018-11-11 15:45:10'),
(40, 10, '5be7fbb26034e.jpg', '2018-11-11 15:51:46', '2018-11-11 15:51:46'),
(41, 10, '5be7fbb2a04d5.jpg', '2018-11-11 15:51:46', '2018-11-11 15:51:46'),
(42, 10, '5be7fbb2a6f01.jpg', '2018-11-11 15:51:46', '2018-11-11 15:51:46');

-- --------------------------------------------------------

--
-- Table structure for table `lounge_reviews`
--

CREATE TABLE `lounge_reviews` (
  `id` int(11) NOT NULL,
  `lounge_id` int(11) DEFAULT NULL,
  `user_id` int(11) DEFAULT NULL,
  `rating` varchar(255) DEFAULT NULL,
  `comment` text DEFAULT NULL,
  `created_at` timestamp NULL DEFAULT NULL,
  `updated_at` timestamp NULL DEFAULT NULL
) ENGINE=InnoDB DEFAULT CHARSET=latin1;

--
-- Dumping data for table `lounge_reviews`
--

INSERT INTO `lounge_reviews` (`id`, `lounge_id`, `user_id`, `rating`, `comment`, `created_at`, `updated_at`) VALUES
(1, 2, 6, '4.3', 'Lorem ipsum dolor sit amet, consectetur adipiscing elit. Vestibulum et risus vel risus malesuada pulvinar non sit amet arcu. Aliquam erat volutpat.', '2018-09-23 07:13:09', '2018-09-23 07:13:09'),
(2, 2, 6, '4.5', 'In sed laoreet mauris. Mauris lectus nisi, sodales id consectetur nec, varius in augue. Quisque eget dui commodo, cursus leo elementum, tincidunt nunc. Donec nunc ligula', '2018-09-23 07:15:11', '2018-09-23 07:15:11'),
(3, 3, 9, '4.3', 'Nyc Lagcha', '2018-10-07 00:11:54', '2018-10-07 00:11:54'),
(4, 3, 6, '3.5', 'ordinary', '2018-10-09 01:15:14', '2018-10-09 01:15:14'),
(5, 4, 6, '3.2', 'bad service', '2018-10-09 03:23:37', '2018-10-09 03:23:37');

-- --------------------------------------------------------

--
-- Table structure for table `menus`
--

CREATE TABLE `menus` (
  `id` int(11) NOT NULL,
  `name` varchar(255) DEFAULT NULL,
  `title` varchar(255) DEFAULT NULL,
  `slug` varchar(255) DEFAULT NULL,
  `body` blob DEFAULT NULL,
  `created_at` timestamp NULL DEFAULT NULL,
  `updated_at` timestamp NULL DEFAULT NULL
) ENGINE=InnoDB DEFAULT CHARSET=latin1;

--
-- Dumping data for table `menus`
--

INSERT INTO `menus` (`id`, `name`, `title`, `slug`, `body`, `created_at`, `updated_at`) VALUES
(7, 'Demo 1', 'Demo One', 'demo-1', 0x3c70207374796c653d22746578742d616c69676e3a2063656e7465723b206d617267696e2d72696768743a203070783b206d617267696e2d626f74746f6d3a20313570783b206d617267696e2d6c6566743a203070783b2070616464696e673a203070783b223e3c666f6e7420636f6c6f723d22233030303030302220666163653d2267656f72676961222073697a653d2236223e3c623e44656d6f204f6e653c2f623e3c2f666f6e743e3c62723e3c2f703e3c70207374796c653d22746578742d616c69676e3a2063656e7465723b206d617267696e2d72696768743a203070783b206d617267696e2d626f74746f6d3a20313570783b206d617267696e2d6c6566743a203070783b2070616464696e673a203070783b20636f6c6f723a2072676228302c20302c2030293b223e3c7370616e207374796c653d22666f6e742d66616d696c793a2067656f726769613b20666f6e742d73697a653a206d656469756d3b223e436f6e747261727920746f20706f70756c61722062656c6965662c204c6f72656d20497073756d206973206e6f742073696d706c792072616e646f6d20746578742e2049742068617320726f6f747320696e2061207069656365206f6620636c6173736963616c204c6174696e206c6974657261747572652066726f6d2034352042432c206d616b696e67206974206f7665722032303030207965617273206f6c642e2052696368617264204d63436c696e746f636b2c2061204c6174696e2070726f666573736f722061742048616d7064656e2d5379646e657920436f6c6c65676520696e2056697267696e69612c206c6f6f6b6564207570206f6e65206f6620746865206d6f7265206f627363757265204c6174696e20776f7264732c20636f6e73656374657475722c2066726f6d2061204c6f72656d20497073756d20706173736167652c20616e6420676f696e67207468726f75676820746865206369746573206f662074686520776f726420696e20636c6173736963616c206c6974657261747572652c20646973636f76657265642074686520756e646f75627461626c6520736f757263652e204c6f72656d20497073756d20636f6d65732066726f6d2073656374696f6e7320312e31302e333220616e6420312e31302e3333206f66202264652046696e6962757320426f6e6f72756d206574204d616c6f72756d2220285468652045787472656d6573206f6620476f6f6420616e64204576696c292062792043696365726f2c207772697474656e20696e2034352042432e205468697320626f6f6b2069732061207472656174697365206f6e20746865207468656f7279206f66206574686963732c207665727920706f70756c617220647572696e67207468652052656e61697373616e63652e20546865206669727374206c696e65206f66204c6f72656d20497073756d2c20224c6f72656d20697073756d20646f6c6f722073697420616d65742e2e222c20636f6d65732066726f6d2061206c696e6520696e2073656374696f6e20312e31302e33322e3c2f7370616e3e3c62723e3c2f703e3c70207374796c653d22746578742d616c69676e3a2063656e7465723b206d617267696e2d72696768743a203070783b206d617267696e2d626f74746f6d3a20313570783b206d617267696e2d6c6566743a203070783b2070616464696e673a203070783b20636f6c6f723a2072676228302c20302c2030293b223e3c666f6e742073697a653d223322207374796c653d222220666163653d2267656f72676961223e546865207374616e64617264206368756e6b206f66204c6f72656d20497073756d20757365642073696e63652074686520313530307320697320726570726f64756365642062656c6f7720666f722074686f736520696e74657265737465642e2053656374696f6e7320312e31302e333220616e6420312e31302e33332066726f6d202264652046696e6962757320426f6e6f72756d206574204d616c6f72756d222062792043696365726f2061726520616c736f20726570726f647563656420696e207468656972206578616374206f726967696e616c20666f726d2c206163636f6d70616e69656420627920456e676c6973682076657273696f6e732066726f6d207468652031393134207472616e736c6174696f6e20627920482e205261636b68616d2e3c2f666f6e743e3c2f703e, '2018-08-06 01:43:03', '2018-10-08 01:02:01'),
(8, 'Demo 2', 'Demo Two', 'demo-2', 0x3c6831207374796c653d22746578742d616c69676e3a2063656e7465723b223e3c7370616e207374796c653d22636f6c6f723a2072676228302c20302c2030293b20666f6e742d66616d696c793a202671756f743b4f70656e2053616e732671756f743b2c20417269616c2c2073616e732d73657269663b20746578742d616c69676e3a206a7573746966793b223e3c666f6e742073697a653d223622207374796c653d22223e44656d6f2054776f3c2f666f6e743e3c2f7370616e3e3c2f68313e3c7370616e207374796c653d22636f6c6f723a2072676228302c20302c2030293b20666f6e742d66616d696c793a202671756f743b4f70656e2053616e732671756f743b2c20417269616c2c2073616e732d73657269663b20746578742d616c69676e3a206a7573746966793b223e3c646976207374796c653d22746578742d616c69676e3a2063656e7465723b223e3c7370616e207374796c653d22666f6e742d73697a653a206d656469756d3b223e49742069732061206c6f6e672065737461626c6973686564206661637420746861742061207265616465722077696c6c206265206469737472616374656420627920746865207265616461626c6520636f6e74656e74206f6620612070616765207768656e206c6f6f6b696e6720617420697473206c61796f75742e2054686520706f696e74206f66207573696e67204c6f72656d20497073756d2069732074686174206974206861732061206d6f72652d6f722d6c657373206e6f726d616c20646973747269627574696f6e206f66206c6574746572732c206173206f70706f73656420746f207573696e672027436f6e74656e7420686572652c20636f6e74656e742068657265272c206d616b696e67206974206c6f6f6b206c696b65207265616461626c6520456e676c6973682e204d616e79206465736b746f70207075626c697368696e67207061636b6167657320616e6420776562207061676520656469746f7273206e6f7720757365204c6f72656d20497073756d2061732074686569722064656661756c74206d6f64656c20746578742c20616e6420612073656172636820666f7220276c6f72656d20697073756d272077696c6c20756e636f766572206d616e7920776562207369746573207374696c6c20696e20746865697220696e66616e63792e20566172696f75732076657273696f6e7320686176652065766f6c766564206f766572207468652079656172732c20736f6d6574696d6573206279206163636964656e742c20736f6d6574696d6573206f6e20707572706f73652028696e6a65637465642068756d6f757220616e6420746865206c696b65292e3c2f7370616e3e3c2f6469763e3c2f7370616e3e, '2018-10-08 00:58:22', '2018-10-08 01:01:34');

-- --------------------------------------------------------

--
-- Table structure for table `packages`
--

CREATE TABLE `packages` (
  `id` int(11) NOT NULL,
  `name` varchar(255) DEFAULT NULL,
  `leaving_from` varchar(255) DEFAULT NULL,
  `leaving_to` varchar(255) DEFAULT NULL,
  `price` varchar(255) DEFAULT NULL,
  `duration` int(11) DEFAULT NULL,
  `minimum_persons` int(11) DEFAULT NULL,
  `maximum_persons` int(11) DEFAULT NULL,
  `start_date` varchar(255) DEFAULT NULL,
  `closing_date` varchar(255) DEFAULT NULL,
  `overview` blob DEFAULT NULL,
  `program_schedule` blob DEFAULT NULL,
  `a_hidden` int(3) NOT NULL DEFAULT 0,
  `created_at` timestamp NULL DEFAULT NULL,
  `updated_at` timestamp NULL DEFAULT NULL
) ENGINE=InnoDB DEFAULT CHARSET=latin1;

--
-- Dumping data for table `packages`
--

INSERT INTO `packages` (`id`, `name`, `leaving_from`, `leaving_to`, `price`, `duration`, `minimum_persons`, `maximum_persons`, `start_date`, `closing_date`, `overview`, `program_schedule`, `a_hidden`, `created_at`, `updated_at`) VALUES
(1, 'Vietnam Package 3 Nights 4 Days', 'Bangladesh', 'Vietnam', '1000', 3, 4, 10, '2018-09-27', '2022-06-15', 0x3c70207374796c653d22666f6e742d66616d696c793a2067656f4c696768743b206d617267696e2d626f74746f6d3a20333070783b20666f6e742d73697a653a20313870783b206c696e652d6865696768743a20323870783b20636f6c6f723a207267622839312c2039312c203931293b223e3c7370616e207374796c653d22666f6e742d66616d696c793a20617269616c2c2068656c7665746963612c2073616e732d73657269663b223e566965746e616d206973206120536f7574686561737420417369616e20636f756e747279206f6e2074686520536f757468204368696e6120536561206b6e6f776e20666f722069747320626561636865732c207269766572732c204275646468697374207061676f64617320616e6420627573746c696e67206369746965732e2048616e6f692c20746865206361706974616c2c207061797320686f6d61676520746f20746865206e6174696f6ee28099732069636f6e696320436f6d6d756e6973742d657261206c65616465722c20486f20436869204d696e682c2076696120612068756765206d6172626c65206d6175736f6c65756d2e20486f20436869204d696e6820436974792028666f726d65726c7920536169676f6e2920686173204672656e636820636f6c6f6e69616c206c616e646d61726b732c20706c757320566965746e616d6573652057617220686973746f7279206d757365756d7320616e64207468652043e1bba7204368692074756e6e656c732c2075736564206279205669657420436f6e6720736f6c64696572732e3c2f7370616e3e3c2f703e3c70207374796c653d22666f6e742d66616d696c793a2067656f4c696768743b206d617267696e2d626f74746f6d3a20333070783b20666f6e742d73697a653a20313870783b206c696e652d6865696768743a20323870783b20636f6c6f723a207267622839312c2039312c203931293b223e3c7370616e207374796c653d22666f6e742d66616d696c793a20617269616c2c2068656c7665746963612c2073616e732d73657269663b223e3c7370616e207374796c653d22666f6e742d66616d696c793a2067656f4c696768743b20666f6e742d7765696768743a20626f6c6465723b223e5061636b61676520496e636c756465733a3c2f7370616e3e3c2f7370616e3e3c2f703e3c756c207374796c653d22666f6e742d66616d696c793a2067656f4c696768743b20666f6e742d73697a653a20313670783b223e3c6c693e3c7370616e207374796c653d22666f6e742d66616d696c793a20617269616c2c2068656c7665746963612c2073616e732d73657269663b223e5370656369616c204d6565742c2047726565742026616d703b20417373697374616e6365206f6e20416972706f72743c2f7370616e3e3c2f6c693e3c6c693e3c7370616e207374796c653d22666f6e742d66616d696c793a20617269616c2c2068656c7665746963612c2073616e732d73657269663b223e4163636f6d6d6f646174696f6e203032204e696768747320696e2048616e6f692026616d703b203031204e6967687420696e204861206c6f6e6720617420322a20486f74656c2e266e6273703b20266e6273703b3c2f7370616e3e3c2f6c693e3c6c693e3c7370616e207374796c653d22666f6e742d66616d696c793a20617269616c2c2068656c7665746963612c2073616e732d73657269663b223e4163636f6d6d6f646174696f6e205477696e2053686172696e672e3c2f7370616e3e3c2f6c693e3c6c693e3c7370616e207374796c653d22666f6e742d66616d696c793a20617269616c2c2068656c7665746963612c2073616e732d73657269663b223e46756c6c20626f617264204d65616c2028427265616b66617374202b204c756e6368202b2044696e6e6572293c2f7370616e3e3c2f6c693e3c6c693e3c7370616e207374796c653d22666f6e742d66616d696c793a20617269616c2c2068656c7665746963612c2073616e732d73657269663b223e5369676874736565696e672048616e6f6920266e6273703b3c2f7370616e3e3c2f6c693e3c6c693e3c7370616e207374796c653d22666f6e742d66616d696c793a20617269616c2c2068656c7665746963612c2073616e732d73657269663b223e457863757273696f6e203420686f7572206f6e20626f617420696e204861204c6f6e673c2f7370616e3e3c2f6c693e3c6c693e3c7370616e207374796c653d22666f6e742d66616d696c793a20617269616c2c2068656c7665746963612c2073616e732d73657269663b223e412f43205472616e73706f72746174696f6e3c2f7370616e3e3c2f6c693e3c6c693e3c7370616e207374796c653d22666f6e742d66616d696c793a20617269616c2c2068656c7665746963612c2073616e732d73657269663b223e456e7472616e6365204665657320666f72207369676874736565696e673c2f7370616e3e3c2f6c693e3c6c693e3c7370616e207374796c653d22666f6e742d66616d696c793a20617269616c2c2068656c7665746963612c2073616e732d73657269663b223e50726f66657373696f6e616c20456e676c69736820537065616b696e672047756964652e3c2f7370616e3e3c2f6c693e3c2f756c3e3c70207374796c653d22666f6e742d66616d696c793a2067656f4c696768743b206d617267696e2d626f74746f6d3a20333070783b20666f6e742d73697a653a20313870783b206c696e652d6865696768743a20323870783b20636f6c6f723a207267622839312c2039312c203931293b223e3c7370616e207374796c653d22666f6e742d66616d696c793a20617269616c2c2068656c7665746963612c2073616e732d73657269663b223e3c7370616e207374796c653d22666f6e742d66616d696c793a2067656f4c696768743b20666f6e742d7765696768743a20626f6c6465723b223e5061636b616765204578636c756465733a3c2f7370616e3e3c2f7370616e3e3c2f703e3c756c207374796c653d22666f6e742d66616d696c793a2067656f4c696768743b20666f6e742d73697a653a20313670783b223e3c6c693e3c7370616e207374796c653d22666f6e742d66616d696c793a20617269616c2c2068656c7665746963612c2073616e732d73657269663b223e416972205469636b65743c2f7370616e3e3c2f6c693e3c6c693e3c7370616e207374796c653d22666f6e742d66616d696c793a20617269616c2c2068656c7665746963612c2073616e732d73657269663b223e566973613c2f7370616e3e3c2f6c693e3c6c693e3c7370616e207374796c653d22666f6e742d66616d696c793a20617269616c2c2068656c7665746963612c2073616e732d73657269663b223e416e79206974656d73206e6f74206d656e74696f6e656420696e207468652061626f7665206974696e65726172793c2f7370616e3e3c2f6c693e3c6c693e3c7370616e207374796c653d22666f6e742d66616d696c793a20617269616c2c2068656c7665746963612c2073616e732d73657269663b223e416e79206b696e64206f6620706572736f6e616c20457870656e7365733c2f7370616e3e3c2f6c693e3c2f756c3e3c70207374796c653d22666f6e742d66616d696c793a2067656f4c696768743b206d617267696e2d626f74746f6d3a20333070783b20666f6e742d73697a653a20313870783b206c696e652d6865696768743a20323870783b20636f6c6f723a207267622839312c2039312c203931293b223e3c7370616e207374796c653d22666f6e742d66616d696c793a20617269616c2c2068656c7665746963612c2073616e732d73657269663b223e3c7370616e207374796c653d22666f6e742d66616d696c793a2067656f4c696768743b20666f6e742d7765696768743a20626f6c6465723b223e2a2a2a2a20436f6e646974696f6e3a204d696e696d756d203420506572736f6e266e6273703b3c2f7370616e3e3c7370616e207374796c653d22666f6e742d66616d696c793a2067656f4c696768743b20666f6e742d7765696768743a20626f6c6465723b223e2a2a2a2a3c2f7370616e3e3c2f7370616e3e3c2f703e3c70207374796c653d22666f6e742d66616d696c793a2067656f4c696768743b206d617267696e2d626f74746f6d3a20333070783b20666f6e742d73697a653a20313870783b206c696e652d6865696768743a20323870783b20636f6c6f723a207267622839312c2039312c203931293b223e3c7370616e207374796c653d22666f6e742d66616d696c793a20617269616c2c2068656c7665746963612c2073616e732d73657269663b223e3c7370616e207374796c653d22666f6e742d66616d696c793a2067656f4c696768743b20666f6e742d7765696768743a20626f6c6465723b223e546f75722056616c696469747920616e792074696d6520666f722032303138202845786365707420616e79206b696e64206f6620686f6c6964617973206c696b65204368726973746d61733b204e657720596561723b3c2f7370616e3e3c2f7370616e3e3c7370616e207374796c653d22666f6e742d7765696768743a20626f6c6465723b223e3c7370616e207374796c653d22666f6e742d66616d696c793a20617269616c2c2068656c7665746963612c2073616e732d73657269663b223e266e6273703b4c756e6172204e6577205965617220616e64206f7468657273293c2f7370616e3e3c2f7370616e3e3c2f703e, 0x3c6469763e3c62723e3c2f6469763e3c6469763e3c756c20636c6173733d226576656e742d7363686564756c652d6c697374206c6973742d756e7374796c656422207374796c653d22666f6e742d66616d696c793a2067656f4c696768743b206d617267696e2d626f74746f6d3a20333070783b20706f736974696f6e3a2072656c61746976653b20666f6e742d73697a653a20313670783b223e3c6c6920636c6173733d22726f77206e6f2d6775747465727322207374796c653d22706f736974696f6e3a2072656c61746976653b207a2d696e6465783a20313b223e3c7370616e20636c6173733d2265732d74696d65206f726465722d3222207374796c653d22666f6e742d66616d696c793a2067656f426f6f6b3b20666f6e742d7765696768743a20626f6c6465723b2077686974652d73706163653a206e6f777261703b20666c65783a203020312030253b20666f6e742d73697a653a20313870783b20636f6c6f723a207267622834382c2034382c203438293b206c696e652d6865696768743a20323670783b2070616464696e672d72696768743a20323070783b223e30373a303020414d3c2f7370616e3e3c64697620636c6173733d2265732d64657363206f726465722d3322207374796c653d22666c65783a203120312030253b223e3c6833207374796c653d22666f6e742d66616d696c793a2067656f426f6f6b3b206d617267696e2d626f74746f6d3a203070783b20666f6e742d7765696768743a203530303b206c696e652d6865696768743a20323670783b20636f6c6f723a207267622839312c2039312c203931293b20666f6e742d73697a653a20313870783b223e427265616b666173743c2f68333e3c70207374796c653d226d617267696e2d746f703a203870783b206d617267696e2d626f74746f6d3a203070783b20636f6c6f723a207267622839312c2039312c203931293b20666f6e742d73697a653a20313870783b206c696e652d6865696768743a20323870783b223e456e6a6f7920796f757220627265616b6661737420617420796f757220686f74656c2e20416e64207468656e2070726f6365656420666f72207369676874736565696e672e3c2f703e3c2f6469763e3c2f6c693e3c6c6920636c6173733d22726f77206e6f2d6775747465727322207374796c653d22706f736974696f6e3a2072656c61746976653b207a2d696e6465783a20313b206d617267696e2d746f703a20333070783b223e3c7370616e20636c6173733d226c6973742d706f696e74206f726465722d3122207374796c653d22666c65783a203020312030253b223e3c7370616e207374796c653d2277696474683a20313770783b206865696768743a20313770783b206d617267696e2d72696768743a20323770783b20626f726465722d7261646975733a20313770783b206261636b67726f756e642d696d6167653a20696e697469616c3b206261636b67726f756e642d706f736974696f6e3a20696e697469616c3b206261636b67726f756e642d73697a653a20696e697469616c3b206261636b67726f756e642d7265706561743a20696e697469616c3b206261636b67726f756e642d6174746163686d656e743a20696e697469616c3b206261636b67726f756e642d6f726967696e3a20696e697469616c3b206261636b67726f756e642d636c69703a20696e697469616c3b20626f726465723a20322e35707820736f6c696420726762283234392c2032372c203535293b20646973706c61793a20626c6f636b3b206d617267696e2d746f703a203570783b223e3c2f7370616e3e3c2f7370616e3e3c7370616e20636c6173733d2265732d74696d65206f726465722d3222207374796c653d22666f6e742d66616d696c793a2067656f426f6f6b3b20666f6e742d7765696768743a20626f6c6465723b2077686974652d73706163653a206e6f777261703b20666c65783a203020312030253b20666f6e742d73697a653a20313870783b20636f6c6f723a207267622834382c2034382c203438293b206c696e652d6865696768743a20323670783b2070616464696e672d72696768743a20323070783b223e30393a303020414d3c2f7370616e3e3c64697620636c6173733d2265732d64657363206f726465722d3322207374796c653d22666c65783a203120312030253b223e3c6833207374796c653d22666f6e742d66616d696c793a2067656f426f6f6b3b206d617267696e2d626f74746f6d3a203070783b20666f6e742d7765696768743a203530303b206c696e652d6865696768743a20323670783b20636f6c6f723a207267622839312c2039312c203931293b20666f6e742d73697a653a20313870783b223e5369676874736565696e673c2f68333e3c70207374796c653d226d617267696e2d746f703a203870783b206d617267696e2d626f74746f6d3a203070783b20636f6c6f723a207267622839312c2039312c203931293b20666f6e742d73697a653a20313870783b206c696e652d6865696768743a20323870783b223e57652077696c6c20766973697420746f20486f20436869204d696e6820636f6d706c65782c20696e636c7564696e6720486f20436869204d696e68e2809973204d6175736f6c65756d2c204f6e652050696c6c6172205061676f64612d202c2042612044696e68207371756172652c207468652054656d706c65206f66206c6974657261747572652e20546865206c61737420706c616365206f6620746865206369747920746f757220697320486f616e204b69656d204c616b652028526573746f7265642053776f7264204c616b65292077697468204e676f6320536f6e2054656d706c652e3c2f703e3c2f6469763e3c2f6c693e3c6c6920636c6173733d22726f77206e6f2d6775747465727322207374796c653d22706f736974696f6e3a2072656c61746976653b207a2d696e6465783a20313b206d617267696e2d746f703a20333070783b223e3c7370616e20636c6173733d226c6973742d706f696e74206f726465722d3122207374796c653d22666c65783a203020312030253b223e3c7370616e207374796c653d2277696474683a20313770783b206865696768743a20313770783b206d617267696e2d72696768743a20323770783b20626f726465722d7261646975733a20313770783b206261636b67726f756e642d696d6167653a20696e697469616c3b206261636b67726f756e642d706f736974696f6e3a20696e697469616c3b206261636b67726f756e642d73697a653a20696e697469616c3b206261636b67726f756e642d7265706561743a20696e697469616c3b206261636b67726f756e642d6174746163686d656e743a20696e697469616c3b206261636b67726f756e642d6f726967696e3a20696e697469616c3b206261636b67726f756e642d636c69703a20696e697469616c3b20626f726465723a20322e35707820736f6c696420726762283234392c2032372c203535293b20646973706c61793a20626c6f636b3b206d617267696e2d746f703a203570783b223e3c2f7370616e3e3c2f7370616e3e3c7370616e20636c6173733d2265732d74696d65206f726465722d3222207374796c653d22666f6e742d66616d696c793a2067656f426f6f6b3b20666f6e742d7765696768743a20626f6c6465723b2077686974652d73706163653a206e6f777261703b20666c65783a203020312030253b20666f6e742d73697a653a20313870783b20636f6c6f723a207267622834382c2034382c203438293b206c696e652d6865696768743a20323670783b2070616464696e672d72696768743a20323070783b223e30323a313520504d3c2f7370616e3e3c64697620636c6173733d2265732d64657363206f726465722d3322207374796c653d22666c65783a203120312030253b223e3c6833207374796c653d22666f6e742d66616d696c793a2067656f426f6f6b3b206d617267696e2d626f74746f6d3a203070783b20666f6e742d7765696768743a203530303b206c696e652d6865696768743a20323670783b20636f6c6f723a207267622839312c2039312c203931293b20666f6e742d73697a653a20313870783b223e4c756e63683c2f68333e3c70207374796c653d226d617267696e2d746f703a203870783b206d617267696e2d626f74746f6d3a203070783b20636f6c6f723a207267622839312c2039312c203931293b20666f6e742d73697a653a20313870783b206c696e652d6865696768743a20323870783b223e4c756e63682077696c6c206265207365727665642061742061206c6f63616c2072657374617572616e742e3c2f703e3c2f6469763e3c2f6c693e3c6c6920636c6173733d22726f77206e6f2d6775747465727322207374796c653d22706f736974696f6e3a2072656c61746976653b207a2d696e6465783a20313b206d617267696e2d746f703a20333070783b223e3c7370616e20636c6173733d226c6973742d706f696e74206f726465722d3122207374796c653d22666c65783a203020312030253b223e3c7370616e207374796c653d2277696474683a20313770783b206865696768743a20313770783b206d617267696e2d72696768743a20323770783b20626f726465722d7261646975733a20313770783b206261636b67726f756e642d696d6167653a20696e697469616c3b206261636b67726f756e642d706f736974696f6e3a20696e697469616c3b206261636b67726f756e642d73697a653a20696e697469616c3b206261636b67726f756e642d7265706561743a20696e697469616c3b206261636b67726f756e642d6174746163686d656e743a20696e697469616c3b206261636b67726f756e642d6f726967696e3a20696e697469616c3b206261636b67726f756e642d636c69703a20696e697469616c3b20626f726465723a20322e35707820736f6c696420726762283234392c2032372c203535293b20646973706c61793a20626c6f636b3b206d617267696e2d746f703a203570783b223e3c2f7370616e3e3c2f7370616e3e3c7370616e20636c6173733d2265732d74696d65206f726465722d3222207374796c653d22666f6e742d66616d696c793a2067656f426f6f6b3b20666f6e742d7765696768743a20626f6c6465723b2077686974652d73706163653a206e6f777261703b20666c65783a203020312030253b20666f6e742d73697a653a20313870783b20636f6c6f723a207267622834382c2034382c203438293b206c696e652d6865696768743a20323670783b2070616464696e672d72696768743a20323070783b223e30363a333020504d3c2f7370616e3e3c64697620636c6173733d2265732d64657363206f726465722d3322207374796c653d22666c65783a203120312030253b223e3c6833207374796c653d22666f6e742d66616d696c793a2067656f426f6f6b3b206d617267696e2d626f74746f6d3a203070783b20666f6e742d7765696768743a203530303b206c696e652d6865696768743a20323670783b20636f6c6f723a207267622839312c2039312c203931293b20666f6e742d73697a653a20313870783b223e4172726976616c2061742048616c6f6e6720616e6420486f74656c20436865636b2d496e3c2f68333e3c70207374796c653d226d617267696e2d746f703a203870783b206d617267696e2d626f74746f6d3a203070783b20636f6c6f723a207267622839312c2039312c203931293b20666f6e742d73697a653a20313870783b206c696e652d6865696768743a20323870783b223e4166746572207369676874736565696e672061742048616e6f692c207472616e7366657220746f2048616c6f6e672c20636865636b20696e2074686520686f74656c2e204672656520616e64206561737920696e204861204c6f6e67206f722077616c6b20746f207669736974204861204c6f6e67206d61726b65742e3c2f703e3c2f6469763e3c2f6c693e3c6c6920636c6173733d22726f77206e6f2d6775747465727322207374796c653d22706f736974696f6e3a2072656c61746976653b207a2d696e6465783a20313b206d617267696e2d746f703a20333070783b223e3c7370616e20636c6173733d226c6973742d706f696e74206f726465722d3122207374796c653d22666c65783a203020312030253b223e3c7370616e207374796c653d2277696474683a20313770783b206865696768743a20313770783b206d617267696e2d72696768743a20323770783b20626f726465722d7261646975733a20313770783b206261636b67726f756e642d696d6167653a20696e697469616c3b206261636b67726f756e642d706f736974696f6e3a20696e697469616c3b206261636b67726f756e642d73697a653a20696e697469616c3b206261636b67726f756e642d7265706561743a20696e697469616c3b206261636b67726f756e642d6174746163686d656e743a20696e697469616c3b206261636b67726f756e642d6f726967696e3a20696e697469616c3b206261636b67726f756e642d636c69703a20696e697469616c3b20626f726465723a20322e35707820736f6c696420726762283234392c2032372c203535293b20646973706c61793a20626c6f636b3b206d617267696e2d746f703a203570783b223e3c2f7370616e3e3c2f7370616e3e3c7370616e20636c6173733d2265732d74696d65206f726465722d3222207374796c653d22666f6e742d66616d696c793a2067656f426f6f6b3b20666f6e742d7765696768743a20626f6c6465723b2077686974652d73706163653a206e6f777261703b20666c65783a203020312030253b20666f6e742d73697a653a20313870783b20636f6c6f723a207267622834382c2034382c203438293b206c696e652d6865696768743a20323670783b2070616464696e672d72696768743a20323070783b223e30383a303020504d3c2f7370616e3e3c64697620636c6173733d2265732d64657363206f726465722d3322207374796c653d22666c65783a203120312030253b223e3c6833207374796c653d22666f6e742d66616d696c793a2067656f426f6f6b3b206d617267696e2d626f74746f6d3a203070783b20666f6e742d7765696768743a203530303b206c696e652d6865696768743a20323670783b20636f6c6f723a207267622839312c2039312c203931293b20666f6e742d73697a653a20313870783b223e44696e6e65723c2f68333e3c70207374796c653d226d617267696e2d746f703a203870783b206d617267696e2d626f74746f6d3a203070783b20636f6c6f723a207267622839312c2039312c203931293b20666f6e742d73697a653a20313870783b206c696e652d6865696768743a20323870783b223e44696e6e65722077696c6c206265207365727665642061742061206c6f63616c2072657374617572616e742e20416e642073746179206f7665726e6967687420696e2048616c6f6e672e3c2f703e3c2f6469763e3c2f6c693e3c2f756c3e3c2f6469763e, 0, '2018-09-22 04:22:09', '2018-11-12 13:16:40'),
(2, 'Bali, Indonesia 5 Night 6 Days', 'Bangladesh', 'Bali, Indonesia', '1200', 5, 2, 6, '2018-09-15', '2022-06-14', 0x3c70207374796c653d22666f6e742d66616d696c793a2067656f4c696768743b206d617267696e2d626f74746f6d3a20333070783b20666f6e742d73697a653a20313870783b206c696e652d6865696768743a20323870783b20636f6c6f723a207267622839312c2039312c203931293b223e3c7370616e207374796c653d22666f6e742d7765696768743a20626f6c6465723b223e42616c693c2f7370616e3e266e6273703b2842616c696e6573652c266e6273703b496e646f6e657369616e3a266e6273703b3c693e50756c61752042616c693c2f693e2c266e6273703b3c693e50726f76696e73692042616c693c2f693e2920697320616e2069736c616e6420616e64266e6273703b70726f76696e6365266e6273703b6f66266e6273703b496e646f6e657369612e205468652070726f76696e636520696e636c75646573207468652069736c616e64206f662042616c6920616e6420612066657720736d616c6c6572206e65696768626f7572696e672069736c616e64732c206e6f7461626c79266e6273703b4e7573612050656e6964612c266e6273703b4e757361204c656d626f6e67616e266e6273703b616e64266e6273703b4e7573612043656e696e67616e2e204974206973206c6f636174656420617420746865207765737465726e6d6f737420656e64206f6620746865266e6273703b4c65737365722053756e64612049736c616e64732c2077697468266e6273703b4a617661266e6273703b746f20746865207765737420616e64266e6273703b4c6f6d626f6b266e6273703b746f2074686520656173742e20497473206361706974616c2c266e6273703b44656e70617361722c206973206c6f636174656420696e2074686520736f75746865726e2070617274206f66207468652069736c616e642e3c2f703e3c70207374796c653d22666f6e742d66616d696c793a2067656f4c696768743b206d617267696e2d626f74746f6d3a20333070783b20666f6e742d73697a653a20313870783b206c696e652d6865696768743a20323870783b20636f6c6f723a207267622839312c2039312c203931293b223e3c2f703e3c6669677572652069643d226174746163686d656e745f3436382220636c6173733d2277702d63617074696f6e20616c69676e6e6f6e6522207374796c653d22666f6e742d66616d696c793a2067656f4c696768743b206d61782d77696474683a20313030253b206865696768743a206175746f3b20666f6e742d73697a653a20313670783b2077696474683a203133343670783b223e3c696d6720636c6173733d2277702d696d6167652d3436382073697a652d66756c6c22207372633d2268747470733a2f2f7469636b6574636861692e636f6d2f77702d636f6e74656e742f75706c6f6164732f323031382f30322f42616c692d61747472616374696f6e732d312d312e6a70672220616c743d22222077696474683d223133343622206865696768743d2236353922207374796c653d226d61782d77696474683a20313030253b206865696768743a206175746f3b223e3c66696763617074696f6e20636c6173733d2277702d63617074696f6e2d7465787422207374796c653d22666f6e742d73697a653a20696e68657269743b223e50686f746f3a20556275642026616d703b2054616e6168204c6f743c2f66696763617074696f6e3e3c2f6669677572653e3c70207374796c653d22666f6e742d66616d696c793a2067656f4c696768743b206d617267696e2d626f74746f6d3a20333070783b20666f6e742d73697a653a20313870783b206c696e652d6865696768743a20323870783b20636f6c6f723a207267622839312c2039312c203931293b223e3c2f703e3c70207374796c653d22666f6e742d66616d696c793a2067656f4c696768743b206d617267696e2d626f74746f6d3a20333070783b20666f6e742d73697a653a20313870783b206c696e652d6865696768743a20323870783b20636f6c6f723a207267622839312c2039312c203931293b223e42616c69206973206120706f70756c617220746f75726973742064657374696e6174696f6e2c20776869636820686173207365656e2061207369676e69666963616e74207269736520696e20746f7572697374732073696e6365207468652031393830732e3c7370616e2069643d22636974655f7265662d382220636c6173733d227265666572656e636522207374796c653d22706f736974696f6e3a2072656c61746976653b20666f6e742d73697a653a2031332e3570783b206c696e652d6865696768743a20303b20766572746963616c2d616c69676e3a20626173656c696e653b20746f703a202d302e35656d3b223e3c2f7370616e3e266e6273703b546f757269736d2d72656c6174656420627573696e657373206d616b6573207570203830206f66206974732065636f6e6f6d792e3c7370616e2069643d22636974655f7265662d746f757269736d5f392d302220636c6173733d227265666572656e636522207374796c653d22706f736974696f6e3a2072656c61746976653b20666f6e742d73697a653a2031332e3570783b206c696e652d6865696768743a20303b20766572746963616c2d616c69676e3a20626173656c696e653b20746f703a202d302e35656d3b223e3c2f7370616e3e266e6273703b49742069732072656e6f776e656420666f722069747320686967686c7920646576656c6f70656420617274732c20696e636c7564696e6720747261646974696f6e616c20616e64206d6f6465726e2064616e63652c207363756c70747572652c207061696e74696e672c206c6561746865722c206d6574616c776f726b696e6720616e64206d757369632e2054686520496e646f6e657369616e20496e7465726e6174696f6e616c2046696c6d20466573746976616c2069732068656c64206576657279207965617220696e2042616c692e20496e204d6172636820323031372c266e6273703b5472697041647669736f72266e6273703b6e616d65642042616c692061732074686520776f726c64e280997320746f702064657374696e6174696f6e20696e206974732054726176656c6c6572e28099732043686f6963652061776172642e3c2f703e, 0x3c6469763e3c666f6e7420666163653d2267656f4c69676874223e3c7370616e207374796c653d22666f6e742d73697a653a20313670783b223e3c62723e3c2f7370616e3e3c2f666f6e743e3c2f6469763e3c64697620636c6173733d227461622d636f6e74656e7422207374796c653d22666f6e742d66616d696c793a2067656f4c696768743b20666f6e742d73697a653a20313670783b223e3c64697620726f6c653d2274616270616e656c2220636c6173733d227461622d70616e65206661646520696e206163746976652073686f77222069643d226461795f3122207374796c653d226f7061636974793a20313b223e3c756c20636c6173733d226576656e742d7363686564756c652d6c697374206c6973742d756e7374796c656422207374796c653d226d617267696e2d626f74746f6d3a20333070783b20706f736974696f6e3a2072656c61746976653b223e3c6c6920636c6173733d22726f77206e6f2d6775747465727322207374796c653d22706f736974696f6e3a2072656c61746976653b207a2d696e6465783a20313b223e3c7370616e20636c6173733d226c6973742d706f696e74206f726465722d3122207374796c653d22666c65783a203020312030253b223e3c7370616e207374796c653d2277696474683a20313770783b206865696768743a20313770783b206d617267696e2d72696768743a20323770783b20626f726465722d7261646975733a20313770783b206261636b67726f756e642d696d6167653a20696e697469616c3b206261636b67726f756e642d706f736974696f6e3a20696e697469616c3b206261636b67726f756e642d73697a653a20696e697469616c3b206261636b67726f756e642d7265706561743a20696e697469616c3b206261636b67726f756e642d6174746163686d656e743a20696e697469616c3b206261636b67726f756e642d6f726967696e3a20696e697469616c3b206261636b67726f756e642d636c69703a20696e697469616c3b20626f726465723a20322e35707820736f6c696420726762283234392c2032372c203535293b20646973706c61793a20626c6f636b3b206d617267696e2d746f703a203570783b223e3c2f7370616e3e3c2f7370616e3e3c7370616e20636c6173733d2265732d74696d65206f726465722d3222207374796c653d22666f6e742d66616d696c793a2067656f426f6f6b3b20666f6e742d7765696768743a20626f6c6465723b2077686974652d73706163653a206e6f777261703b20666c65783a203020312030253b20666f6e742d73697a653a20313870783b20636f6c6f723a207267622834382c2034382c203438293b206c696e652d6865696768743a20323670783b2070616464696e672d72696768743a20323070783b223e31303a343520414d3c2f7370616e3e3c64697620636c6173733d2265732d64657363206f726465722d3322207374796c653d22666c65783a203120312030253b223e3c6833207374796c653d22666f6e742d66616d696c793a2067656f426f6f6b3b206d617267696e2d626f74746f6d3a203070783b20666f6e742d7765696768743a203530303b206c696e652d6865696768743a20323670783b20636f6c6f723a207267622839312c2039312c203931293b20666f6e742d73697a653a20313870783b223e4f6e206172726976616c20746f20616972706f72743c2f68333e3c70207374796c653d226d617267696e2d746f703a203870783b206d617267696e2d626f74746f6d3a203070783b20636f6c6f723a207267622839312c2039312c203931293b20666f6e742d73697a653a20313870783b206c696e652d6865696768743a20323870783b223e596f752077696c6c2062652077656c636f6d6564206279206f757220726570726573656e746174697665732026616d703b207468656e207472616e7366657220746f20686f74656c2e3c2f703e3c2f6469763e3c2f6c693e3c6c6920636c6173733d22726f77206e6f2d6775747465727322207374796c653d22706f736974696f6e3a2072656c61746976653b207a2d696e6465783a20313b206d617267696e2d746f703a20333070783b223e3c7370616e20636c6173733d226c6973742d706f696e74206f726465722d3122207374796c653d22666c65783a203020312030253b223e3c7370616e207374796c653d2277696474683a20313770783b206865696768743a20313770783b206d617267696e2d72696768743a20323770783b20626f726465722d7261646975733a20313770783b206261636b67726f756e642d696d6167653a20696e697469616c3b206261636b67726f756e642d706f736974696f6e3a20696e697469616c3b206261636b67726f756e642d73697a653a20696e697469616c3b206261636b67726f756e642d7265706561743a20696e697469616c3b206261636b67726f756e642d6174746163686d656e743a20696e697469616c3b206261636b67726f756e642d6f726967696e3a20696e697469616c3b206261636b67726f756e642d636c69703a20696e697469616c3b20626f726465723a20322e35707820736f6c696420726762283234392c2032372c203535293b20646973706c61793a20626c6f636b3b206d617267696e2d746f703a203570783b223e3c2f7370616e3e3c2f7370616e3e3c7370616e20636c6173733d2265732d74696d65206f726465722d3222207374796c653d22666f6e742d66616d696c793a2067656f426f6f6b3b20666f6e742d7765696768743a20626f6c6465723b2077686974652d73706163653a206e6f777261703b20666c65783a203020312030253b20666f6e742d73697a653a20313870783b20636f6c6f723a207267622834382c2034382c203438293b206c696e652d6865696768743a20323670783b2070616464696e672d72696768743a20323070783b223e31323a333020504d3c2f7370616e3e3c64697620636c6173733d2265732d64657363206f726465722d3322207374796c653d22666c65783a203120312030253b223e3c6833207374796c653d22666f6e742d66616d696c793a2067656f426f6f6b3b206d617267696e2d626f74746f6d3a203070783b20666f6e742d7765696768743a203530303b206c696e652d6865696768743a20323670783b20636f6c6f723a207267622839312c2039312c203931293b20666f6e742d73697a653a20313870783b223e486f74656c20436865636b20496e3c2f68333e3c70207374796c653d226d617267696e2d746f703a203870783b206d617267696e2d626f74746f6d3a203070783b20636f6c6f723a207267622839312c2039312c203931293b20666f6e742d73697a653a20313870783b206c696e652d6865696768743a20323870783b223e416674657220636865636b20696e20667265652074696d6520666f72204c6569737572652e20596f752063616e2074726176656c2061726f756e64206279206f776e2e3c2f703e3c2f6469763e3c2f6c693e3c2f756c3e3c2f6469763e3c2f6469763e, 0, '2018-09-22 04:25:44', '2018-11-12 13:16:58'),
(3, 'Vietnam Package 3 Nights 4 Days', 'Bangladesh', 'Vietnam', '1400', 4, 3, 10, '2018-09-29', '2022-07-27', 0x3c70207374796c653d22666f6e742d66616d696c793a2067656f4c696768743b206d617267696e2d626f74746f6d3a20333070783b20666f6e742d73697a653a20313870783b206c696e652d6865696768743a20323870783b20636f6c6f723a207267622839312c2039312c203931293b223e3c7370616e207374796c653d22666f6e742d66616d696c793a20617269616c2c2068656c7665746963612c2073616e732d73657269663b223e566965746e616d206973206120536f7574686561737420417369616e20636f756e747279206f6e2074686520536f757468204368696e6120536561206b6e6f776e20666f722069747320626561636865732c207269766572732c204275646468697374207061676f64617320616e6420627573746c696e67206369746965732e2048616e6f692c20746865206361706974616c2c207061797320686f6d61676520746f20746865206e6174696f6ee28099732069636f6e696320436f6d6d756e6973742d657261206c65616465722c20486f20436869204d696e682c2076696120612068756765206d6172626c65206d6175736f6c65756d2e20486f20436869204d696e6820436974792028666f726d65726c7920536169676f6e2920686173204672656e636820636f6c6f6e69616c206c616e646d61726b732c20706c757320566965746e616d6573652057617220686973746f7279206d757365756d7320616e64207468652043e1bba7204368692074756e6e656c732c2075736564206279205669657420436f6e6720736f6c64696572732e3c2f7370616e3e3c2f703e3c70207374796c653d22666f6e742d66616d696c793a2067656f4c696768743b206d617267696e2d626f74746f6d3a20333070783b20666f6e742d73697a653a20313870783b206c696e652d6865696768743a20323870783b20636f6c6f723a207267622839312c2039312c203931293b223e3c7370616e207374796c653d22666f6e742d66616d696c793a20617269616c2c2068656c7665746963612c2073616e732d73657269663b223e3c7370616e207374796c653d22666f6e742d66616d696c793a2067656f4c696768743b20666f6e742d7765696768743a20626f6c6465723b223e5061636b61676520496e636c756465733a3c2f7370616e3e3c2f7370616e3e3c2f703e3c756c207374796c653d22666f6e742d66616d696c793a2067656f4c696768743b20666f6e742d73697a653a20313670783b223e3c6c693e3c7370616e207374796c653d22666f6e742d66616d696c793a20617269616c2c2068656c7665746963612c2073616e732d73657269663b223e5370656369616c204d6565742c2047726565742026616d703b20417373697374616e6365206f6e20416972706f72743c2f7370616e3e3c2f6c693e3c6c693e3c7370616e207374796c653d22666f6e742d66616d696c793a20617269616c2c2068656c7665746963612c2073616e732d73657269663b223e4163636f6d6d6f646174696f6e203032204e696768747320696e2048616e6f692026616d703b203031204e6967687420696e204861206c6f6e6720617420322a20486f74656c2e266e6273703b20266e6273703b3c2f7370616e3e3c2f6c693e3c6c693e3c7370616e207374796c653d22666f6e742d66616d696c793a20617269616c2c2068656c7665746963612c2073616e732d73657269663b223e4163636f6d6d6f646174696f6e205477696e2053686172696e672e3c2f7370616e3e3c2f6c693e3c6c693e3c7370616e207374796c653d22666f6e742d66616d696c793a20617269616c2c2068656c7665746963612c2073616e732d73657269663b223e46756c6c20626f617264204d65616c2028427265616b66617374202b204c756e6368202b2044696e6e6572293c2f7370616e3e3c2f6c693e3c6c693e3c7370616e207374796c653d22666f6e742d66616d696c793a20617269616c2c2068656c7665746963612c2073616e732d73657269663b223e5369676874736565696e672048616e6f6920266e6273703b3c2f7370616e3e3c2f6c693e3c6c693e3c7370616e207374796c653d22666f6e742d66616d696c793a20617269616c2c2068656c7665746963612c2073616e732d73657269663b223e457863757273696f6e203420686f7572206f6e20626f617420696e204861204c6f6e673c2f7370616e3e3c2f6c693e3c6c693e3c7370616e207374796c653d22666f6e742d66616d696c793a20617269616c2c2068656c7665746963612c2073616e732d73657269663b223e412f43205472616e73706f72746174696f6e3c2f7370616e3e3c2f6c693e3c6c693e3c7370616e207374796c653d22666f6e742d66616d696c793a20617269616c2c2068656c7665746963612c2073616e732d73657269663b223e456e7472616e6365204665657320666f72207369676874736565696e673c2f7370616e3e3c2f6c693e3c6c693e3c7370616e207374796c653d22666f6e742d66616d696c793a20617269616c2c2068656c7665746963612c2073616e732d73657269663b223e50726f66657373696f6e616c20456e676c69736820537065616b696e672047756964652e3c2f7370616e3e3c2f6c693e3c2f756c3e3c70207374796c653d22666f6e742d66616d696c793a2067656f4c696768743b206d617267696e2d626f74746f6d3a20333070783b20666f6e742d73697a653a20313870783b206c696e652d6865696768743a20323870783b20636f6c6f723a207267622839312c2039312c203931293b223e3c7370616e207374796c653d22666f6e742d66616d696c793a20617269616c2c2068656c7665746963612c2073616e732d73657269663b223e3c7370616e207374796c653d22666f6e742d66616d696c793a2067656f4c696768743b20666f6e742d7765696768743a20626f6c6465723b223e5061636b616765204578636c756465733a3c2f7370616e3e3c2f7370616e3e3c2f703e3c756c207374796c653d22666f6e742d66616d696c793a2067656f4c696768743b20666f6e742d73697a653a20313670783b223e3c6c693e3c7370616e207374796c653d22666f6e742d66616d696c793a20617269616c2c2068656c7665746963612c2073616e732d73657269663b223e416972205469636b65743c2f7370616e3e3c2f6c693e3c6c693e3c7370616e207374796c653d22666f6e742d66616d696c793a20617269616c2c2068656c7665746963612c2073616e732d73657269663b223e566973613c2f7370616e3e3c2f6c693e3c6c693e3c7370616e207374796c653d22666f6e742d66616d696c793a20617269616c2c2068656c7665746963612c2073616e732d73657269663b223e416e79206974656d73206e6f74206d656e74696f6e656420696e207468652061626f7665206974696e65726172793c2f7370616e3e3c2f6c693e3c6c693e3c7370616e207374796c653d22666f6e742d66616d696c793a20617269616c2c2068656c7665746963612c2073616e732d73657269663b223e416e79206b696e64206f6620706572736f6e616c20457870656e7365733c2f7370616e3e3c2f6c693e3c2f756c3e3c70207374796c653d22666f6e742d66616d696c793a2067656f4c696768743b206d617267696e2d626f74746f6d3a20333070783b20666f6e742d73697a653a20313870783b206c696e652d6865696768743a20323870783b20636f6c6f723a207267622839312c2039312c203931293b223e3c7370616e207374796c653d22666f6e742d66616d696c793a20617269616c2c2068656c7665746963612c2073616e732d73657269663b223e3c7370616e207374796c653d22666f6e742d66616d696c793a2067656f4c696768743b20666f6e742d7765696768743a20626f6c6465723b223e2a2a2a2a20436f6e646974696f6e3a204d696e696d756d203420506572736f6e266e6273703b3c2f7370616e3e3c7370616e207374796c653d22666f6e742d66616d696c793a2067656f4c696768743b20666f6e742d7765696768743a20626f6c6465723b223e2a2a2a2a3c2f7370616e3e3c2f7370616e3e3c2f703e3c70207374796c653d22666f6e742d66616d696c793a2067656f4c696768743b206d617267696e2d626f74746f6d3a20333070783b20666f6e742d73697a653a20313870783b206c696e652d6865696768743a20323870783b20636f6c6f723a207267622839312c2039312c203931293b223e3c7370616e207374796c653d22666f6e742d66616d696c793a20617269616c2c2068656c7665746963612c2073616e732d73657269663b223e3c7370616e207374796c653d22666f6e742d66616d696c793a2067656f4c696768743b20666f6e742d7765696768743a20626f6c6465723b223e546f75722056616c696469747920616e792074696d6520666f722032303138202845786365707420616e79206b696e64206f6620686f6c6964617973206c696b65204368726973746d61733b204e657720596561723b3c2f7370616e3e3c2f7370616e3e3c7370616e207374796c653d22666f6e742d7765696768743a20626f6c6465723b223e3c7370616e207374796c653d22666f6e742d66616d696c793a20617269616c2c2068656c7665746963612c2073616e732d73657269663b223e266e6273703b4c756e6172204e6577205965617220616e64206f7468657273293c2f7370616e3e3c2f7370616e3e3c2f703e, 0x3c6469763e3c62723e3c2f6469763e3c6469763e3c756c20636c6173733d226576656e742d7363686564756c652d6c697374206c6973742d756e7374796c656422207374796c653d22666f6e742d66616d696c793a2067656f4c696768743b206d617267696e2d626f74746f6d3a20333070783b20706f736974696f6e3a2072656c61746976653b20666f6e742d73697a653a20313670783b223e3c6c6920636c6173733d22726f77206e6f2d6775747465727322207374796c653d22706f736974696f6e3a2072656c61746976653b207a2d696e6465783a20313b206d617267696e2d746f703a20333070783b223e3c7370616e20636c6173733d226c6973742d706f696e74206f726465722d3122207374796c653d22666c65783a203020312030253b223e3c7370616e207374796c653d2277696474683a20313770783b206865696768743a20313770783b206d617267696e2d72696768743a20323770783b20626f726465722d7261646975733a20313770783b206261636b67726f756e642d696d6167653a20696e697469616c3b206261636b67726f756e642d706f736974696f6e3a20696e697469616c3b206261636b67726f756e642d73697a653a20696e697469616c3b206261636b67726f756e642d7265706561743a20696e697469616c3b206261636b67726f756e642d6174746163686d656e743a20696e697469616c3b206261636b67726f756e642d6f726967696e3a20696e697469616c3b206261636b67726f756e642d636c69703a20696e697469616c3b20626f726465723a20322e35707820736f6c696420726762283234392c2032372c203535293b20646973706c61793a20626c6f636b3b206d617267696e2d746f703a203570783b223e3c2f7370616e3e3c2f7370616e3e3c7370616e20636c6173733d2265732d74696d65206f726465722d3222207374796c653d22666f6e742d66616d696c793a2067656f426f6f6b3b20666f6e742d7765696768743a20626f6c6465723b2077686974652d73706163653a206e6f777261703b20666c65783a203020312030253b20666f6e742d73697a653a20313870783b20636f6c6f723a207267622834382c2034382c203438293b206c696e652d6865696768743a20323670783b2070616464696e672d72696768743a20323070783b223e30393a303020414d3c2f7370616e3e3c64697620636c6173733d2265732d64657363206f726465722d3322207374796c653d22666c65783a203120312030253b223e3c6833207374796c653d22666f6e742d66616d696c793a2067656f426f6f6b3b206d617267696e2d626f74746f6d3a203070783b20666f6e742d7765696768743a203530303b206c696e652d6865696768743a20323670783b20636f6c6f723a207267622839312c2039312c203931293b20666f6e742d73697a653a20313870783b223e5369676874736565696e673c2f68333e3c70207374796c653d226d617267696e2d746f703a203870783b206d617267696e2d626f74746f6d3a203070783b20636f6c6f723a207267622839312c2039312c203931293b20666f6e742d73697a653a20313870783b206c696e652d6865696768743a20323870783b223e57652077696c6c20766973697420746f20486f20436869204d696e6820636f6d706c65782c20696e636c7564696e6720486f20436869204d696e68e2809973204d6175736f6c65756d2c204f6e652050696c6c6172205061676f64612d202c2042612044696e68207371756172652c207468652054656d706c65206f66206c6974657261747572652e20546865206c61737420706c616365206f6620746865206369747920746f757220697320486f616e204b69656d204c616b652028526573746f7265642053776f7264204c616b65292077697468204e676f6320536f6e2054656d706c652e3c2f703e3c2f6469763e3c2f6c693e3c6c6920636c6173733d22726f77206e6f2d6775747465727322207374796c653d22706f736974696f6e3a2072656c61746976653b207a2d696e6465783a20313b206d617267696e2d746f703a20333070783b223e3c7370616e20636c6173733d226c6973742d706f696e74206f726465722d3122207374796c653d22666c65783a203020312030253b223e3c7370616e207374796c653d2277696474683a20313770783b206865696768743a20313770783b206d617267696e2d72696768743a20323770783b20626f726465722d7261646975733a20313770783b206261636b67726f756e642d696d6167653a20696e697469616c3b206261636b67726f756e642d706f736974696f6e3a20696e697469616c3b206261636b67726f756e642d73697a653a20696e697469616c3b206261636b67726f756e642d7265706561743a20696e697469616c3b206261636b67726f756e642d6174746163686d656e743a20696e697469616c3b206261636b67726f756e642d6f726967696e3a20696e697469616c3b206261636b67726f756e642d636c69703a20696e697469616c3b20626f726465723a20322e35707820736f6c696420726762283234392c2032372c203535293b20646973706c61793a20626c6f636b3b206d617267696e2d746f703a203570783b223e3c2f7370616e3e3c2f7370616e3e3c7370616e20636c6173733d2265732d74696d65206f726465722d3222207374796c653d22666f6e742d66616d696c793a2067656f426f6f6b3b20666f6e742d7765696768743a20626f6c6465723b2077686974652d73706163653a206e6f777261703b20666c65783a203020312030253b20666f6e742d73697a653a20313870783b20636f6c6f723a207267622834382c2034382c203438293b206c696e652d6865696768743a20323670783b2070616464696e672d72696768743a20323070783b223e30323a313520504d3c2f7370616e3e3c64697620636c6173733d2265732d64657363206f726465722d3322207374796c653d22666c65783a203120312030253b223e3c6833207374796c653d22666f6e742d66616d696c793a2067656f426f6f6b3b206d617267696e2d626f74746f6d3a203070783b20666f6e742d7765696768743a203530303b206c696e652d6865696768743a20323670783b20636f6c6f723a207267622839312c2039312c203931293b20666f6e742d73697a653a20313870783b223e4c756e63683c2f68333e3c70207374796c653d226d617267696e2d746f703a203870783b206d617267696e2d626f74746f6d3a203070783b20636f6c6f723a207267622839312c2039312c203931293b20666f6e742d73697a653a20313870783b206c696e652d6865696768743a20323870783b223e4c756e63682077696c6c206265207365727665642061742061206c6f63616c2072657374617572616e742e3c2f703e3c2f6469763e3c2f6c693e3c6c6920636c6173733d22726f77206e6f2d6775747465727322207374796c653d22706f736974696f6e3a2072656c61746976653b207a2d696e6465783a20313b206d617267696e2d746f703a20333070783b223e3c7370616e20636c6173733d226c6973742d706f696e74206f726465722d3122207374796c653d22666c65783a203020312030253b223e3c7370616e207374796c653d2277696474683a20313770783b206865696768743a20313770783b206d617267696e2d72696768743a20323770783b20626f726465722d7261646975733a20313770783b206261636b67726f756e642d696d6167653a20696e697469616c3b206261636b67726f756e642d706f736974696f6e3a20696e697469616c3b206261636b67726f756e642d73697a653a20696e697469616c3b206261636b67726f756e642d7265706561743a20696e697469616c3b206261636b67726f756e642d6174746163686d656e743a20696e697469616c3b206261636b67726f756e642d6f726967696e3a20696e697469616c3b206261636b67726f756e642d636c69703a20696e697469616c3b20626f726465723a20322e35707820736f6c696420726762283234392c2032372c203535293b20646973706c61793a20626c6f636b3b206d617267696e2d746f703a203570783b223e3c2f7370616e3e3c2f7370616e3e3c7370616e20636c6173733d2265732d74696d65206f726465722d3222207374796c653d22666f6e742d66616d696c793a2067656f426f6f6b3b20666f6e742d7765696768743a20626f6c6465723b2077686974652d73706163653a206e6f777261703b20666c65783a203020312030253b20666f6e742d73697a653a20313870783b20636f6c6f723a207267622834382c2034382c203438293b206c696e652d6865696768743a20323670783b2070616464696e672d72696768743a20323070783b223e30363a333020504d3c2f7370616e3e3c64697620636c6173733d2265732d64657363206f726465722d3322207374796c653d22666c65783a203120312030253b223e3c6833207374796c653d22666f6e742d66616d696c793a2067656f426f6f6b3b206d617267696e2d626f74746f6d3a203070783b20666f6e742d7765696768743a203530303b206c696e652d6865696768743a20323670783b20636f6c6f723a207267622839312c2039312c203931293b20666f6e742d73697a653a20313870783b223e4172726976616c2061742048616c6f6e6720616e6420486f74656c20436865636b2d496e3c2f68333e3c70207374796c653d226d617267696e2d746f703a203870783b206d617267696e2d626f74746f6d3a203070783b20636f6c6f723a207267622839312c2039312c203931293b20666f6e742d73697a653a20313870783b206c696e652d6865696768743a20323870783b223e4166746572207369676874736565696e672061742048616e6f692c207472616e7366657220746f2048616c6f6e672c20636865636b20696e2074686520686f74656c2e204672656520616e64206561737920696e204861204c6f6e67206f722077616c6b20746f207669736974204861204c6f6e67206d61726b65742e3c2f703e3c2f6469763e3c2f6c693e3c6c6920636c6173733d22726f77206e6f2d6775747465727322207374796c653d22706f736974696f6e3a2072656c61746976653b207a2d696e6465783a20313b206d617267696e2d746f703a20333070783b223e3c7370616e20636c6173733d226c6973742d706f696e74206f726465722d3122207374796c653d22666c65783a203020312030253b223e3c7370616e207374796c653d2277696474683a20313770783b206865696768743a20313770783b206d617267696e2d72696768743a20323770783b20626f726465722d7261646975733a20313770783b206261636b67726f756e642d696d6167653a20696e697469616c3b206261636b67726f756e642d706f736974696f6e3a20696e697469616c3b206261636b67726f756e642d73697a653a20696e697469616c3b206261636b67726f756e642d7265706561743a20696e697469616c3b206261636b67726f756e642d6174746163686d656e743a20696e697469616c3b206261636b67726f756e642d6f726967696e3a20696e697469616c3b206261636b67726f756e642d636c69703a20696e697469616c3b20626f726465723a20322e35707820736f6c696420726762283234392c2032372c203535293b20646973706c61793a20626c6f636b3b206d617267696e2d746f703a203570783b223e3c2f7370616e3e3c2f7370616e3e3c7370616e20636c6173733d2265732d74696d65206f726465722d3222207374796c653d22666f6e742d66616d696c793a2067656f426f6f6b3b20666f6e742d7765696768743a20626f6c6465723b2077686974652d73706163653a206e6f777261703b20666c65783a203020312030253b20666f6e742d73697a653a20313870783b20636f6c6f723a207267622834382c2034382c203438293b206c696e652d6865696768743a20323670783b2070616464696e672d72696768743a20323070783b223e30383a303020504d3c2f7370616e3e3c64697620636c6173733d2265732d64657363206f726465722d3322207374796c653d22666c65783a203120312030253b223e3c6833207374796c653d22666f6e742d66616d696c793a2067656f426f6f6b3b206d617267696e2d626f74746f6d3a203070783b20666f6e742d7765696768743a203530303b206c696e652d6865696768743a20323670783b20636f6c6f723a207267622839312c2039312c203931293b20666f6e742d73697a653a20313870783b223e44696e6e65723c2f68333e3c70207374796c653d226d617267696e2d746f703a203870783b206d617267696e2d626f74746f6d3a203070783b20636f6c6f723a207267622839312c2039312c203931293b20666f6e742d73697a653a20313870783b206c696e652d6865696768743a20323870783b223e44696e6e65722077696c6c206265207365727665642061742061206c6f63616c2072657374617572616e742e20416e642073746179206f7665726e6967687420696e2048616c6f6e672e3c2f703e3c2f6469763e3c2f6c693e3c2f756c3e3c2f6469763e, 0, '2018-09-22 04:28:37', '2018-11-12 13:17:16');
INSERT INTO `packages` (`id`, `name`, `leaving_from`, `leaving_to`, `price`, `duration`, `minimum_persons`, `maximum_persons`, `start_date`, `closing_date`, `overview`, `program_schedule`, `a_hidden`, `created_at`, `updated_at`) VALUES
(4, 'Kuala Lumpur, Malaysia Package 2 Nights 3 Days', 'Dhaka, Bangladesh', 'Malaysia', '600', 4, 5, 12, '2018-09-21', '2022-07-23', 0x3c70207374796c653d22666f6e742d66616d696c793a2067656f4c696768743b206d617267696e2d626f74746f6d3a20333070783b20666f6e742d73697a653a20313870783b206c696e652d6865696768743a20323870783b20636f6c6f723a207267622839312c2039312c203931293b223e3c7370616e207374796c653d22666f6e742d66616d696c793a20617269616c2c2068656c7665746963612c2073616e732d73657269663b223e4b75616c61204c756d70757220697320746865206361706974616c206f66204d616c61797369612e20497473206d6f6465726e20736b796c696e6520697320646f6d696e6174656420627920746865203435316d2d74616c6c20506574726f6e6173205477696e20546f776572732c20612070616972206f6620676c6173732d616e642d737465656c2d636c616420736b79736372617065727320776974682049736c616d6963206d6f746966732e2054686520746f7765727320616c736f206f666665722061207075626c696320736b7962726964676520616e64206f62736572766174696f6e206465636b2e20546865206369747920697320616c736f20686f6d6520746f204272697469736820636f6c6f6e69616c2d657261206c616e646d61726b73207375636820617320746865204b75616c61204c756d707572205261696c7761792053746174696f6e20616e64207468652053756c74616e20416264756c2053616d6164204275696c64696e672e3c2f7370616e3e3c2f703e3c70207374796c653d22666f6e742d66616d696c793a2067656f4c696768743b206d617267696e2d626f74746f6d3a20333070783b20666f6e742d73697a653a20313870783b206c696e652d6865696768743a20323870783b20636f6c6f723a207267622839312c2039312c203931293b223e3c7370616e207374796c653d22666f6e742d66616d696c793a20617269616c2c2068656c7665746963612c2073616e732d73657269663b223e3c7370616e207374796c653d22666f6e742d66616d696c793a2067656f4c696768743b20666f6e742d7765696768743a20626f6c6465723b223e5061636b61676520496e636c756465733a3c2f7370616e3e3c2f7370616e3e3c2f703e3c756c207374796c653d22666f6e742d66616d696c793a2067656f4c696768743b20666f6e742d73697a653a20313670783b223e3c6c693e3c7370616e207374796c653d22666f6e742d66616d696c793a20617269616c2c2068656c7665746963612c2073616e732d73657269663b223e266e6273703b5370656369616c204d6565742c2047726565742026616d703b20417373697374616e6365206f6e20416972706f72743c2f7370616e3e3c2f6c693e3c6c693e3c7370616e207374796c653d22666f6e742d66616d696c793a20617269616c2c2068656c7665746963612c2073616e732d73657269663b223e266e6273703b4163636f6d6d6f646174696f6e203032204e6967687473206174204b75616c61204c756d7075722061742042454c5449462f53696d696c617220486f74656c2e3c2f7370616e3e3c2f6c693e3c6c693e3c7370616e207374796c653d22666f6e742d66616d696c793a20617269616c2c2068656c7665746963612c2073616e732d73657269663b223e266e6273703b4163636f6d6d6f646174696f6e205477696e2053686172696e672e3c2f7370616e3e3c2f6c693e3c6c693e3c7370616e207374796c653d22666f6e742d66616d696c793a20617269616c2c2068656c7665746963612c2073616e732d73657269663b223e266e6273703b46756c6c20626f617264204d65616c2028427265616b66617374202b204c756e6368202b2044696e6e6572293c2f7370616e3e3c2f6c693e3c6c693e3c7370616e207374796c653d22666f6e742d66616d696c793a20617269616c2c2068656c7665746963612c2073616e732d73657269663b223e266e6273703b5369676874736565696e67206174204b75616c61204c756d7075722026616d703b2047656e74696e6720686967686c616e647320746f75723c2f7370616e3e3c2f6c693e3c6c693e3c7370616e207374796c653d22666f6e742d66616d696c793a20617269616c2c2068656c7665746963612c2073616e732d73657269663b223e266e6273703b5472616e73706f72746174696f6e206279205072697661746520412f43202e3c2f7370616e3e3c2f6c693e3c6c693e3c7370616e207374796c653d22666f6e742d66616d696c793a20617269616c2c2068656c7665746963612c2073616e732d73657269663b223e266e6273703b50726f66657373696f6e616c20456e676c69736820537065616b696e672047756964652e3c2f7370616e3e3c2f6c693e3c2f756c3e3c70207374796c653d22666f6e742d66616d696c793a2067656f4c696768743b206d617267696e2d626f74746f6d3a20333070783b20666f6e742d73697a653a20313870783b206c696e652d6865696768743a20323870783b20636f6c6f723a207267622839312c2039312c203931293b223e3c7370616e207374796c653d22666f6e742d66616d696c793a20617269616c2c2068656c7665746963612c2073616e732d73657269663b223e3c7370616e207374796c653d22666f6e742d66616d696c793a2067656f4c696768743b20666f6e742d7765696768743a20626f6c6465723b223e5061636b616765204578636c756465733a3c2f7370616e3e3c2f7370616e3e3c2f703e3c756c207374796c653d22666f6e742d66616d696c793a2067656f4c696768743b20666f6e742d73697a653a20313670783b223e3c6c693e3c7370616e207374796c653d22666f6e742d66616d696c793a20617269616c2c2068656c7665746963612c2073616e732d73657269663b223e416972205469636b65743c2f7370616e3e3c2f6c693e3c6c693e3c7370616e207374796c653d22666f6e742d66616d696c793a20617269616c2c2068656c7665746963612c2073616e732d73657269663b223e566973613c2f7370616e3e3c2f6c693e3c6c693e3c7370616e207374796c653d22666f6e742d66616d696c793a20617269616c2c2068656c7665746963612c2073616e732d73657269663b223e416e79206974656d73206e6f74206d656e74696f6e656420696e207468652061626f7665206974696e65726172793c2f7370616e3e3c2f6c693e3c6c693e3c7370616e207374796c653d22666f6e742d66616d696c793a20617269616c2c2068656c7665746963612c2073616e732d73657269663b223e416e79204561726c7920636865636b2d696e202f206c61746520636865636b2d6f75743c2f7370616e3e3c2f6c693e3c6c693e3c7370616e207374796c653d22666f6e742d66616d696c793a20617269616c2c2068656c7665746963612c2073616e732d73657269663b223e416e79206b696e64206f6620706572736f6e616c20636f73743c2f7370616e3e3c2f6c693e3c2f756c3e3c70207374796c653d22666f6e742d66616d696c793a2067656f4c696768743b206d617267696e2d626f74746f6d3a20333070783b20666f6e742d73697a653a20313870783b206c696e652d6865696768743a20323870783b20636f6c6f723a207267622839312c2039312c203931293b223e3c7370616e207374796c653d22666f6e742d66616d696c793a20617269616c2c2068656c7665746963612c2073616e732d73657269663b223e3c7370616e207374796c653d22666f6e742d66616d696c793a2067656f4c696768743b20666f6e742d7765696768743a20626f6c6465723b223e2a2a2a2a20436f6e646974696f6e3a204d696e696d756d203420706572736f6e3c2f7370616e3e3c2f7370616e3e3c2f703e, 0x3c6469763e3c666f6e7420666163653d2267656f4c69676874223e3c7370616e207374796c653d22666f6e742d73697a653a20313670783b223e3c62723e3c2f7370616e3e3c2f666f6e743e3c2f6469763e3c64697620636c6173733d227461622d636f6e74656e7422207374796c653d22666f6e742d66616d696c793a2067656f4c696768743b20666f6e742d73697a653a20313670783b223e3c64697620726f6c653d2274616270616e656c2220636c6173733d227461622d70616e65206661646520696e206163746976652073686f77222069643d226461795f3122207374796c653d226f7061636974793a20313b223e3c756c20636c6173733d226576656e742d7363686564756c652d6c697374206c6973742d756e7374796c656422207374796c653d226d617267696e2d626f74746f6d3a20333070783b20706f736974696f6e3a2072656c61746976653b223e3c6c6920636c6173733d22726f77206e6f2d6775747465727322207374796c653d22706f736974696f6e3a2072656c61746976653b207a2d696e6465783a20313b223e3c7370616e20636c6173733d226c6973742d706f696e74206f726465722d3122207374796c653d22666c65783a203020312030253b223e3c7370616e207374796c653d2277696474683a20313770783b206865696768743a20313770783b206d617267696e2d72696768743a20323770783b20626f726465722d7261646975733a20313770783b206261636b67726f756e642d696d6167653a20696e697469616c3b206261636b67726f756e642d706f736974696f6e3a20696e697469616c3b206261636b67726f756e642d73697a653a20696e697469616c3b206261636b67726f756e642d7265706561743a20696e697469616c3b206261636b67726f756e642d6174746163686d656e743a20696e697469616c3b206261636b67726f756e642d6f726967696e3a20696e697469616c3b206261636b67726f756e642d636c69703a20696e697469616c3b20626f726465723a20322e35707820736f6c696420726762283234392c2032372c203535293b20646973706c61793a20626c6f636b3b206d617267696e2d746f703a203570783b223e3c2f7370616e3e3c2f7370616e3e3c7370616e20636c6173733d2265732d74696d65206f726465722d3222207374796c653d22666f6e742d66616d696c793a2067656f426f6f6b3b20666f6e742d7765696768743a20626f6c6465723b2077686974652d73706163653a206e6f777261703b20666c65783a203020312030253b20666f6e742d73697a653a20313870783b20636f6c6f723a207267622834382c2034382c203438293b206c696e652d6865696768743a20323670783b2070616464696e672d72696768743a20323070783b223e30363a333020414d3c2f7370616e3e3c64697620636c6173733d2265732d64657363206f726465722d3322207374796c653d22666c65783a203120312030253b223e3c6833207374796c653d22666f6e742d66616d696c793a2067656f426f6f6b3b206d617267696e2d626f74746f6d3a203070783b20666f6e742d7765696768743a203530303b206c696e652d6865696768743a20323670783b20636f6c6f723a207267622839312c2039312c203931293b20666f6e742d73697a653a20313870783b223e4172726976616c206174204b75616c61206c756d7075723c2f68333e3c70207374796c653d226d617267696e2d746f703a203870783b206d617267696e2d626f74746f6d3a203070783b20636f6c6f723a207267622839312c2039312c203931293b20666f6e742d73697a653a20313870783b206c696e652d6865696768743a20323870783b223e55706f6e206172726976616c206174204b4c49412c206d65657420616e642067726565742061742074686520616972706f7274206279206f757220726570726573656e7461746976652e20436865636b20696e20617420486f74656c2e3c2f703e3c2f6469763e3c2f6c693e3c6c6920636c6173733d22726f77206e6f2d6775747465727322207374796c653d22706f736974696f6e3a2072656c61746976653b207a2d696e6465783a20313b206d617267696e2d746f703a20333070783b223e3c7370616e20636c6173733d226c6973742d706f696e74206f726465722d3122207374796c653d22666c65783a203020312030253b223e3c7370616e207374796c653d2277696474683a20313770783b206865696768743a20313770783b206d617267696e2d72696768743a20323770783b20626f726465722d7261646975733a20313770783b206261636b67726f756e642d696d6167653a20696e697469616c3b206261636b67726f756e642d706f736974696f6e3a20696e697469616c3b206261636b67726f756e642d73697a653a20696e697469616c3b206261636b67726f756e642d7265706561743a20696e697469616c3b206261636b67726f756e642d6174746163686d656e743a20696e697469616c3b206261636b67726f756e642d6f726967696e3a20696e697469616c3b206261636b67726f756e642d636c69703a20696e697469616c3b20626f726465723a20322e35707820736f6c696420726762283234392c2032372c203535293b20646973706c61793a20626c6f636b3b206d617267696e2d746f703a203570783b223e3c2f7370616e3e3c2f7370616e3e3c7370616e20636c6173733d2265732d74696d65206f726465722d3222207374796c653d22666f6e742d66616d696c793a2067656f426f6f6b3b20666f6e742d7765696768743a20626f6c6465723b2077686974652d73706163653a206e6f777261703b20666c65783a203020312030253b20666f6e742d73697a653a20313870783b20636f6c6f723a207267622834382c2034382c203438293b206c696e652d6865696768743a20323670783b2070616464696e672d72696768743a20323070783b223e30323a303020504d3c2f7370616e3e3c64697620636c6173733d2265732d64657363206f726465722d3322207374796c653d22666c65783a203120312030253b223e3c6833207374796c653d22666f6e742d66616d696c793a2067656f426f6f6b3b206d617267696e2d626f74746f6d3a203070783b20666f6e742d7765696768743a203530303b206c696e652d6865696768743a20323670783b20636f6c6f723a207267622839312c2039312c203931293b20666f6e742d73697a653a20313870783b223e4c756e63682026616d703b204369747920546f75723c2f68333e3c70207374796c653d226d617267696e2d746f703a203870783b206d617267696e2d626f74746f6d3a203070783b20636f6c6f723a207267622839312c2039312c203931293b20666f6e742d73697a653a20313870783b206c696e652d6865696768743a20323870783b223e4c756e63682074696d652026616d703b206166746572206c756e63682070726f6365656420666f722048616c6620446179204369747920546f7572206f66204b75616c61204c756d70757220636f766572696e67204e6174696f6e616c204d6f6e756d656e742c20496e646570656e64656e74205371756172652c204b696e672050616c6163652c204e6174696f6e616c204d757365756d2c204b6c20546f77657220286f62736572766174696f6e204465636b292c266e6273703b506574726f6e6173205477696e20546f776572202850686f746f2053686f7029206f6620746865206369747920696e20746865206475726174696f6e206f6620303520486f7572732e3c2f703e3c2f6469763e3c2f6c693e3c6c6920636c6173733d22726f77206e6f2d6775747465727322207374796c653d22706f736974696f6e3a2072656c61746976653b207a2d696e6465783a20313b206d617267696e2d746f703a20333070783b223e3c7370616e20636c6173733d226c6973742d706f696e74206f726465722d3122207374796c653d22666c65783a203020312030253b223e3c7370616e207374796c653d2277696474683a20313770783b206865696768743a20313770783b206d617267696e2d72696768743a20323770783b20626f726465722d7261646975733a20313770783b206261636b67726f756e642d696d6167653a20696e697469616c3b206261636b67726f756e642d706f736974696f6e3a20696e697469616c3b206261636b67726f756e642d73697a653a20696e697469616c3b206261636b67726f756e642d7265706561743a20696e697469616c3b206261636b67726f756e642d6174746163686d656e743a20696e697469616c3b206261636b67726f756e642d6f726967696e3a20696e697469616c3b206261636b67726f756e642d636c69703a20696e697469616c3b20626f726465723a20322e35707820736f6c696420726762283234392c2032372c203535293b20646973706c61793a20626c6f636b3b206d617267696e2d746f703a203570783b223e3c2f7370616e3e3c2f7370616e3e3c7370616e20636c6173733d2265732d74696d65206f726465722d3222207374796c653d22666f6e742d66616d696c793a2067656f426f6f6b3b20666f6e742d7765696768743a20626f6c6465723b2077686974652d73706163653a206e6f777261703b20666c65783a203020312030253b20666f6e742d73697a653a20313870783b20636f6c6f723a207267622834382c2034382c203438293b206c696e652d6865696768743a20323670783b2070616464696e672d72696768743a20323070783b223e30373a333020504d3c2f7370616e3e3c64697620636c6173733d2265732d64657363206f726465722d3322207374796c653d22666c65783a203120312030253b223e3c6833207374796c653d22666f6e742d66616d696c793a2067656f426f6f6b3b206d617267696e2d626f74746f6d3a203070783b20666f6e742d7765696768743a203530303b206c696e652d6865696768743a20323670783b20636f6c6f723a207267622839312c2039312c203931293b20666f6e742d73697a653a20313870783b223e4261636b20746f20486f74656c3c2f68333e3c70207374796c653d226d617267696e2d746f703a203870783b206d617267696e2d626f74746f6d3a203070783b20636f6c6f723a207267622839312c2039312c203931293b20666f6e742d73697a653a20313870783b206c696e652d6865696768743a20323870783b223e4261636b20746f20686f74656c20616e64207468656e206c6569737572652074696d652e3c2f703e3c2f6469763e3c2f6c693e3c6c6920636c6173733d22726f77206e6f2d6775747465727322207374796c653d22706f736974696f6e3a2072656c61746976653b207a2d696e6465783a20313b206d617267696e2d746f703a20333070783b223e3c7370616e20636c6173733d226c6973742d706f696e74206f726465722d3122207374796c653d22666c65783a203020312030253b223e3c7370616e207374796c653d2277696474683a20313770783b206865696768743a20313770783b206d617267696e2d72696768743a20323770783b20626f726465722d7261646975733a20313770783b206261636b67726f756e642d696d6167653a20696e697469616c3b206261636b67726f756e642d706f736974696f6e3a20696e697469616c3b206261636b67726f756e642d73697a653a20696e697469616c3b206261636b67726f756e642d7265706561743a20696e697469616c3b206261636b67726f756e642d6174746163686d656e743a20696e697469616c3b206261636b67726f756e642d6f726967696e3a20696e697469616c3b206261636b67726f756e642d636c69703a20696e697469616c3b20626f726465723a20322e35707820736f6c696420726762283234392c2032372c203535293b20646973706c61793a20626c6f636b3b206d617267696e2d746f703a203570783b223e3c2f7370616e3e3c2f7370616e3e3c7370616e20636c6173733d2265732d74696d65206f726465722d3222207374796c653d22666f6e742d66616d696c793a2067656f426f6f6b3b20666f6e742d7765696768743a20626f6c6465723b2077686974652d73706163653a206e6f777261703b20666c65783a203020312030253b20666f6e742d73697a653a20313870783b20636f6c6f723a207267622834382c2034382c203438293b206c696e652d6865696768743a20323670783b2070616464696e672d72696768743a20323070783b223e30383a333020504d3c2f7370616e3e3c64697620636c6173733d2265732d64657363206f726465722d3322207374796c653d22666c65783a203120312030253b223e3c6833207374796c653d22666f6e742d66616d696c793a2067656f426f6f6b3b206d617267696e2d626f74746f6d3a203070783b20666f6e742d7765696768743a203530303b206c696e652d6865696768743a20323670783b20636f6c6f723a207267622839312c2039312c203931293b20666f6e742d73697a653a20313870783b223e44696e6e65723c2f68333e3c70207374796c653d226d617267696e2d746f703a203870783b206d617267696e2d626f74746f6d3a203070783b20636f6c6f723a207267622839312c2039312c203931293b20666f6e742d73697a653a20313870783b206c696e652d6865696768743a20323870783b223e44696e6e65722074696d6520616e64206e69676874207374617920617420686f74656c2e3c2f703e3c2f6469763e3c2f6c693e3c2f756c3e3c2f6469763e3c2f6469763e, 0, '2018-09-22 04:52:09', '2018-11-11 12:42:44'),
(5, 'Bhutan Package 2 Nights 3 Days', 'Bangladesh', 'Bhutan', '1400', 3, 4, 12, '2018-10-01', '2019-07-10', 0x3c70207374796c653d22666f6e742d66616d696c793a2067656f4c696768743b206d617267696e2d626f74746f6d3a20333070783b20666f6e742d73697a653a20313870783b206c696e652d6865696768743a20323870783b20636f6c6f723a207267622839312c2039312c203931293b223e3c7370616e207374796c653d22666f6e742d66616d696c793a20617269616c2c2068656c7665746963612c2073616e732d73657269663b20666f6e742d73697a653a20313270743b223e5061726f20697320612076616c6c657920746f776e20696e2042687574616e2c2077657374206f6620746865206361706974616c2c205468696d7068752e204974206973207468652073697465206f662074686520636f756e747279e2809973206f6e6c7920696e7465726e6174696f6e616c20616972706f727420616e6420697320616c736f206b6e6f776e20666f7220746865206d616e792073616372656420736974657320696e2074686520617265612e204e6f727468206f6620746f776e2c207468652054616b7473616e672050616c7068756720285469676572e2809973204e65737429206d6f6e61737465727920636c696e677320746f20636c696666732061626f76652074686520666f726573746564205061726f2056616c6c65792e204e6f72746877657374206f66206865726520617265207468652072656d61696e73206f66206120646566656e7369766520666f7274726573732c204472756b6779656c20447a6f6e672c20646174696e672066726f6d2074686520313774682063656e747572792e3c2f7370616e3e3c2f703e3c70207374796c653d22666f6e742d66616d696c793a2067656f4c696768743b206d617267696e2d626f74746f6d3a20333070783b20666f6e742d73697a653a20313870783b206c696e652d6865696768743a20323870783b20636f6c6f723a207267622839312c2039312c203931293b223e3c7370616e207374796c653d22666f6e742d66616d696c793a20617269616c2c2068656c7665746963612c2073616e732d73657269663b20666f6e742d73697a653a20313270743b223e5468696d7068752c2042687574616ee2809973206361706974616c2c206f6363757069657320612076616c6c657920696e2074686520636f756e747279e2809973207765737465726e20696e746572696f722e20496e206164646974696f6e20746f206265696e672074686520676f7665726e6d656e7420736561742c207468652063697479206973206b6e6f776e20666f72206974732042756464686973742073697465732e20546865206d6173736976652054617368696368686f20447a6f6e67206973206120666f72746966696564206d6f6e61737465727920616e6420676f7665726e6d656e742070616c616365207769746820676f6c642d6c65616620726f6f66732e20546865204d656d6f7269616c2043686f7274656e2c2061207768697465776173686564207374727563747572652077697468206120676f6c642073706972652c2069732061207265766572656420427564646869737420736872696e652064656469636174656420746f2042687574616ee2809973207468697264206b696e672c204a69676d6520446f726a692057616e67636875636b2e3c2f7370616e3e3c2f703e3c70207374796c653d22666f6e742d66616d696c793a2067656f4c696768743b206d617267696e2d626f74746f6d3a20333070783b20666f6e742d73697a653a20313870783b206c696e652d6865696768743a20323870783b20636f6c6f723a207267622839312c2039312c203931293b223e3c7370616e207374796c653d22666f6e742d66616d696c793a20617269616c2c2068656c7665746963612c2073616e732d73657269663b20666f6e742d73697a653a20313270743b223e3c7370616e207374796c653d22666f6e742d66616d696c793a2067656f4c696768743b20666f6e742d7765696768743a20626f6c6465723b223e5061636b61676520496e636c756465733a3c2f7370616e3e3c2f7370616e3e3c2f703e3c756c207374796c653d22666f6e742d66616d696c793a2067656f4c696768743b20666f6e742d73697a653a20313670783b223e3c6c693e3c7370616e207374796c653d22666f6e742d66616d696c793a20617269616c2c2068656c7665746963612c2073616e732d73657269663b20666f6e742d73697a653a20313270743b223e5370656369616c204d6565742c2047726565742026616d703b20417373697374616e6365206f6e20416972706f72743c2f7370616e3e3c2f6c693e3c6c693e3c7370616e207374796c653d22666f6e742d66616d696c793a20617269616c2c2068656c7665746963612c2073616e732d73657269663b20666f6e742d73697a653a20313270743b223e4163636f6d6d6f646174696f6e203031204e69676874205468696d707520616e64203031204e69676874205061726f2e3c2f7370616e3e3c2f6c693e3c6c693e3c7370616e207374796c653d22666f6e742d66616d696c793a20617269616c2c2068656c7665746963612c2073616e732d73657269663b20666f6e742d73697a653a20313270743b223e4163636f6d6d6f646174696f6e205477696e2053686172696e672e3c2f7370616e3e3c2f6c693e3c6c693e3c7370616e207374796c653d22666f6e742d66616d696c793a20617269616c2c2068656c7665746963612c2073616e732d73657269663b20666f6e742d73697a653a20313270743b223e46756c6c20626f617264204d65616c2028427265616b666173742b4c756e63682b44696e6e6572293c2f7370616e3e3c2f6c693e3c6c693e3c7370616e207374796c653d22666f6e742d66616d696c793a20617269616c2c2068656c7665746963612c2073616e732d73657269663b20666f6e742d73697a653a20313270743b223e46756c6c2074696d6520412f43205472616e73706f72742e3c2f7370616e3e3c2f6c693e3c6c693e3c7370616e207374796c653d22666f6e742d66616d696c793a20617269616c2c2068656c7665746963612c2073616e732d73657269663b20666f6e742d73697a653a20313270743b223e5369676874736565696e67206174205468696d70752026616d703b205061726f266e6273703b3c2f7370616e3e3c2f6c693e3c6c693e3c7370616e207374796c653d22666f6e742d66616d696c793a20617269616c2c2068656c7665746963612c2073616e732d73657269663b20666f6e742d73697a653a20313270743b223e50726f66657373696f6e616c20456e676c69736820537065616b696e672047756964652e3c2f7370616e3e3c2f6c693e3c2f756c3e3c70207374796c653d22666f6e742d66616d696c793a2067656f4c696768743b206d617267696e2d626f74746f6d3a20333070783b20666f6e742d73697a653a20313870783b206c696e652d6865696768743a20323870783b20636f6c6f723a207267622839312c2039312c203931293b223e3c7370616e207374796c653d22666f6e742d66616d696c793a20617269616c2c2068656c7665746963612c2073616e732d73657269663b20666f6e742d73697a653a20313270743b223e3c7370616e207374796c653d22666f6e742d66616d696c793a2067656f4c696768743b20666f6e742d7765696768743a20626f6c6465723b223e5061636b616765204578636c756465733a3c2f7370616e3e3c2f7370616e3e3c2f703e3c756c207374796c653d22666f6e742d66616d696c793a2067656f4c696768743b20666f6e742d73697a653a20313670783b223e3c6c693e3c7370616e207374796c653d22666f6e742d66616d696c793a20617269616c2c2068656c7665746963612c2073616e732d73657269663b20666f6e742d73697a653a20313270743b223e416972205469636b65743c2f7370616e3e3c2f6c693e3c6c693e3c7370616e207374796c653d22666f6e742d66616d696c793a20617269616c2c2068656c7665746963612c2073616e732d73657269663b20666f6e742d73697a653a20313270743b223e456e747279204665653c2f7370616e3e3c2f6c693e3c6c693e3c7370616e207374796c653d22666f6e742d66616d696c793a20617269616c2c2068656c7665746963612c2073616e732d73657269663b20666f6e742d73697a653a20313270743b223e416e79206b696e64206f6620706572736f6e616c20457870656e7365733c6272207374796c653d22666f6e742d66616d696c793a2067656f4c696768743b223e3c2f7370616e3e3c2f6c693e3c2f756c3e3c70207374796c653d22666f6e742d66616d696c793a2067656f4c696768743b206d617267696e2d626f74746f6d3a20333070783b20666f6e742d73697a653a20313870783b206c696e652d6865696768743a20323870783b20636f6c6f723a207267622839312c2039312c203931293b223e3c7370616e207374796c653d22666f6e742d66616d696c793a20617269616c2c2068656c7665746963612c2073616e732d73657269663b20666f6e742d73697a653a20313270743b223e3c7370616e207374796c653d22666f6e742d66616d696c793a2067656f4c696768743b20666f6e742d7765696768743a20626f6c6465723b223e2a2a2a2a20436f6e646974696f6e3a204d696e696d756d203420506572736f6e266e6273703b3c2f7370616e3e3c2f7370616e3e3c2f703e, 0x3c6469763e3c666f6e7420666163653d2267656f4c69676874223e3c7370616e207374796c653d22666f6e742d73697a653a20313670783b223e3c62723e3c2f7370616e3e3c2f666f6e743e3c2f6469763e3c64697620636c6173733d227461622d636f6e74656e7422207374796c653d22666f6e742d66616d696c793a2067656f4c696768743b20666f6e742d73697a653a20313670783b223e3c64697620726f6c653d2274616270616e656c2220636c6173733d227461622d70616e65206661646520696e206163746976652073686f77222069643d226461795f3122207374796c653d226f7061636974793a20313b223e3c756c20636c6173733d226576656e742d7363686564756c652d6c697374206c6973742d756e7374796c656422207374796c653d226d617267696e2d626f74746f6d3a20333070783b20706f736974696f6e3a2072656c61746976653b223e3c6c6920636c6173733d22726f77206e6f2d6775747465727322207374796c653d22706f736974696f6e3a2072656c61746976653b207a2d696e6465783a20313b223e3c7370616e20636c6173733d226c6973742d706f696e74206f726465722d3122207374796c653d22666c65783a203020312030253b223e3c7370616e207374796c653d2277696474683a20313770783b206865696768743a20313770783b206d617267696e2d72696768743a20323770783b20626f726465722d7261646975733a20313770783b206261636b67726f756e642d696d6167653a20696e697469616c3b206261636b67726f756e642d706f736974696f6e3a20696e697469616c3b206261636b67726f756e642d73697a653a20696e697469616c3b206261636b67726f756e642d7265706561743a20696e697469616c3b206261636b67726f756e642d6174746163686d656e743a20696e697469616c3b206261636b67726f756e642d6f726967696e3a20696e697469616c3b206261636b67726f756e642d636c69703a20696e697469616c3b20626f726465723a20322e35707820736f6c696420726762283234392c2032372c203535293b20646973706c61793a20626c6f636b3b206d617267696e2d746f703a203570783b223e3c2f7370616e3e3c2f7370616e3e3c7370616e20636c6173733d2265732d74696d65206f726465722d3222207374796c653d22666f6e742d66616d696c793a2067656f426f6f6b3b20666f6e742d7765696768743a20626f6c6465723b2077686974652d73706163653a206e6f777261703b20666c65783a203020312030253b20666f6e742d73697a653a20313870783b20636f6c6f723a207267622834382c2034382c203438293b206c696e652d6865696768743a20323670783b2070616464696e672d72696768743a20323070783b223e31313a303020414d3c2f7370616e3e3c64697620636c6173733d2265732d64657363206f726465722d3322207374796c653d22666c65783a203120312030253b223e3c6833207374796c653d22666f6e742d66616d696c793a2067656f426f6f6b3b206d617267696e2d626f74746f6d3a203070783b20666f6e742d7765696768743a203530303b206c696e652d6865696768743a20323670783b20636f6c6f723a207267622839312c2039312c203931293b20666f6e742d73697a653a20313870783b223e4172726976616c206174205061726f3c2f68333e3c70207374796c653d226d617267696e2d746f703a203870783b206d617267696e2d626f74746f6d3a203070783b20636f6c6f723a207267622839312c2039312c203931293b20666f6e742d73697a653a20313870783b206c696e652d6865696768743a20323870783b223e546f7572697374732077696c6c206265207265636569766564206174205061726f20416972706f7274205472616e7366657220746f205468696d70687520486f74656c2e3c2f703e3c2f6469763e3c2f6c693e3c6c6920636c6173733d22726f77206e6f2d6775747465727322207374796c653d22706f736974696f6e3a2072656c61746976653b207a2d696e6465783a20313b206d617267696e2d746f703a20333070783b223e3c7370616e20636c6173733d226c6973742d706f696e74206f726465722d3122207374796c653d22666c65783a203020312030253b223e3c7370616e207374796c653d2277696474683a20313770783b206865696768743a20313770783b206d617267696e2d72696768743a20323770783b20626f726465722d7261646975733a20313770783b206261636b67726f756e642d696d6167653a20696e697469616c3b206261636b67726f756e642d706f736974696f6e3a20696e697469616c3b206261636b67726f756e642d73697a653a20696e697469616c3b206261636b67726f756e642d7265706561743a20696e697469616c3b206261636b67726f756e642d6174746163686d656e743a20696e697469616c3b206261636b67726f756e642d6f726967696e3a20696e697469616c3b206261636b67726f756e642d636c69703a20696e697469616c3b20626f726465723a20322e35707820736f6c696420726762283234392c2032372c203535293b20646973706c61793a20626c6f636b3b206d617267696e2d746f703a203570783b223e3c2f7370616e3e3c2f7370616e3e3c7370616e20636c6173733d2265732d74696d65206f726465722d3222207374796c653d22666f6e742d66616d696c793a2067656f426f6f6b3b20666f6e742d7765696768743a20626f6c6465723b2077686974652d73706163653a206e6f777261703b20666c65783a203020312030253b20666f6e742d73697a653a20313870783b20636f6c6f723a207267622834382c2034382c203438293b206c696e652d6865696768743a20323670783b2070616464696e672d72696768743a20323070783b223e31323a333020504d3c2f7370616e3e3c64697620636c6173733d2265732d64657363206f726465722d3322207374796c653d22666c65783a203120312030253b223e3c6833207374796c653d22666f6e742d66616d696c793a2067656f426f6f6b3b206d617267696e2d626f74746f6d3a203070783b20666f6e742d7765696768743a203530303b206c696e652d6865696768743a20323670783b20636f6c6f723a207267622839312c2039312c203931293b20666f6e742d73697a653a20313870783b223e4172726976616c206174205468696d70753c2f68333e3c70207374796c653d226d617267696e2d746f703a203870783b206d617267696e2d626f74746f6d3a203070783b20636f6c6f723a207267622839312c2039312c203931293b20666f6e742d73697a653a20313870783b206c696e652d6865696768743a20323870783b223e4974e2809973203120686f7572207363656e69632064726976652e204f6e207468652077617920766973697420526f61642026616d703b20726976657220736964652054656d706c65202849726f6e204272696467652026616d703b2054616d63686f6e67204c616b68616e67292e3c2f703e3c2f6469763e3c2f6c693e3c6c6920636c6173733d22726f77206e6f2d6775747465727322207374796c653d22706f736974696f6e3a2072656c61746976653b207a2d696e6465783a20313b206d617267696e2d746f703a20333070783b223e3c7370616e20636c6173733d226c6973742d706f696e74206f726465722d3122207374796c653d22666c65783a203020312030253b223e3c7370616e207374796c653d2277696474683a20313770783b206865696768743a20313770783b206d617267696e2d72696768743a20323770783b20626f726465722d7261646975733a20313770783b206261636b67726f756e642d696d6167653a20696e697469616c3b206261636b67726f756e642d706f736974696f6e3a20696e697469616c3b206261636b67726f756e642d73697a653a20696e697469616c3b206261636b67726f756e642d7265706561743a20696e697469616c3b206261636b67726f756e642d6174746163686d656e743a20696e697469616c3b206261636b67726f756e642d6f726967696e3a20696e697469616c3b206261636b67726f756e642d636c69703a20696e697469616c3b20626f726465723a20322e35707820736f6c696420726762283234392c2032372c203535293b20646973706c61793a20626c6f636b3b206d617267696e2d746f703a203570783b223e3c2f7370616e3e3c2f7370616e3e3c7370616e20636c6173733d2265732d74696d65206f726465722d3222207374796c653d22666f6e742d66616d696c793a2067656f426f6f6b3b20666f6e742d7765696768743a20626f6c6465723b2077686974652d73706163653a206e6f777261703b20666c65783a203020312030253b20666f6e742d73697a653a20313870783b20636f6c6f723a207267622834382c2034382c203438293b206c696e652d6865696768743a20323670783b2070616464696e672d72696768743a20323070783b223e30323a303020504d3c2f7370616e3e3c64697620636c6173733d2265732d64657363206f726465722d3322207374796c653d22666c65783a203120312030253b223e3c6833207374796c653d22666f6e742d66616d696c793a2067656f426f6f6b3b206d617267696e2d626f74746f6d3a203070783b20666f6e742d7765696768743a203530303b206c696e652d6865696768743a20323670783b20636f6c6f723a207267622839312c2039312c203931293b20666f6e742d73697a653a20313870783b223e4c756e636820616e64205369676874736565696e673c2f68333e3c70207374796c653d226d617267696e2d746f703a203870783b206d617267696e2d626f74746f6d3a203070783b20636f6c6f723a207267622839312c2039312c203931293b20666f6e742d73697a653a20313870783b206c696e652d6865696768743a20323870783b223e4c756e63682074696d652e20416e6420616674657220686176696e67206c756e636820766973697420427564646120506f696e742c20417263686572792047726f756e642c204d656d6f7269616c2043686f7274656e2e3c2f703e3c2f6469763e3c2f6c693e3c6c6920636c6173733d22726f77206e6f2d6775747465727322207374796c653d22706f736974696f6e3a2072656c61746976653b207a2d696e6465783a20313b206d617267696e2d746f703a20333070783b223e3c7370616e20636c6173733d226c6973742d706f696e74206f726465722d3122207374796c653d22666c65783a203020312030253b223e3c7370616e207374796c653d2277696474683a20313770783b206865696768743a20313770783b206d617267696e2d72696768743a20323770783b20626f726465722d7261646975733a20313770783b206261636b67726f756e642d696d6167653a20696e697469616c3b206261636b67726f756e642d706f736974696f6e3a20696e697469616c3b206261636b67726f756e642d73697a653a20696e697469616c3b206261636b67726f756e642d7265706561743a20696e697469616c3b206261636b67726f756e642d6174746163686d656e743a20696e697469616c3b206261636b67726f756e642d6f726967696e3a20696e697469616c3b206261636b67726f756e642d636c69703a20696e697469616c3b20626f726465723a20322e35707820736f6c696420726762283234392c2032372c203535293b20646973706c61793a20626c6f636b3b206d617267696e2d746f703a203570783b223e3c2f7370616e3e3c2f7370616e3e3c7370616e20636c6173733d2265732d74696d65206f726465722d3222207374796c653d22666f6e742d66616d696c793a2067656f426f6f6b3b20666f6e742d7765696768743a20626f6c6465723b2077686974652d73706163653a206e6f777261703b20666c65783a203020312030253b20666f6e742d73697a653a20313870783b20636f6c6f723a207267622834382c2034382c203438293b206c696e652d6865696768743a20323670783b2070616464696e672d72696768743a20323070783b223e30363a303020504d3c2f7370616e3e3c64697620636c6173733d2265732d64657363206f726465722d3322207374796c653d22666c65783a203120312030253b223e3c6833207374796c653d22666f6e742d66616d696c793a2067656f426f6f6b3b206d617267696e2d626f74746f6d3a203070783b20666f6e742d7765696768743a203530303b206c696e652d6865696768743a20323670783b20636f6c6f723a207267622839312c2039312c203931293b20666f6e742d73697a653a20313870783b223e4261636b20746f20486f74656c3c2f68333e3c70207374796c653d226d617267696e2d746f703a203870783b206d617267696e2d626f74746f6d3a203070783b20636f6c6f723a207267622839312c2039312c203931293b20666f6e742d73697a653a20313870783b206c696e652d6865696768743a20323870783b223e416674657220636f6d696e67206261636b20746f7572697374732077696c6c206765742061206c6569737572652074696d652026616d703b2063616e20656e6a6f792074686569722074696d652e3c2f703e3c2f6469763e3c2f6c693e3c6c6920636c6173733d22726f77206e6f2d6775747465727322207374796c653d22706f736974696f6e3a2072656c61746976653b207a2d696e6465783a20313b206d617267696e2d746f703a20333070783b223e3c7370616e20636c6173733d226c6973742d706f696e74206f726465722d3122207374796c653d22666c65783a203020312030253b223e3c7370616e207374796c653d2277696474683a20313770783b206865696768743a20313770783b206d617267696e2d72696768743a20323770783b20626f726465722d7261646975733a20313770783b206261636b67726f756e642d696d6167653a20696e697469616c3b206261636b67726f756e642d706f736974696f6e3a20696e697469616c3b206261636b67726f756e642d73697a653a20696e697469616c3b206261636b67726f756e642d7265706561743a20696e697469616c3b206261636b67726f756e642d6174746163686d656e743a20696e697469616c3b206261636b67726f756e642d6f726967696e3a20696e697469616c3b206261636b67726f756e642d636c69703a20696e697469616c3b20626f726465723a20322e35707820736f6c696420726762283234392c2032372c203535293b20646973706c61793a20626c6f636b3b206d617267696e2d746f703a203570783b223e3c2f7370616e3e3c2f7370616e3e3c7370616e20636c6173733d2265732d74696d65206f726465722d3222207374796c653d22666f6e742d66616d696c793a2067656f426f6f6b3b20666f6e742d7765696768743a20626f6c6465723b2077686974652d73706163653a206e6f777261703b20666c65783a203020312030253b20666f6e742d73697a653a20313870783b20636f6c6f723a207267622834382c2034382c203438293b206c696e652d6865696768743a20323670783b2070616464696e672d72696768743a20323070783b223e30383a303020504d3c2f7370616e3e3c64697620636c6173733d2265732d64657363206f726465722d3322207374796c653d22666c65783a203120312030253b223e3c6833207374796c653d22666f6e742d66616d696c793a2067656f426f6f6b3b206d617267696e2d626f74746f6d3a203070783b20666f6e742d7765696768743a203530303b206c696e652d6865696768743a20323670783b20636f6c6f723a207267622839312c2039312c203931293b20666f6e742d73697a653a20313870783b223e44696e6e65723c2f68333e3c70207374796c653d226d617267696e2d746f703a203870783b206d617267696e2d626f74746f6d3a203070783b20636f6c6f723a207267622839312c2039312c203931293b20666f6e742d73697a653a20313870783b206c696e652d6865696768743a20323870783b223e44696e6e657220617420486f74656c20616e64206e696768742073746179206174205468696d7068752e3c2f703e3c2f6469763e3c2f6c693e3c2f756c3e3c2f6469763e3c2f6469763e, 0, '2018-10-01 07:06:21', '2018-10-10 13:06:36'),
(6, 'Bangkok, Thailand Package', 'Bangladesh', 'Bangkok, Thailand', '800', 4, 4, 9, '2018-10-30', '2019-11-21', 0x3c70207374796c653d22666f6e742d66616d696c793a2067656f4c696768743b206d617267696e2d626f74746f6d3a20333070783b20666f6e742d73697a653a20313870783b206c696e652d6865696768743a20323870783b20636f6c6f723a207267622839312c2039312c203931293b223e3c7370616e207374796c653d22666f6e742d66616d696c793a20617269616c2c2068656c7665746963612c2073616e732d73657269663b223e42616e676b6f6b2c20546861696c616e64e2809973206361706974616c2c2069732061206c617267652063697479206b6e6f776e20666f72206f726e61746520736872696e657320616e642076696272616e7420737472656574206c6966652e2054686520626f61742d66696c6c6564204368616f2050687261796120526976657220666565647320697473206e6574776f726b206f662063616e616c732c20666c6f77696e672070617374207468652052617474616e616b6f73696e20726f79616c2064697374726963742c20686f6d6520746f206f70756c656e74204772616e642050616c61636520616e642069747320736163726564205761742050687261204b6165772054656d706c652e204e6561726279206973205761742050686f2054656d706c65207769746820616e20656e6f726d6f7573207265636c696e696e672042756464686120616e642c206f6e20746865206f70706f736974652073686f72652c20576174204172756e2054656d706c6520776974682069747320737465657020737465707320616e64204b686d65722d7374796c652073706972652e3c2f7370616e3e3c2f703e3c70207374796c653d22666f6e742d66616d696c793a2067656f4c696768743b206d617267696e2d626f74746f6d3a20333070783b20666f6e742d73697a653a20313870783b206c696e652d6865696768743a20323870783b20636f6c6f723a207267622839312c2039312c203931293b223e3c7370616e207374796c653d22666f6e742d66616d696c793a20617269616c2c2068656c7665746963612c2073616e732d73657269663b223e3c7370616e207374796c653d22666f6e742d66616d696c793a2067656f4c696768743b20666f6e742d7765696768743a20626f6c6465723b223e5061636b61676520496e636c756465733a3c2f7370616e3e3c2f7370616e3e3c2f703e3c756c207374796c653d22666f6e742d66616d696c793a2067656f4c696768743b20666f6e742d73697a653a20313670783b223e3c6c693e3c7370616e207374796c653d22666f6e742d66616d696c793a20617269616c2c2068656c7665746963612c2073616e732d73657269663b223e5370656369616c204d6565742c2047726565742026616d703b20417373697374616e6365206f6e20416972706f72743c2f7370616e3e3c2f6c693e3c6c693e3c7370616e207374796c653d22666f6e742d66616d696c793a20617269616c2c2068656c7665746963612c2073616e732d73657269663b223e4163636f6d6d6f646174696f6e203031204e6967687420696e205061747461796120617420474f4c44454e20424541434820486f74656c2026616d703b203032204e6967687420696e2042616e676b6f6b20617420554e49434f2045585052455353266e6273703b20486f74656c2e3c2f7370616e3e3c2f6c693e3c6c693e3c7370616e207374796c653d22666f6e742d66616d696c793a20617269616c2c2068656c7665746963612c2073616e732d73657269663b223e4163636f6d6d6f646174696f6e205477696e2053686172696e672e3c2f7370616e3e3c2f6c693e3c6c693e3c7370616e207374796c653d22666f6e742d66616d696c793a20617269616c2c2068656c7665746963612c2073616e732d73657269663b223e46756c6c20626f617264204d65616c2028427265616b66617374202b204c756e6368202b2044696e6e6572293c2f7370616e3e3c2f6c693e3c6c693e3c7370616e207374796c653d22666f6e742d66616d696c793a20617269616c2c2068656c7665746963612c2073616e732d73657269663b223e5369676874736565696e672028436f72616c2049736c616e6420746f75722920617420506174746179613c2f7370616e3e3c2f6c693e3c6c693e3c7370616e207374796c653d22666f6e742d66616d696c793a20617269616c2c2068656c7665746963612c2073616e732d73657269663b223e5369676874736565696e672061742042616e676b6f6b3c2f7370616e3e3c2f6c693e3c6c693e3c7370616e207374796c653d22666f6e742d66616d696c793a20617269616c2c2068656c7665746963612c2073616e732d73657269663b223e5472616e73706f72746174696f6e206279205072697661746520412f43202e3c2f7370616e3e3c2f6c693e3c6c693e3c7370616e207374796c653d22666f6e742d66616d696c793a20617269616c2c2068656c7665746963612c2073616e732d73657269663b223e456e7472616e63652046656573206173206d656e74696f6e204974696e65726172793c2f7370616e3e3c2f6c693e3c6c693e3c7370616e207374796c653d22666f6e742d66616d696c793a20617269616c2c2068656c7665746963612c2073616e732d73657269663b223e50726f66657373696f6e616c20456e676c69736820537065616b696e672047756964652e3c2f7370616e3e3c2f6c693e3c2f756c3e3c70207374796c653d22666f6e742d66616d696c793a2067656f4c696768743b206d617267696e2d626f74746f6d3a20333070783b20666f6e742d73697a653a20313870783b206c696e652d6865696768743a20323870783b20636f6c6f723a207267622839312c2039312c203931293b223e3c7370616e207374796c653d22666f6e742d66616d696c793a20617269616c2c2068656c7665746963612c2073616e732d73657269663b223e3c7370616e207374796c653d22666f6e742d66616d696c793a2067656f4c696768743b20666f6e742d7765696768743a20626f6c6465723b223e5061636b616765204578636c756465733a3c2f7370616e3e3c2f7370616e3e3c2f703e3c756c207374796c653d22666f6e742d66616d696c793a2067656f4c696768743b20666f6e742d73697a653a20313670783b223e3c6c693e3c7370616e207374796c653d22666f6e742d66616d696c793a20617269616c2c2068656c7665746963612c2073616e732d73657269663b223e416972205469636b65743c2f7370616e3e3c2f6c693e3c6c693e3c7370616e207374796c653d22666f6e742d66616d696c793a20617269616c2c2068656c7665746963612c2073616e732d73657269663b223e566973613c2f7370616e3e3c2f6c693e3c6c693e3c7370616e207374796c653d22666f6e742d66616d696c793a20617269616c2c2068656c7665746963612c2073616e732d73657269663b223e416e79206974656d73206e6f74206d656e74696f6e656420696e207468652061626f7665206974696e65726172793c2f7370616e3e3c2f6c693e3c6c693e3c7370616e207374796c653d22666f6e742d66616d696c793a20617269616c2c2068656c7665746963612c2073616e732d73657269663b223e416e79204561726c7920636865636b2d696e202f206c61746520636865636b2d6f75743c2f7370616e3e3c2f6c693e3c6c693e3c7370616e207374796c653d22666f6e742d66616d696c793a20617269616c2c2068656c7665746963612c2073616e732d73657269663b223e416e79206b696e64206f6620706572736f6e616c20636f73743c2f7370616e3e3c2f6c693e3c2f756c3e, 0x3c6469763e3c666f6e7420636f6c6f723d22236639316233372220666163653d2267656f426f6f6b223e3c7370616e207374796c653d22666f6e742d73697a653a20313870783b223e3c62723e3c2f7370616e3e3c2f666f6e743e3c2f6469763e3c64697620636c6173733d227461622d636f6e74656e7422207374796c653d22666f6e742d66616d696c793a2067656f4c696768743b20666f6e742d73697a653a20313670783b223e3c64697620726f6c653d2274616270616e656c2220636c6173733d227461622d70616e65206661646520696e206163746976652073686f77222069643d226461795f3122207374796c653d226f7061636974793a20313b223e3c756c20636c6173733d226576656e742d7363686564756c652d6c697374206c6973742d756e7374796c656422207374796c653d226d617267696e2d626f74746f6d3a20333070783b20706f736974696f6e3a2072656c61746976653b223e3c6c6920636c6173733d22726f77206e6f2d6775747465727322207374796c653d22706f736974696f6e3a2072656c61746976653b207a2d696e6465783a20313b223e3c7370616e20636c6173733d226c6973742d706f696e74206f726465722d3122207374796c653d22666c65783a203020312030253b223e3c7370616e207374796c653d2277696474683a20313770783b206865696768743a20313770783b206d617267696e2d72696768743a20323770783b20626f726465722d7261646975733a20313770783b206261636b67726f756e642d696d6167653a20696e697469616c3b206261636b67726f756e642d706f736974696f6e3a20696e697469616c3b206261636b67726f756e642d73697a653a20696e697469616c3b206261636b67726f756e642d7265706561743a20696e697469616c3b206261636b67726f756e642d6174746163686d656e743a20696e697469616c3b206261636b67726f756e642d6f726967696e3a20696e697469616c3b206261636b67726f756e642d636c69703a20696e697469616c3b20626f726465723a20322e35707820736f6c696420726762283234392c2032372c203535293b20646973706c61793a20626c6f636b3b206d617267696e2d746f703a203570783b223e3c2f7370616e3e3c2f7370616e3e3c7370616e20636c6173733d2265732d74696d65206f726465722d3222207374796c653d22666f6e742d66616d696c793a2067656f426f6f6b3b20666f6e742d7765696768743a20626f6c6465723b2077686974652d73706163653a206e6f777261703b20666c65783a203020312030253b20666f6e742d73697a653a20313870783b20636f6c6f723a207267622834382c2034382c203438293b206c696e652d6865696768743a20323670783b2070616464696e672d72696768743a20323070783b223e30363a333020414d3c2f7370616e3e3c64697620636c6173733d2265732d64657363206f726465722d3322207374796c653d22666c65783a203120312030253b223e3c6833207374796c653d22666f6e742d66616d696c793a2067656f426f6f6b3b206d617267696e2d626f74746f6d3a203070783b20666f6e742d7765696768743a203530303b206c696e652d6865696768743a20323670783b20636f6c6f723a207267622839312c2039312c203931293b20666f6e742d73697a653a20313870783b223e4172726976616c2061742042616e676b6f6b3c2f68333e3c70207374796c653d226d617267696e2d746f703a203870783b206d617267696e2d626f74746f6d3a203070783b20636f6c6f723a207267622839312c2039312c203931293b20666f6e742d73697a653a20313870783b206c696e652d6865696768743a20323870783b223e4d65657420616e642047726565742061742053757661726e616268756d6920496e7465726e6174696f6e616c20416972706f72742028446570656e6473206f6e20796f757220666c696768742074696d65292e205472616e7366657220746f205061747461796120616e6420436865636b2d496e2061742074686520686f74656c2e3c2f703e3c2f6469763e3c2f6c693e3c6c6920636c6173733d22726f77206e6f2d6775747465727322207374796c653d22706f736974696f6e3a2072656c61746976653b207a2d696e6465783a20313b206d617267696e2d746f703a20333070783b223e3c7370616e20636c6173733d226c6973742d706f696e74206f726465722d3122207374796c653d22666c65783a203020312030253b223e3c7370616e207374796c653d2277696474683a20313770783b206865696768743a20313770783b206d617267696e2d72696768743a20323770783b20626f726465722d7261646975733a20313770783b206261636b67726f756e642d696d6167653a20696e697469616c3b206261636b67726f756e642d706f736974696f6e3a20696e697469616c3b206261636b67726f756e642d73697a653a20696e697469616c3b206261636b67726f756e642d7265706561743a20696e697469616c3b206261636b67726f756e642d6174746163686d656e743a20696e697469616c3b206261636b67726f756e642d6f726967696e3a20696e697469616c3b206261636b67726f756e642d636c69703a20696e697469616c3b20626f726465723a20322e35707820736f6c696420726762283234392c2032372c203535293b20646973706c61793a20626c6f636b3b206d617267696e2d746f703a203570783b223e3c2f7370616e3e3c2f7370616e3e3c7370616e20636c6173733d2265732d74696d65206f726465722d3222207374796c653d22666f6e742d66616d696c793a2067656f426f6f6b3b20666f6e742d7765696768743a20626f6c6465723b2077686974652d73706163653a206e6f777261703b20666c65783a203020312030253b20666f6e742d73697a653a20313870783b20636f6c6f723a207267622834382c2034382c203438293b206c696e652d6865696768743a20323670783b2070616464696e672d72696768743a20323070783b223e30323a303020504d3c2f7370616e3e3c64697620636c6173733d2265732d64657363206f726465722d3322207374796c653d22666c65783a203120312030253b223e3c6833207374796c653d22666f6e742d66616d696c793a2067656f426f6f6b3b206d617267696e2d626f74746f6d3a203070783b20666f6e742d7765696768743a203530303b206c696e652d6865696768743a20323670783b20636f6c6f723a207267622839312c2039312c203931293b20666f6e742d73697a653a20313870783b223e4c756e63683c2f68333e3c70207374796c653d226d617267696e2d746f703a203870783b206d617267696e2d626f74746f6d3a203070783b20636f6c6f723a207267622839312c2039312c203931293b20666f6e742d73697a653a20313870783b206c696e652d6865696768743a20323870783b223e4c756e6368206174206c6f63616c2052657374617572616e7420616e64206c6569737572652074696d652e3c2f703e3c2f6469763e3c2f6c693e3c6c6920636c6173733d22726f77206e6f2d6775747465727322207374796c653d22706f736974696f6e3a2072656c61746976653b207a2d696e6465783a20313b206d617267696e2d746f703a20333070783b223e3c7370616e20636c6173733d226c6973742d706f696e74206f726465722d3122207374796c653d22666c65783a203020312030253b223e3c7370616e207374796c653d2277696474683a20313770783b206865696768743a20313770783b206d617267696e2d72696768743a20323770783b20626f726465722d7261646975733a20313770783b206261636b67726f756e642d696d6167653a20696e697469616c3b206261636b67726f756e642d706f736974696f6e3a20696e697469616c3b206261636b67726f756e642d73697a653a20696e697469616c3b206261636b67726f756e642d7265706561743a20696e697469616c3b206261636b67726f756e642d6174746163686d656e743a20696e697469616c3b206261636b67726f756e642d6f726967696e3a20696e697469616c3b206261636b67726f756e642d636c69703a20696e697469616c3b20626f726465723a20322e35707820736f6c696420726762283234392c2032372c203535293b20646973706c61793a20626c6f636b3b206d617267696e2d746f703a203570783b223e3c2f7370616e3e3c2f7370616e3e3c7370616e20636c6173733d2265732d74696d65206f726465722d3222207374796c653d22666f6e742d66616d696c793a2067656f426f6f6b3b20666f6e742d7765696768743a20626f6c6465723b2077686974652d73706163653a206e6f777261703b20666c65783a203020312030253b20666f6e742d73697a653a20313870783b20636f6c6f723a207267622834382c2034382c203438293b206c696e652d6865696768743a20323670783b2070616464696e672d72696768743a20323070783b223e30383a303020504d3c2f7370616e3e3c64697620636c6173733d2265732d64657363206f726465722d3322207374796c653d22666c65783a203120312030253b223e3c6833207374796c653d22666f6e742d66616d696c793a2067656f426f6f6b3b206d617267696e2d626f74746f6d3a203070783b20666f6e742d7765696768743a203530303b206c696e652d6865696768743a20323670783b20636f6c6f723a207267622839312c2039312c203931293b20666f6e742d73697a653a20313870783b223e44696e6e65723c2f68333e3c70207374796c653d226d617267696e2d746f703a203870783b206d617267696e2d626f74746f6d3a203070783b20636f6c6f723a207267622839312c2039312c203931293b20666f6e742d73697a653a20313870783b206c696e652d6865696768743a20323870783b223e44696e6e6572206174206c6f63616c2072657374617572616e7420616e64204f7665726e69676874207374617920617420506174746179612e3c2f703e3c2f6469763e3c2f6c693e3c2f756c3e3c2f6469763e3c2f6469763e, 0, '2018-10-10 09:59:46', '2018-10-10 13:08:16');
INSERT INTO `packages` (`id`, `name`, `leaving_from`, `leaving_to`, `price`, `duration`, `minimum_persons`, `maximum_persons`, `start_date`, `closing_date`, `overview`, `program_schedule`, `a_hidden`, `created_at`, `updated_at`) VALUES
(7, 'Nepal Package 2 Nights 3 Days', 'Bangladesh', 'Nepal', '3000', 4, 2, 10, '2018-10-24', '2022-03-27', 0x3c70207374796c653d22666f6e742d66616d696c793a2067656f4c696768743b206d617267696e2d626f74746f6d3a20333070783b20666f6e742d73697a653a20313870783b206c696e652d6865696768743a20323870783b20636f6c6f723a207267622839312c2039312c203931293b223e3c7370616e207374796c653d22666f6e742d66616d696c793a2068656c7665746963612c20617269616c2c2073616e732d73657269663b20636f6c6f723a207267622835312c2035312c203531293b223e3c7370616e207374796c653d22666f6e742d66616d696c793a2067656f4c696768743b20666f6e742d7765696768743a20626f6c6465723b223e4b6174686d616e64753c2f7370616e3e266e6273703b697320746865206361706974616c2063697479206f6620746865266e6273703b4665646572616c2044656d6f6372617469632052657075626c6963206f66204e6570616c2c20746865206c6172676572206f66207468652074776f266e6273703b48696d616c6179616e207374617465732e20497420697320746865206c617267657374206d6574726f706f6c697320696e204e6570616c2c2077697468206120706f70756c6174696f6e206f6620312e35206d696c6c696f6e20696e20746865266e6273703b636974792070726f7065722c20616e642033206d696c6c696f6e20696e20697473266e6273703b757262616e206167676c6f6d65726174696f6e266e6273703b6163726f737320746865266e6273703b4b6174686d616e64752056616c6c65792c20776869636820696e636c756465732074686520746f776e73206f66266e6273703b4c616c69747075722c266e6273703b4b697274697075722c266e6273703b4d6164687961707572205468696d692c266e6273703b4268616b7461707572266e6273703b616e6420746865206d756e69636970616c6974696573206163726f7373204b6174686d616e64752076616c6c65792e204b6174686d616e647520697320616c736f20746865206c617267657374206d6574726f706f6c697320696e20746865266e6273703b48696d616c6179616e266e6273703b68696c6c20726567696f6e2e3c2f7370616e3e3c2f703e3c70207374796c653d22666f6e742d66616d696c793a2067656f4c696768743b206d617267696e2d626f74746f6d3a20333070783b20666f6e742d73697a653a20313870783b206c696e652d6865696768743a20323870783b20636f6c6f723a207267622839312c2039312c203931293b223e3c7370616e207374796c653d22666f6e742d7765696768743a20626f6c6465723b20636f6c6f723a207267622835312c2035312c203531293b223e5061636b61676520496e636c756465733a3c2f7370616e3e3c2f703e3c756c207374796c653d22666f6e742d66616d696c793a2067656f4c696768743b20666f6e742d73697a653a20313670783b223e3c6c693e3c7370616e207374796c653d22666f6e742d66616d696c793a2068656c7665746963612c20617269616c2c2073616e732d73657269663b20636f6c6f723a207267622835312c2035312c203531293b223e266e6273703b5370656369616c204d6565742c2047726565742026616d703b20417373697374616e6365206f6e20416972706f72743c2f7370616e3e3c2f6c693e3c6c693e3c7370616e207374796c653d22666f6e742d66616d696c793a2068656c7665746963612c20617269616c2c2073616e732d73657269663b20636f6c6f723a207267622835312c2035312c203531293b223e266e6273703b4163636f6d6d6f646174696f6e203032204e6967687473204b6174686d616e647520617420486f74656c20536572656e6974792f53696d696c61722e3c2f7370616e3e3c2f6c693e3c6c693e3c7370616e207374796c653d22666f6e742d66616d696c793a2068656c7665746963612c20617269616c2c2073616e732d73657269663b20636f6c6f723a207267622835312c2035312c203531293b223e266e6273703b4163636f6d6d6f646174696f6e205477696e2053686172696e672e3c2f7370616e3e3c2f6c693e3c6c693e3c7370616e207374796c653d22666f6e742d66616d696c793a2068656c7665746963612c20617269616c2c2073616e732d73657269663b20636f6c6f723a207267622835312c2035312c203531293b223e266e6273703b46756c6c20626f617264204d65616c2028427265616b66617374202b204c756e6368202b2044696e6e6572293c2f7370616e3e3c2f6c693e3c6c693e3c7370616e207374796c653d22666f6e742d66616d696c793a2068656c7665746963612c20617269616c2c2073616e732d73657269663b20636f6c6f723a207267622835312c2035312c203531293b223e266e6273703b46756c6c2074696d6520412f43205472616e73706f72742e3c2f7370616e3e3c2f6c693e3c6c693e3c7370616e207374796c653d22666f6e742d66616d696c793a2068656c7665746963612c20617269616c2c2073616e732d73657269663b20636f6c6f723a207267622835312c2035312c203531293b223e266e6273703b5369676874736565696e67206174204b6174686d616e64753c2f7370616e3e3c2f6c693e3c6c693e3c7370616e207374796c653d22666f6e742d66616d696c793a2068656c7665746963612c20617269616c2c2073616e732d73657269663b20636f6c6f723a207267622835312c2035312c203531293b223e266e6273703b50726f66657373696f6e616c20456e676c69736820537065616b696e672047756964652e3c2f7370616e3e3c2f6c693e3c2f756c3e3c70207374796c653d22666f6e742d66616d696c793a2067656f4c696768743b206d617267696e2d626f74746f6d3a20333070783b20666f6e742d73697a653a20313870783b206c696e652d6865696768743a20323870783b20636f6c6f723a207267622839312c2039312c203931293b223e3c7370616e207374796c653d22666f6e742d66616d696c793a2068656c7665746963612c20617269616c2c2073616e732d73657269663b20636f6c6f723a207267622835312c2035312c203531293b223e3c7370616e207374796c653d22666f6e742d66616d696c793a2067656f4c696768743b20666f6e742d7765696768743a20626f6c6465723b223e5061636b616765204578636c756465733a20266e6273703b266e6273703b266e6273703b266e6273703b266e6273703b266e6273703b266e6273703b266e6273703b266e6273703b266e6273703b266e6273703b266e6273703b266e6273703b3c2f7370616e3e3c2f7370616e3e3c2f703e3c756c207374796c653d22666f6e742d66616d696c793a2067656f4c696768743b20666f6e742d73697a653a20313670783b223e3c6c693e3c7370616e207374796c653d22666f6e742d66616d696c793a2068656c7665746963612c20617269616c2c2073616e732d73657269663b20636f6c6f723a207267622835312c2035312c203531293b223e416972205469636b65743c2f7370616e3e3c2f6c693e3c6c693e3c7370616e207374796c653d22666f6e742d66616d696c793a2068656c7665746963612c20617269616c2c2073616e732d73657269663b20636f6c6f723a207267622835312c2035312c203531293b223e456e747279204665653c2f7370616e3e3c2f6c693e3c6c693e3c7370616e207374796c653d22666f6e742d66616d696c793a2068656c7665746963612c20617269616c2c2073616e732d73657269663b20636f6c6f723a207267622835312c2035312c203531293b223e416e79206974656d73206e6f74206d656e74696f6e656420696e207468652061626f7665206974696e65726172793c2f7370616e3e3c2f6c693e3c6c693e3c7370616e207374796c653d22666f6e742d66616d696c793a2068656c7665746963612c20617269616c2c2073616e732d73657269663b20636f6c6f723a207267622835312c2035312c203531293b223e416e79206b696e64206f6620706572736f6e616c20636f73743c2f7370616e3e3c2f6c693e3c2f756c3e3c70207374796c653d22666f6e742d66616d696c793a2067656f4c696768743b206d617267696e2d626f74746f6d3a20333070783b20666f6e742d73697a653a20313870783b206c696e652d6865696768743a20323870783b20636f6c6f723a207267622839312c2039312c203931293b223e3c7370616e207374796c653d22666f6e742d66616d696c793a2068656c7665746963612c20617269616c2c2073616e732d73657269663b20636f6c6f723a207267622835312c2035312c203531293b223e3c7370616e207374796c653d22666f6e742d66616d696c793a2067656f4c696768743b20666f6e742d7765696768743a20626f6c6465723b223e2a2a2a2a20436f6e646974696f6e3a204d696e696d756d203420506572736f6e266e6273703b3c2f7370616e3e3c2f7370616e3e3c2f703e, 0x3c6469763e3c666f6e7420636f6c6f723d22236639316233372220666163653d2267656f426f6f6b223e3c7370616e207374796c653d22666f6e742d73697a653a20313870783b223e3c62723e3c2f7370616e3e3c2f666f6e743e3c2f6469763e3c64697620636c6173733d227461622d636f6e74656e7422207374796c653d22666f6e742d66616d696c793a2067656f4c696768743b20666f6e742d73697a653a20313670783b223e3c64697620726f6c653d2274616270616e656c2220636c6173733d227461622d70616e65206661646520696e206163746976652073686f77222069643d226461795f3122207374796c653d226f7061636974793a20313b223e3c756c20636c6173733d226576656e742d7363686564756c652d6c697374206c6973742d756e7374796c656422207374796c653d226d617267696e2d626f74746f6d3a20333070783b20706f736974696f6e3a2072656c61746976653b223e3c6c6920636c6173733d22726f77206e6f2d6775747465727322207374796c653d22706f736974696f6e3a2072656c61746976653b207a2d696e6465783a20313b223e3c7370616e20636c6173733d226c6973742d706f696e74206f726465722d3122207374796c653d22666c65783a203020312030253b223e3c7370616e207374796c653d2277696474683a20313770783b206865696768743a20313770783b206d617267696e2d72696768743a20323770783b20626f726465722d7261646975733a20313770783b206261636b67726f756e642d696d6167653a20696e697469616c3b206261636b67726f756e642d706f736974696f6e3a20696e697469616c3b206261636b67726f756e642d73697a653a20696e697469616c3b206261636b67726f756e642d7265706561743a20696e697469616c3b206261636b67726f756e642d6174746163686d656e743a20696e697469616c3b206261636b67726f756e642d6f726967696e3a20696e697469616c3b206261636b67726f756e642d636c69703a20696e697469616c3b20626f726465723a20322e35707820736f6c696420726762283234392c2032372c203535293b20646973706c61793a20626c6f636b3b206d617267696e2d746f703a203570783b223e3c2f7370616e3e3c2f7370616e3e3c7370616e20636c6173733d2265732d74696d65206f726465722d3222207374796c653d22666f6e742d66616d696c793a2067656f426f6f6b3b20666f6e742d7765696768743a20626f6c6465723b2077686974652d73706163653a206e6f777261703b20666c65783a203020312030253b20666f6e742d73697a653a20313870783b20636f6c6f723a207267622834382c2034382c203438293b206c696e652d6865696768743a20323670783b2070616464696e672d72696768743a20323070783b223e31323a303020504d3c2f7370616e3e3c64697620636c6173733d2265732d64657363206f726465722d3322207374796c653d22666c65783a203120312030253b223e3c6833207374796c653d22666f6e742d66616d696c793a2067656f426f6f6b3b206d617267696e2d626f74746f6d3a203070783b20666f6e742d7765696768743a203530303b206c696e652d6865696768743a20323670783b20636f6c6f723a207267622839312c2039312c203931293b20666f6e742d73697a653a20313870783b223e4172726976616c206174204b6174686d616e64753c2f68333e3c70207374796c653d226d617267696e2d746f703a203870783b206d617267696e2d626f74746f6d3a203070783b20636f6c6f723a207267622839312c2039312c203931293b20666f6e742d73697a653a20313870783b206c696e652d6865696768743a20323870783b223e57656c636f6d65206174204b6174686d616e647520496e7465726e6174696f6e616c20416972706f727420616e64266e6273703b207472616e7366657220746f20486f74656c2e3c2f703e3c2f6469763e3c2f6c693e3c6c6920636c6173733d22726f77206e6f2d6775747465727322207374796c653d22706f736974696f6e3a2072656c61746976653b207a2d696e6465783a20313b206d617267696e2d746f703a20333070783b223e3c7370616e20636c6173733d226c6973742d706f696e74206f726465722d3122207374796c653d22666c65783a203020312030253b223e3c7370616e207374796c653d2277696474683a20313770783b206865696768743a20313770783b206d617267696e2d72696768743a20323770783b20626f726465722d7261646975733a20313770783b206261636b67726f756e642d696d6167653a20696e697469616c3b206261636b67726f756e642d706f736974696f6e3a20696e697469616c3b206261636b67726f756e642d73697a653a20696e697469616c3b206261636b67726f756e642d7265706561743a20696e697469616c3b206261636b67726f756e642d6174746163686d656e743a20696e697469616c3b206261636b67726f756e642d6f726967696e3a20696e697469616c3b206261636b67726f756e642d636c69703a20696e697469616c3b20626f726465723a20322e35707820736f6c696420726762283234392c2032372c203535293b20646973706c61793a20626c6f636b3b206d617267696e2d746f703a203570783b223e3c2f7370616e3e3c2f7370616e3e3c7370616e20636c6173733d2265732d74696d65206f726465722d3222207374796c653d22666f6e742d66616d696c793a2067656f426f6f6b3b20666f6e742d7765696768743a20626f6c6465723b2077686974652d73706163653a206e6f777261703b20666c65783a203020312030253b20666f6e742d73697a653a20313870783b20636f6c6f723a207267622834382c2034382c203438293b206c696e652d6865696768743a20323670783b2070616464696e672d72696768743a20323070783b223e30323a303020504d3c2f7370616e3e3c64697620636c6173733d2265732d64657363206f726465722d3322207374796c653d22666c65783a203120312030253b223e3c6833207374796c653d22666f6e742d66616d696c793a2067656f426f6f6b3b206d617267696e2d626f74746f6d3a203070783b20666f6e742d7765696768743a203530303b206c696e652d6865696768743a20323670783b20636f6c6f723a207267622839312c2039312c203931293b20666f6e742d73697a653a20313870783b223e4c756e63683c2f68333e3c70207374796c653d226d617267696e2d746f703a203870783b206d617267696e2d626f74746f6d3a203070783b20636f6c6f723a207267622839312c2039312c203931293b20666f6e742d73697a653a20313870783b206c696e652d6865696768743a20323870783b223e4c756e63682074696d6520616e64207468656e206c6569737572652074696d652e3c2f703e3c2f6469763e3c2f6c693e3c6c6920636c6173733d22726f77206e6f2d6775747465727322207374796c653d22706f736974696f6e3a2072656c61746976653b207a2d696e6465783a20313b206d617267696e2d746f703a20333070783b223e3c7370616e20636c6173733d226c6973742d706f696e74206f726465722d3122207374796c653d22666c65783a203020312030253b223e3c7370616e207374796c653d2277696474683a20313770783b206865696768743a20313770783b206d617267696e2d72696768743a20323770783b20626f726465722d7261646975733a20313770783b206261636b67726f756e642d696d6167653a20696e697469616c3b206261636b67726f756e642d706f736974696f6e3a20696e697469616c3b206261636b67726f756e642d73697a653a20696e697469616c3b206261636b67726f756e642d7265706561743a20696e697469616c3b206261636b67726f756e642d6174746163686d656e743a20696e697469616c3b206261636b67726f756e642d6f726967696e3a20696e697469616c3b206261636b67726f756e642d636c69703a20696e697469616c3b20626f726465723a20322e35707820736f6c696420726762283234392c2032372c203535293b20646973706c61793a20626c6f636b3b206d617267696e2d746f703a203570783b223e3c2f7370616e3e3c2f7370616e3e3c7370616e20636c6173733d2265732d74696d65206f726465722d3222207374796c653d22666f6e742d66616d696c793a2067656f426f6f6b3b20666f6e742d7765696768743a20626f6c6465723b2077686974652d73706163653a206e6f777261703b20666c65783a203020312030253b20666f6e742d73697a653a20313870783b20636f6c6f723a207267622834382c2034382c203438293b206c696e652d6865696768743a20323670783b2070616464696e672d72696768743a20323070783b223e30383a303020504d3c2f7370616e3e3c64697620636c6173733d2265732d64657363206f726465722d3322207374796c653d22666c65783a203120312030253b223e3c6833207374796c653d22666f6e742d66616d696c793a2067656f426f6f6b3b206d617267696e2d626f74746f6d3a203070783b20666f6e742d7765696768743a203530303b206c696e652d6865696768743a20323670783b20636f6c6f723a207267622839312c2039312c203931293b20666f6e742d73697a653a20313870783b223e44696e6e65723c2f68333e3c70207374796c653d226d617267696e2d746f703a203870783b206d617267696e2d626f74746f6d3a203070783b20636f6c6f723a207267622839312c2039312c203931293b20666f6e742d73697a653a20313870783b206c696e652d6865696768743a20323870783b223e44696e6e657220617420686f74656c20616e64206f7665726e696768742053746179206174204b6174686d616e647520486f74656c2e3c2f703e3c2f6469763e3c2f6c693e3c2f756c3e3c2f6469763e3c2f6469763e, 0, '2018-11-11 16:04:41', '2018-11-11 16:04:41'),
(8, 'Sajek Valley -Khagrachori', 'Dhaka, Bangladesh', 'Sylhet, Bangladesh', '1500', 6, 3, 7, '2018-11-01', '2022-06-14', 0x3c7370616e207374796c653d22636f6c6f723a207267622839312c2039312c203931293b20666f6e742d66616d696c793a20617269616c2c2068656c7665746963612c2073616e732d73657269663b20666f6e742d73697a653a20313870783b223e53616a656b2056616c6c6579266e6273703b697320616e20656d657267696e6720746f75726973742073706f7420696e2042616e676c616465736820736974756174656420616d6f6e67207468652068696c6c73206f66204b6173616c6f6e672072616e6765206f66206d6f756e7461696e7320696e2053616a656b20756e696f6e2c20426167686169636868617269205570617a696c6120696e2052616e67616d6174692044697374726963742e205468652076616c6c6579206973203138303020666565742061626f766520736561206c6576656c2e266e6273703b53616a656b2076616c6c6579266e6273703b6973206b6e6f776e2061732074686520517565656e206f662048696c6c732026616d703b20526f6f66206f662052616e67616d6174692e3c2f7370616e3e, 0x3c64697620636c6173733d2265732d64657363206f726465722d3322207374796c653d22666f6e742d66616d696c793a2067656f4c696768743b20666c65783a203120312030253b20666f6e742d73697a653a20313670783b223e3c70207374796c653d226d617267696e2d746f703a203870783b206d617267696e2d626f74746f6d3a203070783b20636f6c6f723a207267622839312c2039312c203931293b20666f6e742d73697a653a20313870783b206c696e652d6865696768743a20323870783b223e3c7370616e207374796c653d22666f6e742d66616d696c793a20617269616c2c2068656c7665746963612c2073616e732d73657269663b223e547269702077696c6c20626520737461727465642066726f6d204468616b612062792068696768776179204e6f6e20412f432048696e6f20636861697220636f616368206275732028536879616d6f6c692c205368616e74692050617269626168616e292e2052656163686564206174204b686167726163686f726920746f776e206174203620414d2e3c2f7370616e3e3c2f703e3c756c20636c6173733d226576656e742d7363686564756c652d6c697374206c6973742d756e7374796c656422207374796c653d226d617267696e2d626f74746f6d3a20333070783b20706f736974696f6e3a2072656c61746976653b223e3c6c6920636c6173733d22726f77206e6f2d6775747465727322207374796c653d22706f736974696f6e3a2072656c61746976653b207a2d696e6465783a20313b223e3c7370616e20636c6173733d2265732d74696d65206f726465722d3222207374796c653d22666f6e742d66616d696c793a2067656f426f6f6b3b20666f6e742d7765696768743a20626f6c6465723b2077686974652d73706163653a206e6f777261703b20666c65783a203020312030253b20666f6e742d73697a653a20313870783b20636f6c6f723a207267622834382c2034382c203438293b206c696e652d6865696768743a20323670783b2070616464696e672d72696768743a20323070783b223e30373a303020414d3c2f7370616e3e3c64697620636c6173733d2265732d64657363206f726465722d3322207374796c653d22666c65783a203120312030253b223e3c6833207374796c653d22666f6e742d66616d696c793a2067656f426f6f6b3b206d617267696e2d626f74746f6d3a203070783b20666f6e742d7765696768743a203530303b206c696e652d6865696768743a20323670783b20636f6c6f723a207267622839312c2039312c203931293b20666f6e742d73697a653a20313870783b223e427265616b666173743c2f68333e3c70207374796c653d226d617267696e2d746f703a203870783b206d617267696e2d626f74746f6d3a203070783b20636f6c6f723a207267622839312c2039312c203931293b20666f6e742d73697a653a20313870783b206c696e652d6865696768743a20323870783b223e3c7370616e207374796c653d22666f6e742d66616d696c793a20617269616c2c2068656c7665746963612c2073616e732d73657269663b223e427265616b666173742077696c6c206265207365727665642061742061206c6f63616c2072657374617572616e74206174204b686167726163686f72692e3c2f7370616e3e3c2f703e3c2f6469763e3c2f6c693e3c6c6920636c6173733d22726f77206e6f2d6775747465727322207374796c653d22706f736974696f6e3a2072656c61746976653b207a2d696e6465783a20313b206d617267696e2d746f703a20333070783b223e3c7370616e20636c6173733d226c6973742d706f696e74206f726465722d3122207374796c653d22666c65783a203020312030253b223e3c7370616e207374796c653d2277696474683a20313770783b206865696768743a20313770783b206d617267696e2d72696768743a20323770783b20626f726465722d7261646975733a20313770783b206261636b67726f756e642d696d6167653a20696e697469616c3b206261636b67726f756e642d706f736974696f6e3a20696e697469616c3b206261636b67726f756e642d73697a653a20696e697469616c3b206261636b67726f756e642d7265706561743a20696e697469616c3b206261636b67726f756e642d6174746163686d656e743a20696e697469616c3b206261636b67726f756e642d6f726967696e3a20696e697469616c3b206261636b67726f756e642d636c69703a20696e697469616c3b20626f726465723a20322e35707820736f6c696420726762283234392c2032372c203535293b20646973706c61793a20626c6f636b3b206d617267696e2d746f703a203570783b223e3c2f7370616e3e3c2f7370616e3e3c7370616e20636c6173733d2265732d74696d65206f726465722d3222207374796c653d22666f6e742d66616d696c793a2067656f426f6f6b3b20666f6e742d7765696768743a20626f6c6465723b2077686974652d73706163653a206e6f777261703b20666c65783a203020312030253b20666f6e742d73697a653a20313870783b20636f6c6f723a207267622834382c2034382c203438293b206c696e652d6865696768743a20323670783b2070616464696e672d72696768743a20323070783b223e30383a303020414d3c2f7370616e3e3c64697620636c6173733d2265732d64657363206f726465722d3322207374796c653d22666c65783a203120312030253b223e3c6833207374796c653d22666f6e742d66616d696c793a2067656f426f6f6b3b206d617267696e2d626f74746f6d3a203070783b20666f6e742d7765696768743a203530303b206c696e652d6865696768743a20323670783b20636f6c6f723a207267622839312c2039312c203931293b20666f6e742d73697a653a20313870783b223e53746172747320666f722053616a656b2056616c6c65792e3c2f68333e3c70207374796c653d226d617267696e2d746f703a203870783b206d617267696e2d626f74746f6d3a203070783b20636f6c6f723a207267622839312c2039312c203931293b20666f6e742d73697a653a20313870783b206c696e652d6865696768743a20323870783b223e3c7370616e207374796c653d22666f6e742d66616d696c793a20617269616c2c2068656c7665746963612c2073616e732d73657269663b223e4a6f75726e657920746f2053616a656b2056616c6c6579206279204368616e64657220476172692e266e6273703b3c2f7370616e3e3c2f703e3c2f6469763e3c2f6c693e3c6c6920636c6173733d22726f77206e6f2d6775747465727322207374796c653d22706f736974696f6e3a2072656c61746976653b207a2d696e6465783a20313b206d617267696e2d746f703a20333070783b223e3c7370616e20636c6173733d226c6973742d706f696e74206f726465722d3122207374796c653d22666c65783a203020312030253b223e3c7370616e207374796c653d2277696474683a20313770783b206865696768743a20313770783b206d617267696e2d72696768743a20323770783b20626f726465722d7261646975733a20313770783b206261636b67726f756e642d696d6167653a20696e697469616c3b206261636b67726f756e642d706f736974696f6e3a20696e697469616c3b206261636b67726f756e642d73697a653a20696e697469616c3b206261636b67726f756e642d7265706561743a20696e697469616c3b206261636b67726f756e642d6174746163686d656e743a20696e697469616c3b206261636b67726f756e642d6f726967696e3a20696e697469616c3b206261636b67726f756e642d636c69703a20696e697469616c3b20626f726465723a20322e35707820736f6c696420726762283234392c2032372c203535293b20646973706c61793a20626c6f636b3b206d617267696e2d746f703a203570783b223e3c2f7370616e3e3c2f7370616e3e3c7370616e20636c6173733d2265732d74696d65206f726465722d3222207374796c653d22666f6e742d66616d696c793a2067656f426f6f6b3b20666f6e742d7765696768743a20626f6c6465723b2077686974652d73706163653a206e6f777261703b20666c65783a203020312030253b20666f6e742d73697a653a20313870783b20636f6c6f723a207267622834382c2034382c203438293b206c696e652d6865696768743a20323670783b2070616464696e672d72696768743a20323070783b223e31303a303020414d3c2f7370616e3e3c64697620636c6173733d2265732d64657363206f726465722d3322207374796c653d22666c65783a203120312030253b223e3c6833207374796c653d22666f6e742d66616d696c793a2067656f426f6f6b3b206d617267696e2d626f74746f6d3a203070783b20666f6e742d7765696768743a203530303b206c696e652d6865696768743a20323670783b20636f6c6f723a207267622839312c2039312c203931293b20666f6e742d73697a653a20313870783b223e56697369742048617a6163686f726120776174657266616c6c2e3c2f68333e3c70207374796c653d226d617267696e2d746f703a203870783b206d617267696e2d626f74746f6d3a203070783b20636f6c6f723a207267622839312c2039312c203931293b20666f6e742d73697a653a20313870783b206c696e652d6865696768743a20323870783b223e3c7370616e207374796c653d22666f6e742d66616d696c793a20617269616c2c2068656c7665746963612c2073616e732d73657269663b223e4f6e20746865207761792c2048617a6163686f726120776174657266616c6c2077696c6c20626520766973697465642e266e6273703b3c2f7370616e3e3c2f703e3c2f6469763e3c2f6c693e3c6c6920636c6173733d22726f77206e6f2d6775747465727322207374796c653d22706f736974696f6e3a2072656c61746976653b207a2d696e6465783a20313b206d617267696e2d746f703a20333070783b223e3c7370616e20636c6173733d226c6973742d706f696e74206f726465722d3122207374796c653d22666c65783a203020312030253b223e3c7370616e207374796c653d2277696474683a20313770783b206865696768743a20313770783b206d617267696e2d72696768743a20323770783b20626f726465722d7261646975733a20313770783b206261636b67726f756e642d696d6167653a20696e697469616c3b206261636b67726f756e642d706f736974696f6e3a20696e697469616c3b206261636b67726f756e642d73697a653a20696e697469616c3b206261636b67726f756e642d7265706561743a20696e697469616c3b206261636b67726f756e642d6174746163686d656e743a20696e697469616c3b206261636b67726f756e642d6f726967696e3a20696e697469616c3b206261636b67726f756e642d636c69703a20696e697469616c3b20626f726465723a20322e35707820736f6c696420726762283234392c2032372c203535293b20646973706c61793a20626c6f636b3b206d617267696e2d746f703a203570783b223e3c2f7370616e3e3c2f7370616e3e3c7370616e20636c6173733d2265732d74696d65206f726465722d3222207374796c653d22666f6e742d66616d696c793a2067656f426f6f6b3b20666f6e742d7765696768743a20626f6c6465723b2077686974652d73706163653a206e6f777261703b20666c65783a203020312030253b20666f6e742d73697a653a20313870783b20636f6c6f723a207267622834382c2034382c203438293b206c696e652d6865696768743a20323670783b2070616464696e672d72696768743a20323070783b223e30313a303020504d3c2f7370616e3e3c64697620636c6173733d2265732d64657363206f726465722d3322207374796c653d22666c65783a203120312030253b223e3c6833207374796c653d22666f6e742d66616d696c793a2067656f426f6f6b3b206d617267696e2d626f74746f6d3a203070783b20666f6e742d7765696768743a203530303b206c696e652d6865696768743a20323670783b20636f6c6f723a207267622839312c2039312c203931293b20666f6e742d73697a653a20313870783b223e526561636865642061742053616a656b2056616c6c65792e3c2f68333e3c70207374796c653d226d617267696e2d746f703a203870783b206d617267696e2d626f74746f6d3a203070783b20636f6c6f723a207267622839312c2039312c203931293b20666f6e742d73697a653a20313870783b206c696e652d6865696768743a20323870783b223e3c7370616e207374796c653d22666f6e742d66616d696c793a20617269616c2c2068656c7665746963612c2073616e732d73657269663b223e526561636865642061742053616a656b2056616c6c657920616e6420636865636b20696e746f20746865207265736f72742e3c2f7370616e3e3c2f703e3c2f6469763e3c2f6c693e3c6c6920636c6173733d22726f77206e6f2d6775747465727322207374796c653d22706f736974696f6e3a2072656c61746976653b207a2d696e6465783a20313b206d617267696e2d746f703a20333070783b223e3c7370616e20636c6173733d226c6973742d706f696e74206f726465722d3122207374796c653d22666c65783a203020312030253b223e3c7370616e207374796c653d2277696474683a20313770783b206865696768743a20313770783b206d617267696e2d72696768743a20323770783b20626f726465722d7261646975733a20313770783b206261636b67726f756e642d696d6167653a20696e697469616c3b206261636b67726f756e642d706f736974696f6e3a20696e697469616c3b206261636b67726f756e642d73697a653a20696e697469616c3b206261636b67726f756e642d7265706561743a20696e697469616c3b206261636b67726f756e642d6174746163686d656e743a20696e697469616c3b206261636b67726f756e642d6f726967696e3a20696e697469616c3b206261636b67726f756e642d636c69703a20696e697469616c3b20626f726465723a20322e35707820736f6c696420726762283234392c2032372c203535293b20646973706c61793a20626c6f636b3b206d617267696e2d746f703a203570783b223e3c2f7370616e3e3c2f7370616e3e3c7370616e20636c6173733d2265732d74696d65206f726465722d3222207374796c653d22666f6e742d66616d696c793a2067656f426f6f6b3b20666f6e742d7765696768743a20626f6c6465723b2077686974652d73706163653a206e6f777261703b20666c65783a203020312030253b20666f6e742d73697a653a20313870783b20636f6c6f723a207267622834382c2034382c203438293b206c696e652d6865696768743a20323670783b2070616464696e672d72696768743a20323070783b223e30323a303020504d3c2f7370616e3e3c64697620636c6173733d2265732d64657363206f726465722d3322207374796c653d22666c65783a203120312030253b223e3c6833207374796c653d22666f6e742d66616d696c793a2067656f426f6f6b3b206d617267696e2d626f74746f6d3a203070783b20666f6e742d7765696768743a203530303b206c696e652d6865696768743a20323670783b20636f6c6f723a207267622839312c2039312c203931293b20666f6e742d73697a653a20313870783b223e4c756e63683c2f68333e3c70207374796c653d226d617267696e2d746f703a203870783b206d617267696e2d626f74746f6d3a203070783b20636f6c6f723a207267622839312c2039312c203931293b20666f6e742d73697a653a20313870783b206c696e652d6865696768743a20323870783b223e3c7370616e207374796c653d22666f6e742d66616d696c793a20617269616c2c2068656c7665746963612c2073616e732d73657269663b223e4c756e63682077696c6c206265207365727665642061742061206c6f63616c2072657374617572616e742077697468207374616e646172642042656e67616c69206d656e752061742053616a656b2056616c6c65792e266e6273703b3c2f7370616e3e3c2f703e3c2f6469763e3c2f6c693e3c6c6920636c6173733d22726f77206e6f2d6775747465727322207374796c653d22706f736974696f6e3a2072656c61746976653b207a2d696e6465783a20313b206d617267696e2d746f703a20333070783b223e3c7370616e20636c6173733d226c6973742d706f696e74206f726465722d3122207374796c653d22666c65783a203020312030253b223e3c7370616e207374796c653d2277696474683a20313770783b206865696768743a20313770783b206d617267696e2d72696768743a20323770783b20626f726465722d7261646975733a20313770783b206261636b67726f756e642d696d6167653a20696e697469616c3b206261636b67726f756e642d706f736974696f6e3a20696e697469616c3b206261636b67726f756e642d73697a653a20696e697469616c3b206261636b67726f756e642d7265706561743a20696e697469616c3b206261636b67726f756e642d6174746163686d656e743a20696e697469616c3b206261636b67726f756e642d6f726967696e3a20696e697469616c3b206261636b67726f756e642d636c69703a20696e697469616c3b20626f726465723a20322e35707820736f6c696420726762283234392c2032372c203535293b20646973706c61793a20626c6f636b3b206d617267696e2d746f703a203570783b223e3c2f7370616e3e3c2f7370616e3e3c7370616e20636c6173733d2265732d74696d65206f726465722d3222207374796c653d22666f6e742d66616d696c793a2067656f426f6f6b3b20666f6e742d7765696768743a20626f6c6465723b2077686974652d73706163653a206e6f777261703b20666c65783a203020312030253b20666f6e742d73697a653a20313870783b20636f6c6f723a207267622834382c2034382c203438293b206c696e652d6865696768743a20323670783b2070616464696e672d72696768743a20323070783b223e30343a303020504d3c2f7370616e3e3c64697620636c6173733d2265732d64657363206f726465722d3322207374796c653d22666c65783a203120312030253b223e3c6833207374796c653d22666f6e742d66616d696c793a2067656f426f6f6b3b206d617267696e2d626f74746f6d3a203070783b20666f6e742d7765696768743a203530303b206c696e652d6865696768743a20323670783b20636f6c6f723a207267622839312c2039312c203931293b20666f6e742d73697a653a20313870783b223e536967687420736565696e673c2f68333e3c70207374796c653d226d617267696e2d746f703a203870783b206d617267696e2d626f74746f6d3a203070783b20636f6c6f723a207267622839312c2039312c203931293b20666f6e742d73697a653a20313870783b206c696e652d6865696768743a20323870783b223e3c7370616e207374796c653d22666f6e742d66616d696c793a20617269616c2c2068656c7665746963612c2073616e732d73657269663b223e5669736974696e67204b6f6e676c6f6b20506172612e20416e64207370656e6420746865206576656e696e67206f6e207468652068656c697061642e3c2f7370616e3e3c2f703e3c2f6469763e3c2f6c693e3c6c6920636c6173733d22726f77206e6f2d6775747465727322207374796c653d22706f736974696f6e3a2072656c61746976653b207a2d696e6465783a20313b206d617267696e2d746f703a20333070783b223e3c7370616e20636c6173733d226c6973742d706f696e74206f726465722d3122207374796c653d22666c65783a203020312030253b223e3c7370616e207374796c653d2277696474683a20313770783b206865696768743a20313770783b206d617267696e2d72696768743a20323770783b20626f726465722d7261646975733a20313770783b206261636b67726f756e642d696d6167653a20696e697469616c3b206261636b67726f756e642d706f736974696f6e3a20696e697469616c3b206261636b67726f756e642d73697a653a20696e697469616c3b206261636b67726f756e642d7265706561743a20696e697469616c3b206261636b67726f756e642d6174746163686d656e743a20696e697469616c3b206261636b67726f756e642d6f726967696e3a20696e697469616c3b206261636b67726f756e642d636c69703a20696e697469616c3b20626f726465723a20322e35707820736f6c696420726762283234392c2032372c203535293b20646973706c61793a20626c6f636b3b206d617267696e2d746f703a203570783b223e3c2f7370616e3e3c2f7370616e3e3c7370616e20636c6173733d2265732d74696d65206f726465722d3222207374796c653d22666f6e742d66616d696c793a2067656f426f6f6b3b20666f6e742d7765696768743a20626f6c6465723b2077686974652d73706163653a206e6f777261703b20666c65783a203020312030253b20666f6e742d73697a653a20313870783b20636f6c6f723a207267622834382c2034382c203438293b206c696e652d6865696768743a20323670783b2070616464696e672d72696768743a20323070783b223e30393a303020504d3c2f7370616e3e3c64697620636c6173733d2265732d64657363206f726465722d3322207374796c653d22666c65783a203120312030253b223e3c6833207374796c653d22666f6e742d66616d696c793a2067656f426f6f6b3b206d617267696e2d626f74746f6d3a203070783b20666f6e742d7765696768743a203530303b206c696e652d6865696768743a20323670783b20636f6c6f723a207267622839312c2039312c203931293b20666f6e742d73697a653a20313870783b223e44696e6e65723c2f68333e3c70207374796c653d226d617267696e2d746f703a203870783b206d617267696e2d626f74746f6d3a203070783b20636f6c6f723a207267622839312c2039312c203931293b20666f6e742d73697a653a20313870783b206c696e652d6865696768743a20323870783b223e3c7370616e207374796c653d22666f6e742d66616d696c793a20617269616c2c2068656c7665746963612c2073616e732d73657269663b223e44696e6e65722077696c6c20626520736572766564207769746820436869636b656e204242512c20506172617468612026616d703b20536f6674206472696e6b732026616d703b266e6273703b3c2f7370616e3e3c7370616e207374796c653d22666f6e742d66616d696c793a20617269616c2c2068656c7665746963612c2073616e732d73657269663b223e4e696768742077696c6c206265207370656e6420617420746865207265736f727420696e20612073686172656420726f6f6d2e3c2f7370616e3e3c2f703e3c2f6469763e3c2f6c693e3c2f756c3e3c2f6469763e, 0, '2018-11-11 16:08:29', '2018-11-11 16:08:29'),
(9, 'Singapore Package 2 Nights 3 Days', 'Bangladesh', 'Singapore', '2000', 10, 3, 9, '2018-11-01', '2022-06-16', 0x3c70207374796c653d226d617267696e2d626f74746f6d3a20333070783b20666f6e742d66616d696c793a2067656f4c696768743b20666f6e742d73697a653a20313870783b206c696e652d6865696768743a20323870783b20636f6c6f723a207267622839312c2039312c203931293b223e3c7370616e207374796c653d22666f6e742d66616d696c793a2068656c7665746963612c20617269616c2c2073616e732d73657269663b20666f6e742d73697a653a20313270743b223e53696e6761706f72652c20616e2069736c616e6420636974792d7374617465206f666620736f75746865726e204d616c61797369612c206973206120676c6f62616c2066696e616e6369616c2063656e746572207769746820612074726f706963616c20636c696d61746520616e64206d756c746963756c747572616c20706f70756c6174696f6e2e2049747320636f6c6f6e69616c20636f72652063656e74657273206f6e2074686520506164616e672c206120637269636b6574206669656c642073696e63652074686520313833307320616e64206e6f7720666c616e6b6564206279206772616e64206275696c64696e6773207375636820617320436974792048616c6c2c20776974682069747320313820436f72696e746869616e20636f6c756d6e732e20496e2053696e6761706f7265e28099732063697263612d31383230204368696e61746f776e207374616e647320746865207265642d616e642d676f6c642042756464686120546f6f74682052656c69632054656d706c652c207361696420746f20686f757365206f6e65206f6620427564646861e28099732074656574682e3c2f7370616e3e3c2f703e3c70207374796c653d226d617267696e2d626f74746f6d3a20333070783b20666f6e742d66616d696c793a2067656f4c696768743b20666f6e742d73697a653a20313870783b206c696e652d6865696768743a20323870783b20636f6c6f723a207267622839312c2039312c203931293b223e3c7370616e207374796c653d22666f6e742d66616d696c793a20617269616c2c2068656c7665746963612c2073616e732d73657269663b20666f6e742d73697a653a20313270743b223e3c7370616e207374796c653d22666f6e742d66616d696c793a2067656f4c696768743b20666f6e742d7765696768743a20626f6c6465723b223e5061636b61676520496e636c756465733a3c2f7370616e3e3c2f7370616e3e3c2f703e3c756c207374796c653d22666f6e742d66616d696c793a2067656f4c696768743b20666f6e742d73697a653a20313670783b223e3c6c693e3c7370616e207374796c653d22666f6e742d66616d696c793a20617269616c2c2068656c7665746963612c2073616e732d73657269663b20666f6e742d73697a653a20313270743b223e5370656369616c204d6565742c2047726565742026616d703b20417373697374616e6365206f6e20416972706f72743c2f7370616e3e3c2f6c693e3c6c693e3c7370616e207374796c653d22666f6e742d66616d696c793a20617269616c2c2068656c7665746963612c2073616e732d73657269663b20666f6e742d73697a653a20313270743b223e4163636f6d6d6f646174696f6e203032204e696768747320696e2053696e6761706f72652061742041717565656e204a616c616e20426573617220486f74656c3c2f7370616e3e3c2f6c693e3c6c693e3c7370616e207374796c653d22666f6e742d66616d696c793a20617269616c2c2068656c7665746963612c2073616e732d73657269663b20666f6e742d73697a653a20313270743b223e4163636f6d6d6f646174696f6e205477696e2053686172696e672e3c2f7370616e3e3c2f6c693e3c6c693e3c7370616e207374796c653d22666f6e742d66616d696c793a20617269616c2c2068656c7665746963612c2073616e732d73657269663b20666f6e742d73697a653a20313270743b223e4f6e6c7920427265616b666173743c2f7370616e3e3c2f6c693e3c6c693e3c7370616e207374796c653d22666f6e742d66616d696c793a20617269616c2c2068656c7665746963612c2073616e732d73657269663b20666f6e742d73697a653a20313270743b223e5369676874736565696e6720696e2053696e6761706f72653c2f7370616e3e3c2f6c693e3c6c693e3c7370616e207374796c653d22666f6e742d66616d696c793a20617269616c2c2068656c7665746963612c2073616e732d73657269663b20666f6e742d73697a653a20313270743b223e416c6c205472616e73706f72746174696f6e206279205072697661746520412f43202e2028534943204261736973293c2f7370616e3e3c2f6c693e3c6c693e3c7370616e207374796c653d22666f6e742d66616d696c793a20617269616c2c2068656c7665746963612c2073616e732d73657269663b20666f6e742d73697a653a20313270743b223e50726f66657373696f6e616c20456e676c69736820537065616b696e672047756964652e3c2f7370616e3e3c2f6c693e3c2f756c3e3c70207374796c653d226d617267696e2d626f74746f6d3a20333070783b20666f6e742d66616d696c793a2067656f4c696768743b20666f6e742d73697a653a20313870783b206c696e652d6865696768743a20323870783b20636f6c6f723a207267622839312c2039312c203931293b223e3c7370616e207374796c653d22666f6e742d66616d696c793a20617269616c2c2068656c7665746963612c2073616e732d73657269663b20666f6e742d73697a653a20313270743b223e3c7370616e207374796c653d22666f6e742d66616d696c793a2067656f4c696768743b20666f6e742d7765696768743a20626f6c6465723b223e5061636b616765204578636c756465733a3c2f7370616e3e3c2f7370616e3e3c2f703e3c756c207374796c653d22666f6e742d66616d696c793a2067656f4c696768743b20666f6e742d73697a653a20313670783b223e3c6c693e3c7370616e207374796c653d22666f6e742d66616d696c793a20617269616c2c2068656c7665746963612c2073616e732d73657269663b20666f6e742d73697a653a20313270743b223e416972205469636b65743c2f7370616e3e3c2f6c693e3c6c693e3c7370616e207374796c653d22666f6e742d66616d696c793a20617269616c2c2068656c7665746963612c2073616e732d73657269663b20666f6e742d73697a653a20313270743b223e566973613c2f7370616e3e3c2f6c693e3c6c693e3c7370616e207374796c653d22666f6e742d66616d696c793a20617269616c2c2068656c7665746963612c2073616e732d73657269663b20666f6e742d73697a653a20313270743b223e416e79206974656d73206e6f74206d656e74696f6e656420696e207468652061626f7665206974696e65726172793c2f7370616e3e3c2f6c693e3c6c693e3c7370616e207374796c653d22666f6e742d66616d696c793a20617269616c2c2068656c7665746963612c2073616e732d73657269663b20666f6e742d73697a653a20313270743b223e416e79204561726c7920636865636b2d696e202f206c61746520636865636b2d6f75743c2f7370616e3e3c2f6c693e3c6c693e3c7370616e207374796c653d22666f6e742d66616d696c793a20617269616c2c2068656c7665746963612c2073616e732d73657269663b20666f6e742d73697a653a20313270743b223e416e79206b696e64206f6620706572736f6e616c20636f73743c2f7370616e3e3c2f6c693e3c2f756c3e3c70207374796c653d226d617267696e2d626f74746f6d3a20333070783b20666f6e742d66616d696c793a2067656f4c696768743b20666f6e742d73697a653a20313870783b206c696e652d6865696768743a20323870783b20636f6c6f723a207267622839312c2039312c203931293b223e3c7370616e207374796c653d22666f6e742d7765696768743a20626f6c6465723b223e3c7370616e207374796c653d22666f6e742d66616d696c793a20617269616c2c2068656c7665746963612c2073616e732d73657269663b20666f6e742d73697a653a20313270743b223e2a20436f6e646974696f6e3a204d696e696d756d203420506572736f6e266e6273703b3c2f7370616e3e3c2f7370616e3e3c2f703e, 0x3c6469763e3c62723e3c2f6469763e3c6469763e3c756c20636c6173733d226576656e742d7363686564756c652d6c697374206c6973742d756e7374796c656422207374796c653d22666f6e742d66616d696c793a2067656f4c696768743b206d617267696e2d626f74746f6d3a20333070783b20706f736974696f6e3a2072656c61746976653b20666f6e742d73697a653a20313670783b223e3c6c6920636c6173733d22726f77206e6f2d6775747465727322207374796c653d22706f736974696f6e3a2072656c61746976653b207a2d696e6465783a20313b223e3c7370616e20636c6173733d2265732d74696d65206f726465722d3222207374796c653d22666f6e742d66616d696c793a2067656f426f6f6b3b20666f6e742d7765696768743a20626f6c6465723b2077686974652d73706163653a206e6f777261703b20666c65783a203020312030253b20666f6e742d73697a653a20313870783b20636f6c6f723a207267622834382c2034382c203438293b206c696e652d6865696768743a20323670783b2070616464696e672d72696768743a20323070783b223e31303a303020414d3c2f7370616e3e3c64697620636c6173733d2265732d64657363206f726465722d3322207374796c653d22666c65783a203120312030253b223e3c6833207374796c653d22666f6e742d66616d696c793a2067656f426f6f6b3b206d617267696e2d626f74746f6d3a203070783b20666f6e742d7765696768743a203530303b206c696e652d6865696768743a20323670783b20636f6c6f723a207267622839312c2039312c203931293b20666f6e742d73697a653a20313870783b223e4172726976616c2061742053696e6761706f72653c2f68333e3c70207374796c653d226d617267696e2d746f703a203870783b206d617267696e2d626f74746f6d3a203070783b20636f6c6f723a207267622839312c2039312c203931293b20666f6e742d73697a653a20313870783b206c696e652d6865696768743a20323870783b223e4172726976616c20696e2053696e6761706f7265202841732070657220466c696768742074696d65292055706f6e204172726976616c204d65657420616e6420477265657420617420416972706f7274206279206f757220726570726573656e7461746976652e3c2f703e3c2f6469763e3c2f6c693e3c6c6920636c6173733d22726f77206e6f2d6775747465727322207374796c653d22706f736974696f6e3a2072656c61746976653b207a2d696e6465783a20313b206d617267696e2d746f703a20333070783b223e3c7370616e20636c6173733d2265732d74696d65206f726465722d3222207374796c653d22666f6e742d66616d696c793a2067656f426f6f6b3b20666f6e742d7765696768743a20626f6c6465723b2077686974652d73706163653a206e6f777261703b20666c65783a203020312030253b20666f6e742d73697a653a20313870783b20636f6c6f723a207267622834382c2034382c203438293b206c696e652d6865696768743a20323670783b2070616464696e672d72696768743a20323070783b223e30323a303020504d3c2f7370616e3e3c64697620636c6173733d2265732d64657363206f726465722d3322207374796c653d22666c65783a203120312030253b223e3c6833207374796c653d22666f6e742d66616d696c793a2067656f426f6f6b3b206d617267696e2d626f74746f6d3a203070783b20666f6e742d7765696768743a203530303b206c696e652d6865696768743a20323670783b20636f6c6f723a207267622839312c2039312c203931293b20666f6e742d73697a653a20313870783b223e486f74656c20436865636b20496e3c2f68333e3c70207374796c653d226d617267696e2d746f703a203870783b206d617267696e2d626f74746f6d3a203070783b20636f6c6f723a207267622839312c2039312c203931293b20666f6e742d73697a653a20313870783b206c696e652d6865696768743a20323870783b223e5472616e7366657220746f2074686520686f74656c20287374616e6461726420636865636b20696e2074696d652031342e3030292e2046726565206174206c656973757265204f7665726e69676874207374617920617420486f74656c2e3c2f703e3c2f6469763e3c2f6c693e3c2f756c3e3c2f6469763e, 0, '2018-11-11 16:12:13', '2018-11-11 16:12:13');

-- --------------------------------------------------------

--
-- Table structure for table `package_imgs`
--

CREATE TABLE `package_imgs` (
  `id` int(11) NOT NULL,
  `package_id` int(11) DEFAULT NULL,
  `image` varchar(255) DEFAULT NULL,
  `created_at` timestamp NULL DEFAULT NULL,
  `updated_at` timestamp NULL DEFAULT NULL
) ENGINE=InnoDB DEFAULT CHARSET=latin1;

--
-- Dumping data for table `package_imgs`
--

INSERT INTO `package_imgs` (`id`, `package_id`, `image`, `created_at`, `updated_at`) VALUES
(33, 6, '5be7cc37d9e4a.jpg', '2018-11-11 12:29:11', '2018-11-11 12:29:11'),
(34, 6, '5be7cd8102f8e.jpg', '2018-11-11 12:34:41', '2018-11-11 12:34:41'),
(35, 6, '5be7cd819183d.jpg', '2018-11-11 12:34:41', '2018-11-11 12:34:41'),
(36, 5, '5be7cef444f79.jpg', '2018-11-11 12:40:52', '2018-11-11 12:40:52'),
(37, 5, '5be7cef486043.jpg', '2018-11-11 12:40:52', '2018-11-11 12:40:52'),
(38, 5, '5be7cef48d71a.jpg', '2018-11-11 12:40:52', '2018-11-11 12:40:52'),
(39, 4, '5be7cf1176d63.jpg', '2018-11-11 12:41:21', '2018-11-11 12:41:21'),
(40, 4, '5be7cf1199ee1.jpg', '2018-11-11 12:41:21', '2018-11-11 12:41:21'),
(41, 3, '5be7cf9d4130b.jpg', '2018-11-11 12:43:41', '2018-11-11 12:43:41'),
(42, 3, '5be7cf9d4c596.jpg', '2018-11-11 12:43:41', '2018-11-11 12:43:41'),
(43, 3, '5be7cf9d53b18.jpg', '2018-11-11 12:43:41', '2018-11-11 12:43:41'),
(44, 2, '5be7cfc523b5a.jpg', '2018-11-11 12:44:21', '2018-11-11 12:44:21'),
(45, 2, '5be7cfc52bcf7.jpg', '2018-11-11 12:44:21', '2018-11-11 12:44:21'),
(46, 1, '5be7cff33b65e.jpg', '2018-11-11 12:45:07', '2018-11-11 12:45:07'),
(47, 1, '5be7cff35d913.jpg', '2018-11-11 12:45:07', '2018-11-11 12:45:07'),
(48, 7, '5be7feb9cf70e.jpg', '2018-11-11 16:04:42', '2018-11-11 16:04:42'),
(49, 7, '5be7feba0414f.jpg', '2018-11-11 16:04:42', '2018-11-11 16:04:42'),
(50, 7, '5be7feba0b5a6.jpg', '2018-11-11 16:04:42', '2018-11-11 16:04:42'),
(51, 7, '5be7feba1389a.jpg', '2018-11-11 16:04:42', '2018-11-11 16:04:42'),
(52, 7, '5be7feba1ab4c.jpg', '2018-11-11 16:04:42', '2018-11-11 16:04:42'),
(53, 8, '5be7ff9d9dbda.jpg', '2018-11-11 16:08:29', '2018-11-11 16:08:29'),
(54, 8, '5be7ff9da5faf.jpg', '2018-11-11 16:08:29', '2018-11-11 16:08:29'),
(55, 8, '5be7ff9dad744.jpg', '2018-11-11 16:08:29', '2018-11-11 16:08:29'),
(56, 8, '5be7ff9db4b36.jpg', '2018-11-11 16:08:29', '2018-11-11 16:08:29'),
(57, 8, '5be7ff9dbc007.jpg', '2018-11-11 16:08:29', '2018-11-11 16:08:29'),
(58, 9, '5be8007dd435e.jpg', '2018-11-11 16:12:14', '2018-11-11 16:12:14'),
(59, 9, '5be8007e0512f.jpg', '2018-11-11 16:12:14', '2018-11-11 16:12:14'),
(60, 9, '5be8007e0c5ca.jpg', '2018-11-11 16:12:14', '2018-11-11 16:12:14'),
(61, 9, '5be8007e13564.jpg', '2018-11-11 16:12:14', '2018-11-11 16:12:14'),
(62, 9, '5be8007e1b0ca.jpg', '2018-11-11 16:12:14', '2018-11-11 16:12:14');

-- --------------------------------------------------------

--
-- Table structure for table `password_resets`
--

CREATE TABLE `password_resets` (
  `id` int(11) NOT NULL,
  `email` varchar(255) DEFAULT NULL,
  `token` varchar(255) DEFAULT NULL,
  `status` int(11) DEFAULT NULL,
  `created_at` timestamp NULL DEFAULT NULL,
  `updated_at` timestamp NULL DEFAULT NULL
) ENGINE=InnoDB DEFAULT CHARSET=latin1;

--
-- Dumping data for table `password_resets`
--

INSERT INTO `password_resets` (`id`, `email`, `token`, `status`, `created_at`, `updated_at`) VALUES
(8, 'pratik.anwar@gmail.com', 'V9SWMiNodtmtNEj08w8yRRpQG8wxWW', 1, '2018-08-08 19:43:50', '2018-08-09 07:44:42'),
(9, 'pratik.anwar@gmail.com', 'rUjQzDXcZ0FrgV2PaKbd01LOScaPOp', 1, '2018-09-05 19:36:16', '2018-09-06 07:40:23'),
(10, 'pratik.anwar@gmail.com', '1nw7uxfIBTx2elodQGbuy2hpvOsjMX', 1, '2018-10-07 20:32:23', '2018-10-09 00:01:22');

-- --------------------------------------------------------

--
-- Table structure for table `pickup_bookings`
--

CREATE TABLE `pickup_bookings` (
  `id` int(11) NOT NULL,
  `user_id` int(11) DEFAULT NULL,
  `pickup_car_id` int(11) DEFAULT NULL,
  `pickup_date` varchar(255) DEFAULT NULL,
  `pickup_time` varchar(255) DEFAULT NULL,
  `location` varchar(255) DEFAULT NULL,
  `price` varchar(255) DEFAULT NULL,
  `status` int(3) NOT NULL DEFAULT 0,
  `message` text DEFAULT NULL,
  `created_at` timestamp NULL DEFAULT NULL,
  `updated_at` timestamp NULL DEFAULT NULL
) ENGINE=InnoDB DEFAULT CHARSET=latin1;

--
-- Dumping data for table `pickup_bookings`
--

INSERT INTO `pickup_bookings` (`id`, `user_id`, `pickup_car_id`, `pickup_date`, `pickup_time`, `location`, `price`, `status`, `message`, `created_at`, `updated_at`) VALUES
(2, 6, 3, '10/04/2018', '4:00pm', 'Rangpur', '600', -1, 'it look like readable English. Many desktop publishing packages and web page editors now use Lorem Ipsum as their default model text', '2018-10-01 05:14:51', '2018-11-12 18:13:08'),
(3, 9, 3, '10/08/2018', '9:00am', 'Thakurgaon', '2000', 0, NULL, '2018-10-01 05:15:24', '2018-10-04 06:00:08'),
(4, 6, 3, '10/17/2018', '1:00pm', 'Thakurgaon', '2000', 0, NULL, '2018-10-04 04:42:28', '2018-10-09 17:43:06'),
(5, 6, 3, '10/20/2018', '10:30pm', 'Rangpur', '600', 0, NULL, '2018-10-07 03:41:25', '2018-10-07 05:42:40'),
(8, 11, 4, '10/20/2018', '9:30pm', 'Dhanmondi', '800', 0, NULL, '2018-10-10 12:27:46', '2018-10-10 12:27:46');

-- --------------------------------------------------------

--
-- Table structure for table `pickup_cars`
--

CREATE TABLE `pickup_cars` (
  `id` int(11) NOT NULL,
  `title` varchar(255) DEFAULT NULL,
  `capacity` int(11) DEFAULT NULL,
  `pickup_location` varchar(255) DEFAULT NULL,
  `overview` blob DEFAULT NULL,
  `a_hidden` int(3) NOT NULL DEFAULT 0,
  `created_at` timestamp NULL DEFAULT NULL,
  `updated_at` timestamp NULL DEFAULT NULL
) ENGINE=InnoDB DEFAULT CHARSET=latin1;

--
-- Dumping data for table `pickup_cars`
--

INSERT INTO `pickup_cars` (`id`, `title`, `capacity`, `pickup_location`, `overview`, `a_hidden`, `created_at`, `updated_at`) VALUES
(2, 'BMW Sedan', 7, 'Hazrat Shahjalal International Airport, Airport Road, Sector 1, Kurmitola, Dhaka 1229', 0x3c7370616e207374796c653d22636f6c6f723a2072676228302c20302c2030293b20666f6e742d66616d696c793a202671756f743b4f70656e2053616e732671756f743b2c20417269616c2c2073616e732d73657269663b20746578742d616c69676e3a206a7573746966793b223e436f6e747261727920746f20706f70756c61722062656c6965662c204c6f72656d20497073756d206973206e6f742073696d706c792072616e646f6d20746578742e2049742068617320726f6f747320696e2061207069656365206f6620636c6173736963616c204c6174696e206c6974657261747572652066726f6d2034352042432c206d616b696e67206974206f7665722032303030207965617273206f6c642e2052696368617264204d63436c696e746f636b2c2061204c6174696e2070726f666573736f722061742048616d7064656e2d5379646e657920436f6c6c65676520696e2056697267696e69612c206c6f6f6b6564207570206f6e65206f6620746865206d6f7265206f627363757265204c6174696e20776f7264732c20636f6e73656374657475722c2066726f6d2061204c6f72656d20497073756d20706173736167652c20616e6420676f696e67207468726f75676820746865206369746573206f662074686520776f726420696e20636c6173736963616c206c6974657261747572652c20646973636f76657265642074686520756e646f75627461626c6520736f757263652e204c6f72656d20497073756d20636f6d65732066726f6d2073656374696f6e7320312e31302e333220616e6420312e31302e3333206f66202264652046696e6962757320426f6e6f72756d206574204d616c6f72756d2220285468652045787472656d6573206f6620476f6f6420616e64204576696c292062792043696365726f2c207772697474656e20696e2034352042432e205468697320626f6f6b2069732061207472656174697365206f6e20746865207468656f7279206f66206574686963732c207665727920706f70756c617220647572696e67207468652052656e61697373616e63652e20546865206669727374206c696e65206f66204c6f72656d20497073756d2c20224c6f72656d20697073756d20646f6c6f722073697420616d65742e2e222c20636f6d65732066726f6d2061206c696e6520696e2073656374696f6e20312e31302e33322e3c2f7370616e3e, 0, '2018-09-24 02:18:18', '2018-10-01 01:43:34'),
(3, 'Corolla', 6, 'Saidpur Airport', 0x3c666f6e742073697a653d2233223e3c7374726f6e67207374796c653d226d617267696e3a203070783b2070616464696e673a203070783b20636f6c6f723a2072676228302c20302c2030293b20666f6e742d66616d696c793a202671756f743b4f70656e2053616e732671756f743b2c20417269616c2c2073616e732d73657269663b20746578742d616c69676e3a206a7573746966793b223e4c6f72656d20497073756d3c2f7374726f6e673e3c7370616e207374796c653d22636f6c6f723a2072676228302c20302c2030293b20666f6e742d66616d696c793a202671756f743b4f70656e2053616e732671756f743b2c20417269616c2c2073616e732d73657269663b20746578742d616c69676e3a206a7573746966793b223e266e6273703b69732073696d706c792064756d6d792074657874206f6620746865207072696e74696e6720616e64207479706573657474696e6720696e6475737472792e204c6f72656d20497073756d20686173206265656e2074686520696e6475737472792773207374616e646172642064756d6d79207465787420657665722073696e6365207468652031353030732c207768656e20616e20756e6b6e6f776e207072696e74657220746f6f6b20612067616c6c6579206f66207479706520616e6420736372616d626c656420697420746f206d616b65206120747970652073706563696d656e20626f6f6b2e20497420686173207375727669766564206e6f74206f6e6c7920666976652063656e7475726965732c2062757420616c736f20746865206c65617020696e746f20656c656374726f6e6963207479706573657474696e672c2072656d61696e696e6720657373656e7469616c6c7920756e6368616e6765642e2049742077617320706f70756c61726973656420696e207468652031393630732077697468207468652072656c65617365206f66204c657472617365742073686565747320636f6e7461696e696e67204c6f72656d20497073756d2070617373616765732c20616e64206d6f726520726563656e746c792077697468206465736b746f70207075626c697368696e6720736f667477617265206c696b6520416c64757320506167654d616b657220696e636c7564696e672076657273696f6e73206f66204c6f72656d20497073756d2e3c2f7370616e3e3c2f666f6e743e, 0, '2018-10-01 03:40:36', '2018-10-10 13:29:46'),
(4, 'Cadillac', 4, 'Hazrat Shahajalal', 0x3c702069643d22702d313322207374796c653d226d617267696e2d72696768743a203070783b206d617267696e2d626f74746f6d3a20313070783b206d617267696e2d6c6566743a203070783b20666f6e742d76617269616e742d6e756d657269633a206e6f726d616c3b20666f6e742d76617269616e742d656173742d617369616e3a206e6f726d616c3b20666f6e742d737472657463683a206e6f726d616c3b206c696e652d6865696768743a20323870783b20666f6e742d66616d696c793a204c6f72612c2073657269663b20636f6c6f723a207267622832312c2032312c203231293b223e3c666f6e742073697a653d2233223e436164696c6c616320776173206e616d656420616674657220746865206772656174204672656e6368206578706c6f72657220416e746f696e65204c61756d6574206465204c61204d6f7468652c20536965757220646520436164696c6c61632c2077686f20666f756e64656420446574726f69742c204d6963686967616e20696e20313730312e3c2f666f6e743e3c2f703e3c702069643d22702d313422207374796c653d226d617267696e2d72696768743a203070783b206d617267696e2d626f74746f6d3a20313070783b206d617267696e2d6c6566743a203070783b20666f6e742d76617269616e742d6e756d657269633a206e6f726d616c3b20666f6e742d76617269616e742d656173742d617369616e3a206e6f726d616c3b20666f6e742d737472657463683a206e6f726d616c3b206c696e652d6865696768743a20323870783b20666f6e742d66616d696c793a204c6f72612c2073657269663b20636f6c6f723a207267622832312c2032312c203231293b223e3c666f6e742073697a653d2233223e436164696c6c6163206973206f6e65206f6620746865206561726c6965737420636172206272616e647320696e207468652055532e20466f756e64656420696e20313930322c206974206973206b6e6f776e20666f72206d616e75666163747572696e67206c757875727920636172732e20486f77657665722c2074686520636f6d70616e7920776173206c617465722074616b656e206f7665722062792047656e6572616c204d6f746f727320696e20313930392e3c2f666f6e743e3c2f703e, 0, '2018-10-10 10:47:44', '2018-10-10 12:59:30'),
(5, 'Toyota Premio', 6, 'Shah Amanat International Airport', 0x3c646c207374796c653d226d617267696e2d72696768743a203070783b206d617267696e2d626f74746f6d3a203070783b206d617267696e2d6c6566743a203070783b20666f6e742d73697a653a20313670783b20636f6c6f723a20726762283131322c203131382c20313138293b20666f6e742d66616d696c793a20417269616c2c2048656c7665746963612c2073616e732d73657269663b223e3c70207374796c653d226d617267696e2d626f74746f6d3a203070783b20666f6e742d73697a653a20313570783b206c696e652d6865696768743a20323470783b223e3c666f6e742073697a653d2233223e4d616e756661637475726572203a202667743b2667743b2667743b2667743b20544f594f5441202d204a4150414e3c2f666f6e743e3c2f703e3c70207374796c653d226d617267696e2d626f74746f6d3a203070783b20666f6e742d73697a653a20313570783b206c696e652d6865696768743a20323470783b223e3c666f6e742073697a653d2233223e436172204e616d6520e2809320434f524f4c4c4120e2809320473c2f666f6e743e3c2f703e3c70207374796c653d226d617267696e2d626f74746f6d3a203070783b20666f6e742d73697a653a20313570783b206c696e652d6865696768743a20323470783b223e3c666f6e742073697a653d2233223e536572696573203a202667743b2667743b2667743b2667743b2032393c2f666f6e743e3c2f703e3c70207374796c653d226d617267696e2d626f74746f6d3a203070783b20666f6e742d73697a653a20313570783b206c696e652d6865696768743a20323470783b223e3c666f6e742073697a653d2233223e4d6f64656c203a202667743b2667743b2667743b2667743b20323030363c2f666f6e743e3c2f703e3c70207374796c653d226d617267696e2d626f74746f6d3a203070783b20666f6e742d73697a653a20313570783b206c696e652d6865696768743a20323470783b223e3c666f6e742073697a653d2233223e526567697374726174696f6e3a202667743b2667743b2667743b2667743b20323031303c2f666f6e743e3c2f703e3c70207374796c653d226d617267696e2d626f74746f6d3a203070783b20666f6e742d73697a653a20313570783b206c696e652d6865696768743a20323470783b223e3c666f6e742073697a653d2233223e4d696c65616765203a2667743b2667743b2667743b2667743b2035383030303c2f666f6e743e3c2f703e3c70207374796c653d226d617267696e2d626f74746f6d3a203070783b20666f6e742d73697a653a20313570783b206c696e652d6865696768743a20323470783b223e3c666f6e742073697a653d2233223e456e67696e65203a202667743b2667743b2667743b2667743b2056205620542d20492e3c2f666f6e743e3c2f703e3c70207374796c653d226d617267696e2d626f74746f6d3a203070783b20666f6e742d73697a653a20313570783b206c696e652d6865696768743a20323470783b223e3c666f6e742073697a653d2233223e456e67696e65206361706163697479203a202667743b2667743b2667743b2667743b20313530302063632e3c2f666f6e743e3c2f703e3c70207374796c653d226d617267696e2d626f74746f6d3a203070783b20666f6e742d73697a653a20313570783b206c696e652d6865696768743a20323470783b223e3c666f6e742073697a653d2233223e5472616e736d697373696f6e203a202667743b2667743b2667743b2667743b204175746f2e3c2f666f6e743e3c2f703e3c70207374796c653d226d617267696e2d626f74746f6d3a203070783b20666f6e742d73697a653a20313570783b206c696e652d6865696768743a20323470783b223e3c666f6e742073697a653d2233223e436f6c6f72203a202667743b2667743b2667743b2667743b20504541524c3c2f666f6e743e3c2f703e3c70207374796c653d226d617267696e2d626f74746f6d3a203070783b20666f6e742d73697a653a20313570783b206c696e652d6865696768743a20323470783b223e3c666f6e742073697a653d2233223e4675656c2053797374656d203a202667743b2667743b2667743b2667743b204f6374616e652c436e673c2f666f6e743e3c2f703e3c70207374796c653d226d617267696e2d626f74746f6d3a203070783b20666f6e742d73697a653a20313570783b206c696e652d6865696768743a20323470783b223e3c666f6e742073697a653d2233223e504150455253205550444154453c2f666f6e743e3c2f703e3c70207374796c653d226d617267696e2d626f74746f6d3a203070783b20666f6e742d73697a653a20313570783b206c696e652d6865696768743a20323470783b223e3c666f6e742073697a653d2233223e4649544e4553533a202667743b2667743b2667743b2667743b203235202d203034202d20323031393c2f666f6e743e3c2f703e3c70207374796c653d226d617267696e2d626f74746f6d3a203070783b20666f6e742d73697a653a20313570783b206c696e652d6865696768743a20323470783b223e3c666f6e742073697a653d2233223e54415820544f4b454e203a202667743b2667743b2667743b2667743b203137202d203131202d20323031383c2f666f6e743e3c2f703e3c70207374796c653d226d617267696e2d626f74746f6d3a203070783b20666f6e742d73697a653a20313570783b206c696e652d6865696768743a20323470783b223e3c666f6e742073697a653d2233223e494e535552454e4345203b202667743b2667743b2667743b2667743b203136202d203038202d20323031383c2f666f6e743e3c2f703e3c70207374796c653d226d617267696e2d626f74746f6d3a203070783b20666f6e742d73697a653a20313570783b206c696e652d6865696768743a20323470783b223e3c666f6e742073697a653d2233223e4f7074696f6e73203a20457863656c6c656e742041432c2043642c2054696c7420506f776572205374656572696e672c204469736b204272616b652c506f7765722057696e646f77732026616d703b204d6972726f722c3c62723e4142532c4169726261672c43656e7472616c204c6f636b2c54656d706572656420476c6173732c20416c6c6f792052696d2057697468204e657720547972652c20416c6c20506f7765722026616d703b2046756c6c204f7074696f6e2c5476206e617669676174696f6e204261636b2043616d6572612c20416c6c20506170657273205220557020746f20446174652e3c2f666f6e743e3c2f703e3c70207374796c653d226d617267696e2d626f74746f6d3a203070783b20666f6e742d73697a653a20313570783b206c696e652d6865696768743a20323470783b223e3c666f6e742073697a653d2233223e496620796f752077616e7420746f20636865636b20616e797468696e6720796f752063616e2074616b6520746869732063617220746f20616e79206175746f6d6f62696c6520616e616c797a696e672063656e7465722e3c62723e496e74657265737465642042757965722041524520456e636f75726167656420746f20436f6e7461637420757320466f72204d6f72652044657461696c732e2e2e2e2e2e2e3c62723e4c6f636174696f6e3a3c62723e2a417975624175746f2053706163652a3c2f666f6e743e3c2f703e3c2f646c3e, 0, '2018-11-11 17:30:30', '2018-11-11 17:49:29'),
(6, 'Toyota Fielder Hybrid-Silver', 6, 'Comilla Airport', 0x3c646c207374796c653d226d617267696e2d72696768743a203070783b206d617267696e2d626f74746f6d3a203070783b206d617267696e2d6c6566743a203070783b20666f6e742d73697a653a20313670783b20636f6c6f723a20726762283131322c203131382c20313138293b20666f6e742d66616d696c793a20417269616c2c2048656c7665746963612c2073616e732d73657269663b223e3c70207374796c653d226d617267696e2d626f74746f6d3a203070783b20666f6e742d73697a653a20313570783b206c696e652d6865696768743a20323470783b223e3c666f6e742073697a653d2233223e436f6e646974696f6e203a20537570657220467265736820436f6e646974696f6e2e3c2f666f6e743e3c2f703e3c70207374796c653d226d617267696e2d626f74746f6d3a203070783b20666f6e742d73697a653a20313570783b206c696e652d6865696768743a20323470783b223e3c666f6e742073697a653d2233223e4d616e756661637475726572203a20546f796f74612e3c2f666f6e743e3c2f703e3c70207374796c653d226d617267696e2d626f74746f6d3a203070783b20666f6e742d73697a653a20313570783b206c696e652d6865696768743a20323470783b223e3c666f6e742073697a653d2233223e536572696573203a204178696f204c696d697465643c2f666f6e743e3c2f703e3c70207374796c653d226d617267696e2d626f74746f6d3a203070783b20666f6e742d73697a653a20313570783b206c696e652d6865696768743a20323470783b223e3c666f6e742073697a653d2233223e4d6f64656c203a20323030383c2f666f6e743e3c2f703e3c70207374796c653d226d617267696e2d626f74746f6d3a203070783b20666f6e742d73697a653a20313570783b206c696e652d6865696768743a20323470783b223e3c666f6e742073697a653d2233223e526567697374726174696f6e203a20323031343c2f666f6e743e3c2f703e3c70207374796c653d226d617267696e2d626f74746f6d3a203070783b20666f6e742d73697a653a20313570783b206c696e652d6865696768743a20323470783b223e3c666f6e742073697a653d2233223e4d696c656167653a2035353030303c2f666f6e743e3c2f703e3c70207374796c653d226d617267696e2d626f74746f6d3a203070783b20666f6e742d73697a653a20313570783b206c696e652d6865696768743a20323470783b223e3c666f6e742073697a653d2233223e53657269616c203a2033352d3c2f666f6e743e3c2f703e3c70207374796c653d226d617267696e2d626f74746f6d3a203070783b20666f6e742d73697a653a20313570783b206c696e652d6865696768743a20323470783b223e3c666f6e742073697a653d2233223e456e67696e65203a20565654492e3c2f666f6e743e3c2f703e3c70207374796c653d226d617267696e2d626f74746f6d3a203070783b20666f6e742d73697a653a20313570783b206c696e652d6865696768743a20323470783b223e3c666f6e742073697a653d2233223e446973706c6163656d656e74203a20313530302063633c2f666f6e743e3c2f703e3c70207374796c653d226d617267696e2d626f74746f6d3a203070783b20666f6e742d73697a653a20313570783b206c696e652d6865696768743a20323470783b223e3c666f6e742073697a653d2233223e5472616e736d697373696f6e203a204175746f3c2f666f6e743e3c2f703e3c70207374796c653d226d617267696e2d626f74746f6d3a203070783b20666f6e742d73697a653a20313570783b206c696e652d6865696768743a20323470783b223e3c666f6e742073697a653d2233223e436f6c6f72203a2057686974652e20286f726967696e616c20293c2f666f6e743e3c2f703e3c70207374796c653d226d617267696e2d626f74746f6d3a203070783b20666f6e742d73697a653a20313570783b206c696e652d6865696768743a20323470783b223e3c666f6e742073697a653d2233223e4675656c2053797374656d203a204f6374616e652026616d703b20434e473c2f666f6e743e3c2f703e3c70207374796c653d226d617267696e2d626f74746f6d3a203070783b20666f6e742d73697a653a20313570783b206c696e652d6865696768743a20323470783b223e3c666f6e742073697a653d2233223e4f7074696f6e73203a2046756c6c79204175746f2026616d703b204c6f616465642e20496e746572696f722046726573682c204f726967696e616c2048656164204c696768742c204261636b204c696768742c204275696c7420696e204456442e204261636b2063616d6572612e20537570657220736f756e642073797374656d2c204f726967696e616c20476c6173732e204f726967696e616c20436f6c6f722e205472697074726f6e696320676561722c20416972204261672c2034204142532c204469736b204272616b652c20416e74692054686566742053656375726974792053797374656d2c2041432c2054696c7420506f776572205374656572696e672c2043656e7472616c204c6f636b2c3c2f666f6e743e3c2f703e3c70207374796c653d226d617267696e2d626f74746f6d3a203070783b20666f6e742d73697a653a20313570783b206c696e652d6865696768743a20323470783b223e3c666f6e742073697a653d2233223e54656d706572656420476c6173732c204f726967696e616c20546f796f74612052696d2c20416c6c20506f7765722026616d703b2046756c6c204f7074696f6e2c204e6f20616e79206163636964656e74616c20686973746f72792c205061706572732075702d746f20646174652e3c2f666f6e743e3c2f703e3c70207374796c653d226d617267696e2d626f74746f6d3a203070783b20666f6e742d73697a653a20313570783b206c696e652d6865696768743a20323470783b223e3c666f6e742073697a653d2233223e4e6f74653a20496620796f752077616e7420746f20636865636b20616e797468696e6720796f752063616e2074616b6520746869732063617220746f20616e79206175746f6d6f62696c6520616e616c797a696e672063656e7465722e3c2f666f6e743e3c2f703e3c70207374796c653d226d617267696e2d626f74746f6d3a203070783b20666f6e742d73697a653a20313570783b206c696e652d6865696768743a20323470783b223e3c666f6e742073697a653d2233223e4e423a2036202853697829206d6f6e7468204672656520536572766963696e672e3c2f666f6e743e3c2f703e3c70207374796c653d226d617267696e2d626f74746f6d3a203070783b20666f6e742d73697a653a20313570783b206c696e652d6865696768743a20323470783b223e3c666f6e742073697a653d2233223e506c73205669736974204f75722053686f77726f6f6d203a204361722045786368616e67652e3c2f666f6e743e3c2f703e3c2f646c3e, 0, '2018-11-11 17:40:18', '2018-11-11 17:50:39'),
(7, 'Toyota Corolla G', 6, 'Cox\'s Bazar Airport', 0x3c70207374796c653d226d617267696e2d626f74746f6d3a203070783b20666f6e742d73697a653a20313570783b206c696e652d6865696768743a20323470783b20636f6c6f723a20726762283131322c203131382c20313138293b20666f6e742d66616d696c793a20417269616c2c2048656c7665746963612c2073616e732d73657269663b223e3c666f6e742073697a653d2233223e4d616e756661637475726572203a202667743b2667743b2667743b2667743b20544f594f5441202d204a4150414e3c2f666f6e743e3c2f703e3c70207374796c653d226d617267696e2d626f74746f6d3a203070783b20666f6e742d73697a653a20313570783b206c696e652d6865696768743a20323470783b20636f6c6f723a20726762283131322c203131382c20313138293b20666f6e742d66616d696c793a20417269616c2c2048656c7665746963612c2073616e732d73657269663b223e3c666f6e742073697a653d2233223e436172204e616d6520e2809320434f524f4c4c4120e2809320473c2f666f6e743e3c2f703e3c70207374796c653d226d617267696e2d626f74746f6d3a203070783b20666f6e742d73697a653a20313570783b206c696e652d6865696768743a20323470783b20636f6c6f723a20726762283131322c203131382c20313138293b20666f6e742d66616d696c793a20417269616c2c2048656c7665746963612c2073616e732d73657269663b223e3c666f6e742073697a653d2233223e536572696573203a202667743b2667743b2667743b2667743b2032393c2f666f6e743e3c2f703e3c70207374796c653d226d617267696e2d626f74746f6d3a203070783b20666f6e742d73697a653a20313570783b206c696e652d6865696768743a20323470783b20636f6c6f723a20726762283131322c203131382c20313138293b20666f6e742d66616d696c793a20417269616c2c2048656c7665746963612c2073616e732d73657269663b223e3c666f6e742073697a653d2233223e4d6f64656c203a202667743b2667743b2667743b2667743b20323030363c2f666f6e743e3c2f703e3c70207374796c653d226d617267696e2d626f74746f6d3a203070783b20666f6e742d73697a653a20313570783b206c696e652d6865696768743a20323470783b20636f6c6f723a20726762283131322c203131382c20313138293b20666f6e742d66616d696c793a20417269616c2c2048656c7665746963612c2073616e732d73657269663b223e3c666f6e742073697a653d2233223e526567697374726174696f6e3a202667743b2667743b2667743b2667743b20323031303c2f666f6e743e3c2f703e3c70207374796c653d226d617267696e2d626f74746f6d3a203070783b20666f6e742d73697a653a20313570783b206c696e652d6865696768743a20323470783b20636f6c6f723a20726762283131322c203131382c20313138293b20666f6e742d66616d696c793a20417269616c2c2048656c7665746963612c2073616e732d73657269663b223e3c666f6e742073697a653d2233223e4d696c65616765203a2667743b2667743b2667743b2667743b2035383030303c2f666f6e743e3c2f703e3c70207374796c653d226d617267696e2d626f74746f6d3a203070783b20666f6e742d73697a653a20313570783b206c696e652d6865696768743a20323470783b20636f6c6f723a20726762283131322c203131382c20313138293b20666f6e742d66616d696c793a20417269616c2c2048656c7665746963612c2073616e732d73657269663b223e3c666f6e742073697a653d2233223e456e67696e65203a202667743b2667743b2667743b2667743b2056205620542d20492e3c2f666f6e743e3c2f703e3c70207374796c653d226d617267696e2d626f74746f6d3a203070783b20666f6e742d73697a653a20313570783b206c696e652d6865696768743a20323470783b20636f6c6f723a20726762283131322c203131382c20313138293b20666f6e742d66616d696c793a20417269616c2c2048656c7665746963612c2073616e732d73657269663b223e3c666f6e742073697a653d2233223e456e67696e65206361706163697479203a202667743b2667743b2667743b2667743b20313530302063632e3c2f666f6e743e3c2f703e3c70207374796c653d226d617267696e2d626f74746f6d3a203070783b20666f6e742d73697a653a20313570783b206c696e652d6865696768743a20323470783b20636f6c6f723a20726762283131322c203131382c20313138293b20666f6e742d66616d696c793a20417269616c2c2048656c7665746963612c2073616e732d73657269663b223e3c666f6e742073697a653d2233223e5472616e736d697373696f6e203a202667743b2667743b2667743b2667743b204175746f2e3c2f666f6e743e3c2f703e3c70207374796c653d226d617267696e2d626f74746f6d3a203070783b20666f6e742d73697a653a20313570783b206c696e652d6865696768743a20323470783b20636f6c6f723a20726762283131322c203131382c20313138293b20666f6e742d66616d696c793a20417269616c2c2048656c7665746963612c2073616e732d73657269663b223e3c666f6e742073697a653d2233223e436f6c6f72203a202667743b2667743b2667743b2667743b20504541524c3c2f666f6e743e3c2f703e3c70207374796c653d226d617267696e2d626f74746f6d3a203070783b20666f6e742d73697a653a20313570783b206c696e652d6865696768743a20323470783b20636f6c6f723a20726762283131322c203131382c20313138293b20666f6e742d66616d696c793a20417269616c2c2048656c7665746963612c2073616e732d73657269663b223e3c666f6e742073697a653d2233223e4675656c2053797374656d203a202667743b2667743b2667743b2667743b204f6374616e652c436e673c2f666f6e743e3c2f703e3c70207374796c653d226d617267696e2d626f74746f6d3a203070783b20666f6e742d73697a653a20313570783b206c696e652d6865696768743a20323470783b20636f6c6f723a20726762283131322c203131382c20313138293b20666f6e742d66616d696c793a20417269616c2c2048656c7665746963612c2073616e732d73657269663b223e3c666f6e742073697a653d2233223e504150455253205550444154453c2f666f6e743e3c2f703e3c70207374796c653d226d617267696e2d626f74746f6d3a203070783b20666f6e742d73697a653a20313570783b206c696e652d6865696768743a20323470783b20636f6c6f723a20726762283131322c203131382c20313138293b20666f6e742d66616d696c793a20417269616c2c2048656c7665746963612c2073616e732d73657269663b223e3c666f6e742073697a653d2233223e4649544e4553533a202667743b2667743b2667743b2667743b203235202d203034202d20323031393c2f666f6e743e3c2f703e3c70207374796c653d226d617267696e2d626f74746f6d3a203070783b20666f6e742d73697a653a20313570783b206c696e652d6865696768743a20323470783b20636f6c6f723a20726762283131322c203131382c20313138293b20666f6e742d66616d696c793a20417269616c2c2048656c7665746963612c2073616e732d73657269663b223e3c666f6e742073697a653d2233223e54415820544f4b454e203a202667743b2667743b2667743b2667743b203137202d203131202d20323031383c2f666f6e743e3c2f703e3c70207374796c653d226d617267696e2d626f74746f6d3a203070783b20666f6e742d73697a653a20313570783b206c696e652d6865696768743a20323470783b20636f6c6f723a20726762283131322c203131382c20313138293b20666f6e742d66616d696c793a20417269616c2c2048656c7665746963612c2073616e732d73657269663b223e3c666f6e742073697a653d2233223e494e535552454e4345203b202667743b2667743b2667743b2667743b203136202d203038202d20323031383c2f666f6e743e3c2f703e3c70207374796c653d226d617267696e2d626f74746f6d3a203070783b20666f6e742d73697a653a20313570783b206c696e652d6865696768743a20323470783b20636f6c6f723a20726762283131322c203131382c20313138293b20666f6e742d66616d696c793a20417269616c2c2048656c7665746963612c2073616e732d73657269663b223e3c666f6e742073697a653d2233223e4f7074696f6e73203a20457863656c6c656e742041432c2043642c2054696c7420506f776572205374656572696e672c204469736b204272616b652c506f7765722057696e646f77732026616d703b204d6972726f722c3c62723e4142532c4169726261672c43656e7472616c204c6f636b2c54656d706572656420476c6173732c20416c6c6f792052696d2057697468204e657720547972652c20416c6c20506f7765722026616d703b2046756c6c204f7074696f6e2c5476206e617669676174696f6e204261636b2043616d6572612c20416c6c20506170657273205220557020746f20446174652e3c2f666f6e743e3c2f703e3c70207374796c653d226d617267696e2d626f74746f6d3a203070783b20666f6e742d73697a653a20313570783b206c696e652d6865696768743a20323470783b20636f6c6f723a20726762283131322c203131382c20313138293b20666f6e742d66616d696c793a20417269616c2c2048656c7665746963612c2073616e732d73657269663b223e3c666f6e742073697a653d2233223e496620796f752077616e7420746f20636865636b20616e797468696e6720796f752063616e2074616b6520746869732063617220746f20616e79206175746f6d6f62696c6520616e616c797a696e672063656e7465722e3c62723e496e74657265737465642042757965722041524520456e636f75726167656420746f20436f6e7461637420757320466f72204d6f72652044657461696c732e2e2e2e2e2e2e3c62723e4c6f636174696f6e3a3c62723e2a417975624175746f2053706163652a3c2f666f6e743e3c2f703e, 0, '2018-11-11 17:44:07', '2018-11-11 17:44:07'),
(8, 'Toyota Axio X', 6, 'Khan Jahan Ali Airport', 0x3c70207374796c653d22636f6c6f723a20726762283131322c203131382c20313138293b20666f6e742d66616d696c793a20417269616c2c2048656c7665746963612c2073616e732d73657269663b223e4d616e756661637475726572203a20546f796f7461202c4a6170616e2e3c2f703e3c70207374796c653d22636f6c6f723a20726762283131322c203131382c20313138293b20666f6e742d66616d696c793a20417269616c2c2048656c7665746963612c2073616e732d73657269663b223e536572696573203a204178696f3c2f703e3c70207374796c653d22636f6c6f723a20726762283131322c203131382c20313138293b20666f6e742d66616d696c793a20417269616c2c2048656c7665746963612c2073616e732d73657269663b223e4d6f64656c203a20323031303c2f703e3c70207374796c653d22636f6c6f723a20726762283131322c203131382c20313138293b20666f6e742d66616d696c793a20417269616c2c2048656c7665746963612c2073616e732d73657269663b223e526567697374726174696f6e203a20323c2f703e3c70207374796c653d22636f6c6f723a20726762283131322c203131382c20313138293b20666f6e742d66616d696c793a20417269616c2c2048656c7665746963612c2073616e732d73657269663b223e4d696c65616765203a2034373030303c2f703e3c70207374796c653d22636f6c6f723a20726762283131322c203131382c20313138293b20666f6e742d66616d696c793a20417269616c2c2048656c7665746963612c2073616e732d73657269663b223e456e67696e65203a205656542d493c2f703e3c70207374796c653d22636f6c6f723a20726762283131322c203131382c20313138293b20666f6e742d66616d696c793a20417269616c2c2048656c7665746963612c2073616e732d73657269663b223e53657269616c203a2032303c2f703e3c70207374796c653d22636f6c6f723a20726762283131322c203131382c20313138293b20666f6e742d66616d696c793a20417269616c2c2048656c7665746963612c2073616e732d73657269663b223e456e67696e65206361706163697479203a313530302063632e3c2f703e3c70207374796c653d22636f6c6f723a20726762283131322c203131382c20313138293b20666f6e742d66616d696c793a20417269616c2c2048656c7665746963612c2073616e732d73657269663b223e5472616e736d697373696f6e203a204175746f2e3c2f703e3c70207374796c653d22636f6c6f723a20726762283131322c203131382c20313138293b20666f6e742d66616d696c793a20417269616c2c2048656c7665746963612c2073616e732d73657269663b223e436f6c6f72203a2057686974653c2f703e3c70207374796c653d22636f6c6f723a20726762283131322c203131382c20313138293b20666f6e742d66616d696c793a20417269616c2c2048656c7665746963612c2073616e732d73657269663b223e4675656c2053797374656d203a204f6374616e652026616d703b20636e673c2f703e3c70207374796c653d22636f6c6f723a20726762283131322c203131382c20313138293b20666f6e742d66616d696c793a20417269616c2c2048656c7665746963612c2073616e732d73657269663b223e4f7074696f6e73203a2046756c6c79204175746f20616e64206c6f616465642e204542442c20416972204261672c2034204142532c4469736b204272616b652c20416e74692054686566742053656375726974792053797374656d2c2041432c2054696c7420506f776572205374656572696e672c2043656e7472616c204c6f636b2c205556532026616d703b2054656d706572656420476c6173732c204f726967696e616c2052696d2057697468204e657720547972652c20416c6c20506f7765722026616d703b2046756c6c204f7074696f6e2e3c2f703e3c70207374796c653d22636f6c6f723a20726762283131322c203131382c20313138293b20666f6e742d66616d696c793a20417269616c2c2048656c7665746963612c2073616e732d73657269663b223e427573696e6573732043656e746572204e616d65203a204578636c75736976652063617220733c2f703e3c70207374796c653d226d617267696e2d626f74746f6d3a203070783b20636f6c6f723a20726762283131322c203131382c20313138293b20666f6e742d66616d696c793a20417269616c2c2048656c7665746963612c2073616e732d73657269663b223e41646472657373203a20506c65617365205669736974204f75722053686f77726f6f6d20526f616420322f20612c20506c6f742d31342c2042616e616e692c204468616b6120313231332e3c2f703e, 0, '2018-11-11 17:57:08', '2018-11-11 17:57:08'),
(9, 'Toyota Noah superGL', 10, 'Bogra Airport', 0x3c666f6e742073697a653d2233223e3c7370616e207374796c653d22636f6c6f723a20726762283131322c203131382c20313138293b20666f6e742d66616d696c793a20417269616c2c2048656c7665746963612c2073616e732d73657269663b223e4d6f64656c3a2d4e6f6861207375707265474c3c2f7370616e3e3c6272207374796c653d22636f6c6f723a20726762283131322c203131382c20313138293b20666f6e742d66616d696c793a20417269616c2c2048656c7665746963612c2073616e732d73657269663b223e3c7370616e207374796c653d22636f6c6f723a20726762283131322c203131382c20313138293b20666f6e742d66616d696c793a20417269616c2c2048656c7665746963612c2073616e732d73657269663b223e436f6c6f723a2d57686974653c2f7370616e3e3c6272207374796c653d22636f6c6f723a20726762283131322c203131382c20313138293b20666f6e742d66616d696c793a20417269616c2c2048656c7665746963612c2073616e732d73657269663b223e3c7370616e207374796c653d22636f6c6f723a20726762283131322c203131382c20313138293b20666f6e742d66616d696c793a20417269616c2c2048656c7665746963612c2073616e732d73657269663b223e41432066756c6c2066726573682e2e2e2e3c2f7370616e3e3c6272207374796c653d22636f6c6f723a20726762283131322c203131382c20313138293b20666f6e742d66616d696c793a20417269616c2c2048656c7665746963612c2073616e732d73657269663b223e3c7370616e207374796c653d22636f6c6f723a20726762283131322c203131382c20313138293b20666f6e742d66616d696c793a20417269616c2c2048656c7665746963612c2073616e732d73657269663b223e4d6f64656c20796561723a2d323030352e2e2e3c2f7370616e3e3c6272207374796c653d22636f6c6f723a20726762283131322c203131382c20313138293b20666f6e742d66616d696c793a20417269616c2c2048656c7665746963612c2073616e732d73657269663b223e3c7370616e207374796c653d22636f6c6f723a20726762283131322c203131382c20313138293b20666f6e742d66616d696c793a20417269616c2c2048656c7665746963612c2073616e732d73657269663b223e526567697374726174696f6e3a2d323031302e2e3c2f7370616e3e3c6272207374796c653d22636f6c6f723a20726762283131322c203131382c20313138293b20666f6e742d66616d696c793a20417269616c2c2048656c7665746963612c2073616e732d73657269663b223e3c7370616e207374796c653d22636f6c6f723a20726762283131322c203131382c20313138293b20666f6e742d66616d696c793a20417269616c2c2048656c7665746963612c2073616e732d73657269663b223e456e67696e6520747970653a2d376b20286b722d3432292e2e2e3c2f7370616e3e3c6272207374796c653d22636f6c6f723a20726762283131322c203131382c20313138293b20666f6e742d66616d696c793a20417269616c2c2048656c7665746963612c2073616e732d73657269663b223e3c7370616e207374796c653d22636f6c6f723a20726762283131322c203131382c20313138293b20666f6e742d66616d696c793a20417269616c2c2048656c7665746963612c2073616e732d73657269663b223e456e67696e652063617061636974793a2d3138303043632e2e2e3c2f7370616e3e3c6272207374796c653d22636f6c6f723a20726762283131322c203131382c20313138293b20666f6e742d66616d696c793a20417269616c2c2048656c7665746963612c2073616e732d73657269663b223e3c7370616e207374796c653d22636f6c6f723a20726762283131322c203131382c20313138293b20666f6e742d66616d696c793a20417269616c2c2048656c7665746963612c2073616e732d73657269663b223e436f6e646974696f6e3a2d555345442e2e2e3c2f7370616e3e3c6272207374796c653d22636f6c6f723a20726762283131322c203131382c20313138293b20666f6e742d66616d696c793a20417269616c2c2048656c7665746963612c2073616e732d73657269663b223e3c7370616e207374796c653d22636f6c6f723a20726762283131322c203131382c20313138293b20666f6e742d66616d696c793a20417269616c2c2048656c7665746963612c2073616e732d73657269663b223e5472616e736d6973736f6e3a2d4175746f6d617469632e2e3c2f7370616e3e3c6272207374796c653d22636f6c6f723a20726762283131322c203131382c20313138293b20666f6e742d66616d696c793a20417269616c2c2048656c7665746963612c2073616e732d73657269663b223e3c7370616e207374796c653d22636f6c6f723a20726762283131322c203131382c20313138293b20666f6e742d66616d696c793a20417269616c2c2048656c7665746963612c2073616e732d73657269663b223e426f64793a2d204d50563c2f7370616e3e3c6272207374796c653d22636f6c6f723a20726762283131322c203131382c20313138293b20666f6e742d66616d696c793a20417269616c2c2048656c7665746963612c2073616e732d73657269663b223e3c7370616e207374796c653d22636f6c6f723a20726762283131322c203131382c20313138293b20666f6e742d66616d696c793a20417269616c2c2048656c7665746963612c2073616e732d73657269663b223e4675656c20747970653a2d2e706574726f6c2e636e672e6f6374616e652e2e3c2f7370616e3e3c6272207374796c653d22636f6c6f723a20726762283131322c203131382c20313138293b20666f6e742d66616d696c793a20417269616c2c2048656c7665746963612c2073616e732d73657269663b223e3c7370616e207374796c653d22636f6c6f723a20726762283131322c203131382c20313138293b20666f6e742d66616d696c793a20417269616c2c2048656c7665746963612c2073616e732d73657269663b223e4b696c6f6d65746572732072756e3a2d35353030306b6d2e2e6f7267696e616c3c2f7370616e3e3c6272207374796c653d22636f6c6f723a20726762283131322c203131382c20313138293b20666f6e742d66616d696c793a20417269616c2c2048656c7665746963612c2073616e732d73657269663b223e3c7370616e207374796c653d22636f6c6f723a20726762283131322c203131382c20313138293b20666f6e742d66616d696c793a20417269616c2c2048656c7665746963612c2073616e732d73657269663b223e5061706572732e2e2e7570746f20646174653c2f7370616e3e3c6272207374796c653d22636f6c6f723a20726762283131322c203131382c20313138293b20666f6e742d66616d696c793a20417269616c2c2048656c7665746963612c2073616e732d73657269663b223e3c7370616e207374796c653d22636f6c6f723a20726762283131322c203131382c20313138293b20666f6e742d66616d696c793a20417269616c2c2048656c7665746963612c2073616e732d73657269663b223e46617374206d616c696b3c2f7370616e3e3c6272207374796c653d22636f6c6f723a20726762283131322c203131382c20313138293b20666f6e742d66616d696c793a20417269616c2c2048656c7665746963612c2073616e732d73657269663b223e3c7370616e207374796c653d22636f6c6f723a20726762283131322c203131382c20313138293b20666f6e742d66616d696c793a20417269616c2c2048656c7665746963612c2073616e732d73657269663b223e445644204d6f6e69746f722077697468204261636b2063616d6172613c2f7370616e3e3c6272207374796c653d22636f6c6f723a20726762283131322c203131382c20313138293b20666f6e742d66616d696c793a20417269616c2c2048656c7665746963612c2073616e732d73657269663b223e3c7370616e207374796c653d22636f6c6f723a20726762283131322c203131382c20313138293b20666f6e742d66616d696c793a20417269616c2c2048656c7665746963612c2073616e732d73657269663b223e416c6c206e65772074797265733c2f7370616e3e3c6272207374796c653d22636f6c6f723a20726762283131322c203131382c20313138293b20666f6e742d66616d696c793a20417269616c2c2048656c7665746963612c2073616e732d73657269663b223e3c7370616e207374796c653d22636f6c6f723a20726762283131322c203131382c20313138293b20666f6e742d66616d696c793a20417269616c2c2048656c7665746963612c2073616e732d73657269663b223e352e2e646f6f723c2f7370616e3e3c2f666f6e743e, 0, '2018-11-11 17:58:33', '2018-11-11 17:58:33'),
(10, 'Toyota Allion', 7, 'Lalmonirhat Airport', 0x3c7370616e207374796c653d22666f6e742d73697a653a206d656469756d3b20636f6c6f723a20726762283131322c203131382c20313138293b20666f6e742d66616d696c793a20417269616c2c2048656c7665746963612c2073616e732d73657269663b223e546f796f746120616c6c696f6e2047202b206c696d697465642065646974696f6e266e6273703b3c2f7370616e3e3c6272207374796c653d22666f6e742d73697a653a206d656469756d3b20636f6c6f723a20726762283131322c203131382c20313138293b20666f6e742d66616d696c793a20417269616c2c2048656c7665746963612c2073616e732d73657269663b223e3c7370616e207374796c653d22666f6e742d73697a653a206d656469756d3b20636f6c6f723a20726762283131322c203131382c20313138293b20666f6e742d66616d696c793a20417269616c2c2048656c7665746963612c2073616e732d73657269663b223e6d6f64656c203230313120726567697374726174696f6e20323031333c2f7370616e3e3c6272207374796c653d22666f6e742d73697a653a206d656469756d3b20636f6c6f723a20726762283131322c203131382c20313138293b20666f6e742d66616d696c793a20417269616c2c2048656c7665746963612c2073616e732d73657269663b223e3c7370616e207374796c653d22666f6e742d73697a653a206d656469756d3b20636f6c6f723a20726762283131322c203131382c20313138293b20666f6e742d66616d696c793a20417269616c2c2048656c7665746963612c2073616e732d73657269663b223e666172657320636f6e646974696f6e20636172206f726967696e616c20626c61636b20636f6c6f7220696e746572696f20626973637569747320636f6c6f7220666173742068616e64206f776e6572206f6374616e6520616e6420434e472064726976652076657279206c6f77206d61696c65732070617065722061726520757020746f2074686174206469676974616c2062756c6520626f6f6b206469676974616c206e616d652070616c6c657420707573682065737461746520656e67696e6520676f6f6420616320636f6f6c2054562044564420706c61796572206261636b2063616d657261206e617669676174696f6e2073797374656d206e6f2070726f626c656d206e6f206163636964656e7420686973746f72792063616c6c206d6520666f72206d6f72652064657461696c733c2f7370616e3e, 0, '2018-11-11 18:00:44', '2018-11-11 18:00:44');

-- --------------------------------------------------------

--
-- Table structure for table `pickup_car_imgs`
--

CREATE TABLE `pickup_car_imgs` (
  `id` int(11) NOT NULL,
  `pickup_car_id` int(11) DEFAULT NULL,
  `image` varchar(255) DEFAULT NULL,
  `created_at` timestamp NULL DEFAULT NULL,
  `updated_at` timestamp NULL DEFAULT NULL
) ENGINE=InnoDB DEFAULT CHARSET=latin1;

--
-- Dumping data for table `pickup_car_imgs`
--

INSERT INTO `pickup_car_imgs` (`id`, `pickup_car_id`, `image`, `created_at`, `updated_at`) VALUES
(12, 4, '5be7deed715a4.jpg', '2018-11-11 13:49:01', '2018-11-11 13:49:01'),
(13, 4, '5be7deed8f643.jpg', '2018-11-11 13:49:01', '2018-11-11 13:49:01'),
(14, 4, '5be7deed9639e.jpg', '2018-11-11 13:49:01', '2018-11-11 13:49:01'),
(15, 3, '5be7df376706c.jpg', '2018-11-11 13:50:15', '2018-11-11 13:50:15'),
(16, 3, '5be7df3784e2a.jpg', '2018-11-11 13:50:15', '2018-11-11 13:50:15'),
(17, 3, '5be7df378b467.jpg', '2018-11-11 13:50:15', '2018-11-11 13:50:15'),
(18, 2, '5be7df58c2e20.jpg', '2018-11-11 13:50:48', '2018-11-11 13:50:48'),
(19, 2, '5be7df58c9c79.jpg', '2018-11-11 13:50:48', '2018-11-11 13:50:48'),
(20, 2, '5be7df58d052e.jpg', '2018-11-11 13:50:48', '2018-11-11 13:50:48'),
(21, 5, '5be812d6632aa.jpg', '2018-11-11 17:30:30', '2018-11-11 17:30:30'),
(22, 5, '5be812d6a0da5.jpg', '2018-11-11 17:30:30', '2018-11-11 17:30:30'),
(23, 5, '5be812d6a73df.jpg', '2018-11-11 17:30:30', '2018-11-11 17:30:30'),
(24, 5, '5be812d6ad7b8.jpg', '2018-11-11 17:30:30', '2018-11-11 17:30:30'),
(25, 5, '5be812d6b37be.jpg', '2018-11-11 17:30:30', '2018-11-11 17:30:30'),
(26, 6, '5be8152278f01.jpg', '2018-11-11 17:40:18', '2018-11-11 17:40:18'),
(27, 6, '5be81522b1edb.jpg', '2018-11-11 17:40:18', '2018-11-11 17:40:18'),
(28, 6, '5be81522b82f9.jpg', '2018-11-11 17:40:18', '2018-11-11 17:40:18'),
(29, 6, '5be81522be2b5.jpg', '2018-11-11 17:40:18', '2018-11-11 17:40:18'),
(30, 6, '5be81522c466a.jpg', '2018-11-11 17:40:18', '2018-11-11 17:40:18'),
(31, 7, '5be816075b84a.jpg', '2018-11-11 17:44:07', '2018-11-11 17:44:07'),
(32, 7, '5be81607627ff.jpg', '2018-11-11 17:44:07', '2018-11-11 17:44:07'),
(33, 7, '5be8160768af9.jpg', '2018-11-11 17:44:07', '2018-11-11 17:44:07'),
(34, 7, '5be816076f0a7.jpg', '2018-11-11 17:44:07', '2018-11-11 17:44:07'),
(35, 7, '5be8160775576.jpg', '2018-11-11 17:44:07', '2018-11-11 17:44:07'),
(36, 8, '5be8191495406.jpg', '2018-11-11 17:57:09', '2018-11-11 17:57:09'),
(37, 8, '5be8191529098.jpg', '2018-11-11 17:57:09', '2018-11-11 17:57:09'),
(38, 8, '5be819152f292.jpg', '2018-11-11 17:57:09', '2018-11-11 17:57:09'),
(39, 8, '5be8191535501.jpg', '2018-11-11 17:57:09', '2018-11-11 17:57:09'),
(40, 8, '5be819153b8f5.jpg', '2018-11-11 17:57:09', '2018-11-11 17:57:09'),
(41, 9, '5be8196909e27.jpg', '2018-11-11 17:58:33', '2018-11-11 17:58:33'),
(42, 9, '5be8196910b13.jpg', '2018-11-11 17:58:33', '2018-11-11 17:58:33'),
(43, 9, '5be8196916fb5.jpg', '2018-11-11 17:58:33', '2018-11-11 17:58:33'),
(44, 9, '5be819691d4c3.jpg', '2018-11-11 17:58:33', '2018-11-11 17:58:33'),
(45, 9, '5be8196923850.jpg', '2018-11-11 17:58:33', '2018-11-11 17:58:33'),
(46, 10, '5be819ec33855.jpg', '2018-11-11 18:00:44', '2018-11-11 18:00:44'),
(47, 10, '5be819ec52c79.jpg', '2018-11-11 18:00:44', '2018-11-11 18:00:44'),
(48, 10, '5be819ec58edc.jpg', '2018-11-11 18:00:44', '2018-11-11 18:00:44'),
(49, 10, '5be819ec5f09d.jpg', '2018-11-11 18:00:44', '2018-11-11 18:00:44'),
(50, 10, '5be819ec64ff4.jpg', '2018-11-11 18:00:44', '2018-11-11 18:00:44');

-- --------------------------------------------------------

--
-- Table structure for table `pickup_car_reviews`
--

CREATE TABLE `pickup_car_reviews` (
  `id` int(11) NOT NULL,
  `pickup_car_id` int(11) DEFAULT NULL,
  `user_id` int(11) DEFAULT NULL,
  `rating` varchar(255) DEFAULT NULL,
  `comment` text DEFAULT NULL,
  `created_at` timestamp NULL DEFAULT NULL,
  `updated_at` timestamp NULL DEFAULT NULL
) ENGINE=InnoDB DEFAULT CHARSET=latin1;

--
-- Dumping data for table `pickup_car_reviews`
--

INSERT INTO `pickup_car_reviews` (`id`, `pickup_car_id`, `user_id`, `rating`, `comment`, `created_at`, `updated_at`) VALUES
(1, 2, 6, '4.4', 'Lorem ipsum dolor sit amet, consectetur adipiscing elit. Nulla pellentesque odio dui, vitae gravida eros rutrum vitae. Aliquam condimentum metus lobortis orci cursus efficitur.', '2018-09-25 01:22:03', '2018-09-25 01:22:03'),
(2, 2, 6, '4.7', 'NIce service', '2018-09-30 23:48:57', '2018-09-30 23:48:57'),
(3, 3, 9, '4.7', 'chole', '2018-10-07 00:09:58', '2018-10-07 00:09:58'),
(5, 3, 6, '4.6', 'great', '2018-10-09 01:44:46', '2018-10-09 01:44:46');

-- --------------------------------------------------------

--
-- Table structure for table `products`
--

CREATE TABLE `products` (
  `id` int(11) NOT NULL,
  `user_id` int(11) DEFAULT NULL,
  `title` varchar(100) DEFAULT NULL,
  `slug` varchar(255) DEFAULT NULL,
  `category` varchar(255) DEFAULT NULL,
  `price` varchar(100) DEFAULT NULL,
  `status` varchar(20) DEFAULT NULL,
  `contact_number` text DEFAULT NULL,
  `type` varchar(20) DEFAULT NULL,
  `description` blob DEFAULT NULL,
  `published` int(11) NOT NULL DEFAULT 0,
  `a_hidden` int(11) DEFAULT 0,
  `featured` int(3) NOT NULL DEFAULT 0,
  `created_at` timestamp NOT NULL DEFAULT current_timestamp() ON UPDATE current_timestamp(),
  `updated_at` timestamp NOT NULL DEFAULT '0000-00-00 00:00:00'
) ENGINE=InnoDB DEFAULT CHARSET=latin1;

--
-- Dumping data for table `products`
--

INSERT INTO `products` (`id`, `user_id`, `title`, `slug`, `category`, `price`, `status`, `contact_number`, `type`, `description`, `published`, `a_hidden`, `featured`, `created_at`, `updated_at`) VALUES
(33, 6, 'Lorem ipsum dolor sit amet, consectetuer adipiscin', 'lorem-ipsum-dolor-sit-amet-consectetuer-adipiscin', 'Electronics', '10000', 'used', '+97467,+8753486', 'sale', 0x3c7370616e207374796c653d22636f6c6f723a20726762283130322c203130322c20313032293b20666f6e742d66616d696c793a2056657264616e612c2047656e6576612c2073616e732d73657269663b223e3c666f6e742073697a653d2233223e4c6f72656d20697073756d20646f6c6f722073697420616d65742c20636f6e7365637465747565722061646970697363696e6720656c69742e2041656e65616e20636f6d6d6f646f206c6967756c61206567657420646f6c6f722e2041656e65616e206d617373612e2043756d20736f63696973206e61746f7175652070656e617469627573206574206d61676e6973206469732070617274757269656e74206d6f6e7465732c206e61736365747572207269646963756c7573206d75732e20446f6e6563207175616d2066656c69732c20756c74726963696573206e65632c2070656c6c656e7465737175652065752c207072657469756d20717569732c2073656d2e204e756c6c6120636f6e736571756174206d61737361207175697320656e696d2e20446f6e65632070656465206a7573746f2c206672696e67696c6c612076656c2c20616c6971756574206e65632c2076756c7075746174653c2f666f6e743e3c2f7370616e3e, 1, 0, 1, '2018-09-12 12:43:19', '2018-09-12 06:43:19'),
(34, 6, 'Lorem ipsum dolor sit amet', 'lorem-ipsum-dolor-sit-amet', 'Electronics', '20000', 'used', '+5973257,+723509237', 'rent', 0x3c7370616e207374796c653d22636f6c6f723a20726762283130322c203130322c20313032293b20666f6e742d66616d696c793a2056657264616e612c2047656e6576612c2073616e732d73657269663b223e3c666f6e742073697a653d2233223e4c69204575726f70616e206c696e67756573206573206d656d627265732064656c2073616d2066616d696c69652e204c6f722073657061726174206578697374656e74696520657320756e206d7974682e20506f7220736369656e7469652c206d75736963612c2073706f7274206574632c206c69746f74204575726f706120757361206c692073616d20766f636162756c61722e204c69206c696e67756573206469666665726520736f6c6d656e20696e206c69206772616d6d61746963612c206c692070726f6e756e63696174696f6e2065206c6920706c7520636f6d6d756e20766f636162756c65732e204f6d6e69636f73206469726563746520616c2064657369726162696c69746520646520756e206e6f76206c696e677561206672616e63613a204f6e207265667573613c2f666f6e743e3c2f7370616e3e, 1, 0, 1, '2018-09-12 12:43:21', '2018-09-12 06:43:21'),
(35, 6, 'It is a long established fact', 'it-is-a-long-established-fact', 'Electronics', '350', 'new', '+9693426,+9766439', 'rent', 0x3c7370616e207374796c653d22636f6c6f723a2072676228302c20302c2030293b20666f6e742d66616d696c793a202671756f743b4f70656e2053616e732671756f743b2c20417269616c2c2073616e732d73657269663b20746578742d616c69676e3a206a7573746966793b223e3c666f6e742073697a653d2233223e49742069732061206c6f6e672065737461626c6973686564206661637420746861742061207265616465722077696c6c206265206469737472616374656420627920746865207265616461626c6520636f6e74656e74206f6620612070616765207768656e206c6f6f6b696e6720617420697473206c61796f75742e2054686520706f696e74206f66207573696e67204c6f72656d20497073756d2069732074686174206974206861732061206d6f72652d6f722d6c657373206e6f726d616c20646973747269627574696f6e206f66206c6574746572732c206173206f70706f73656420746f207573696e672027436f6e74656e7420686572652c20636f6e74656e742068657265272c206d616b696e67206974206c6f6f6b206c696b65207265616461626c6520456e676c6973682e204d616e79206465736b746f70207075626c697368696e67207061636b6167657320616e6420776562207061676520656469746f7273206e6f7720757365204c6f72656d20497073756d2061732074686569722064656661756c74206d6f64656c20746578742c20616e6420612073656172636820666f7220276c6f72656d20697073756d272077696c6c20756e636f766572206d616e7920776562207369746573207374696c6c20696e20746865697220696e66616e63792e20566172696f75732076657273696f6e7320686176652065766f6c766564206f766572207468652079656172732c20736f6d6574696d6573206279206163636964656e742c20736f6d6574696d6573206f6e20707572706f73652028696e6a65637465642068756d6f757220616e6420746865206c696b65292e3c2f666f6e743e3c2f7370616e3e, 1, 0, 1, '2018-09-12 12:43:20', '2018-09-12 06:43:20'),
(36, 6, 'Contrary to popular belief', 'contrary-to-popular-belief', 'Electronics', '350', 'used', '+58327587,+97239065', 'sale', 0x3c7370616e207374796c653d22636f6c6f723a2072676228302c20302c2030293b20666f6e742d66616d696c793a202671756f743b4f70656e2053616e732671756f743b2c20417269616c2c2073616e732d73657269663b20746578742d616c69676e3a206a7573746966793b223e3c666f6e742073697a653d2233223e436f6e747261727920746f20706f70756c61722062656c6965662c204c6f72656d20497073756d206973206e6f742073696d706c792072616e646f6d20746578742e2049742068617320726f6f747320696e2061207069656365206f6620636c6173736963616c204c6174696e206c6974657261747572652066726f6d2034352042432c206d616b696e67206974206f7665722032303030207965617273206f6c642e2052696368617264204d63436c696e746f636b2c2061204c6174696e2070726f666573736f722061742048616d7064656e2d5379646e657920436f6c6c65676520696e2056697267696e69612c206c6f6f6b6564207570206f6e65206f6620746865206d6f7265206f627363757265204c6174696e20776f7264732c20636f6e73656374657475722c2066726f6d2061204c6f72656d20497073756d20706173736167652c20616e6420676f696e67207468726f75676820746865206369746573206f662074686520776f726420696e20636c6173736963616c206c6974657261747572652c20646973636f76657265642074686520756e646f75627461626c6520736f757263652e204c6f72656d20497073756d20636f6d65732066726f6d2073656374696f6e7320312e31302e333220616e6420312e31302e3333206f66202264652046696e6962757320426f6e6f72756d206574204d616c6f72756d2220285468652045787472656d6573206f6620476f6f6420616e64204576696c292062792043696365726f2c207772697474656e20696e2034352042432e205468697320626f6f6b2069732061207472656174697365206f6e20746865207468656f7279206f66206574686963732c207665727920706f70756c617220647572696e67207468652052656e61697373616e63652e20546865206669727374206c696e65206f66204c6f72656d20497073756d2c20224c6f72656d20697073756d20646f6c6f722073697420616d65742e2e222c20636f6d65732066726f6d2061206c696e6520696e2073656374696f6e20312e31302e33322e3c2f666f6e743e3c2f7370616e3e, 1, 0, 1, '2018-09-12 12:43:20', '2018-09-12 06:43:20'),
(37, 7, 'There are many variations of passages', 'there-are-many-variations-of-passages', 'Property', '3000', 'new', '+98796,+949676', 'sale', 0x3c7370616e207374796c653d22636f6c6f723a2072676228302c20302c2030293b20666f6e742d66616d696c793a202671756f743b4f70656e2053616e732671756f743b2c20417269616c2c2073616e732d73657269663b20746578742d616c69676e3a206a7573746966793b223e3c666f6e742073697a653d2233223e546865726520617265206d616e7920766172696174696f6e73206f66207061737361676573206f66204c6f72656d20497073756d20617661696c61626c652c2062757420746865206d616a6f72697479206861766520737566666572656420616c7465726174696f6e20696e20736f6d6520666f726d2c20627920696e6a65637465642068756d6f75722c206f722072616e646f6d6973656420776f72647320776869636820646f6e2774206c6f6f6b206576656e20736c696768746c792062656c69657661626c652e20496620796f752061726520676f696e6720746f2075736520612070617373616765206f66204c6f72656d20497073756d2c20796f75206e65656420746f20626520737572652074686572652069736e277420616e797468696e6720656d62617272617373696e672068696464656e20696e20746865206d6964646c65206f6620746578742e20416c6c20746865204c6f72656d20497073756d2067656e657261746f7273206f6e2074686520496e7465726e65742074656e6420746f2072657065617420707265646566696e6564206368756e6b73206173206e65636573736172792c206d616b696e6720746869732074686520666972737420747275652067656e657261746f72206f6e2074686520496e7465726e65742e204974207573657320612064696374696f6e617279206f66206f76657220323030204c6174696e20776f7264732c20636f6d62696e6564207769746820612068616e6466756c206f66206d6f64656c2073656e74656e636520737472756374757265732c20746f2067656e6572617465204c6f72656d20497073756d207768696368206c6f6f6b7320726561736f6e61626c652e205468652067656e657261746564204c6f72656d20497073756d206973207468657265666f726520616c7761797320667265652066726f6d2072657065746974696f6e2c20696e6a65637465642068756d6f75722c206f72206e6f6e2d636861726163746572697374696320776f726473206574632e3c2f666f6e743e3c2f7370616e3e, 1, 0, 0, '2018-09-13 13:01:00', '2018-09-13 07:01:00');

-- --------------------------------------------------------

--
-- Table structure for table `product_imgs`
--

CREATE TABLE `product_imgs` (
  `id` int(11) NOT NULL,
  `product_id` int(11) DEFAULT NULL,
  `name` varchar(255) DEFAULT NULL,
  `created_at` timestamp NULL DEFAULT NULL,
  `updated_at` timestamp NULL DEFAULT NULL
) ENGINE=InnoDB DEFAULT CHARSET=latin1;

--
-- Dumping data for table `product_imgs`
--

INSERT INTO `product_imgs` (`id`, `product_id`, `name`, `created_at`, `updated_at`) VALUES
(15, 33, '5b94ff25e4228.jpg', '2018-09-09 05:08:22', '2018-09-09 05:08:22'),
(16, 33, '5b94ff262a6f7.jpg', '2018-09-09 05:08:22', '2018-09-09 05:08:22'),
(17, 33, '5b94ff265d70c.jpg', '2018-09-09 05:08:22', '2018-09-09 05:08:22'),
(22, 34, '5b962d273401e.jpg', '2018-09-10 02:36:55', '2018-09-10 02:36:55'),
(23, 34, '5b962d4e17d83.jpg', '2018-09-10 02:37:34', '2018-09-10 02:37:34'),
(24, 34, '5b962d4e3e65d.jpg', '2018-09-10 02:37:34', '2018-09-10 02:37:34'),
(25, 35, '5b98b8218e84c.jpg', '2018-09-12 00:54:26', '2018-09-12 00:54:26'),
(26, 35, '5b98b822935e1.jpg', '2018-09-12 00:54:26', '2018-09-12 00:54:26'),
(27, 35, '5b98b822cc81d.jpg', '2018-09-12 00:54:27', '2018-09-12 00:54:27'),
(28, 36, '5b98b87dda4bc.jpg', '2018-09-12 00:55:58', '2018-09-12 00:55:58'),
(29, 36, '5b98b87e0c9bd.jpg', '2018-09-12 00:55:58', '2018-09-12 00:55:58'),
(30, 36, '5b98b87e373e7.jpg', '2018-09-12 00:55:58', '2018-09-12 00:55:58'),
(31, 37, '5b98be30c1a7c.jpg', '2018-09-12 01:20:16', '2018-09-12 01:20:16'),
(32, 37, '5b98be30dffdf.jpg', '2018-09-12 01:20:17', '2018-09-12 01:20:17'),
(33, 37, '5b98be31228dc.jpg', '2018-09-12 01:20:17', '2018-09-12 01:20:17');

-- --------------------------------------------------------

--
-- Table structure for table `rentcar_bookings`
--

CREATE TABLE `rentcar_bookings` (
  `id` int(11) NOT NULL,
  `user_id` int(11) DEFAULT NULL,
  `rent_car_id` int(11) DEFAULT NULL,
  `rent_date` varchar(255) DEFAULT NULL,
  `duration` int(11) DEFAULT NULL,
  `payment` varchar(255) DEFAULT NULL,
  `status` int(3) NOT NULL DEFAULT 0,
  `message` text DEFAULT NULL,
  `created_at` timestamp NULL DEFAULT NULL,
  `updated_at` timestamp NULL DEFAULT NULL
) ENGINE=InnoDB DEFAULT CHARSET=latin1;

--
-- Dumping data for table `rentcar_bookings`
--

INSERT INTO `rentcar_bookings` (`id`, `user_id`, `rent_car_id`, `rent_date`, `duration`, `payment`, `status`, `message`, `created_at`, `updated_at`) VALUES
(1, 9, 2, '2018-10-03', 5, '3000', 0, NULL, '2018-10-01 06:37:04', '2018-10-04 06:38:01'),
(2, 6, 1, '2018-10-19', 6, '2500', -1, 'aaaaaa', '2018-10-02 07:04:58', '2018-11-12 18:18:30'),
(3, 6, 2, '2018-10-11', 2, '3000', 0, 'it look like readable English. Many desktop publishing packages and web page editors now use Lorem Ipsum as their default model text', '2018-10-07 03:45:00', '2018-10-09 17:54:17'),
(4, 6, 2, '2018-10-22', 2, '3000', 0, NULL, '2018-10-07 03:46:15', '2018-10-07 05:39:59'),
(5, 6, 7, '2018-11-22', 3, '1500', 0, NULL, '2018-11-12 18:35:42', '2018-11-12 18:35:42');

-- --------------------------------------------------------

--
-- Table structure for table `rent_cars`
--

CREATE TABLE `rent_cars` (
  `id` int(11) NOT NULL,
  `title` varchar(255) DEFAULT NULL,
  `address` varchar(255) DEFAULT NULL,
  `payment` varchar(255) DEFAULT NULL,
  `capacity` int(11) DEFAULT NULL,
  `overview` blob DEFAULT NULL,
  `a_hidden` int(3) NOT NULL DEFAULT 0,
  `created_at` timestamp NULL DEFAULT NULL,
  `updated_at` timestamp NULL DEFAULT NULL
) ENGINE=InnoDB DEFAULT CHARSET=latin1;

--
-- Dumping data for table `rent_cars`
--

INSERT INTO `rent_cars` (`id`, `title`, `address`, `payment`, `capacity`, `overview`, `a_hidden`, `created_at`, `updated_at`) VALUES
(1, 'AUDI Q6 SEDAN', 'Uttara, Dhaka', '2500', 6, 0x3c7370616e207374796c653d22636f6c6f723a2072676228302c20302c2030293b20666f6e742d66616d696c793a202671756f743b4f70656e2053616e732671756f743b2c20417269616c2c2073616e732d73657269663b20746578742d616c69676e3a206a7573746966793b223e3c666f6e742073697a653d2233223e4c6f72656d20697073756d20646f6c6f722073697420616d65742c20636f6e73656374657475722061646970697363696e6720656c69742e20467573636520706f72747469746f722065676573746173206c65637475732061206c6163696e69612e204e756c6c6120666163696c6973692e204d616563656e6173206c616375732065782c206c6163696e69612061632061756775652076697461652c20756c6c616d636f72706572206661756369627573206d692e20457469616d20656c6974207475727069732c20617563746f72206e6f6e206e756e63207365642c206d6f6c6c697320616c697175616d206573742e2046757363652074696e636964756e74206d61676e612061206d617474697320626c616e6469742e2055742073656420656c6974206573742e20467573636520706c616365726174206665756769617420766976657272612e20566573746962756c756d206d61747469732073656d20736564206e756e6320756c6c616d636f727065722c206e656320736167697474697320656c697420657569736d6f642e3c2f666f6e743e3c2f7370616e3e, 0, '2018-09-24 06:50:03', '2018-10-10 13:25:48'),
(2, 'Audi R8', 'Birmingham, England', '3000', 7, 0x3c70207374796c653d226d617267696e2d72696768743a203070783b206d617267696e2d626f74746f6d3a20313570783b206d617267696e2d6c6566743a203070783b2070616464696e673a203070783b20746578742d616c69676e3a206a7573746966793b20636f6c6f723a2072676228302c20302c2030293b20666f6e742d66616d696c793a202671756f743b4f70656e2053616e732671756f743b2c20417269616c2c2073616e732d73657269663b223e3c666f6e742073697a653d2233223e50686173656c6c757320696e20696163756c697320746f72746f722c20666163696c6973697320636f6d6d6f646f2073656d2e20446f6e65632073697420616d65742065726f7320657261742e20446f6e6563206c656374757320746f72746f722c20636f6d6d6f646f2073697420616d6574207665686963756c61206e65632c206c6163696e6961206964206573742e204d616563656e6173206567657374617320656e696d207574206e756c6c612076656e656e617469732c20696420736f64616c6573206d61737361206d61747469732e204e756e6320656c656966656e6420616c69717565742075726e61207574206d6178696d75732e204e756c6c6120717569732066696e6962757320656e696d2e20566573746962756c756d20736564206d65747573207175616d2e204372617320616320616363756d73616e207475727069732e204375726162697475722066696e696275732065752064756920657420636f6e64696d656e74756d2e204d6f7262692064696374756d2074656d706f72206f7263692e204e616d20657520657374206d657475732e204e616d2063757273757320707572757320757420616e746520636f6e6775652070656c6c656e7465737175652e204d6f72626920706f7375657265207269737573206f7263692c207669746165206567657374617320617263752076756c707574617465206e6f6e2e20566976616d757320636f6d6d6f646f2066696e69627573206d61676e612c2069642074696e636964756e742073617069656e20756c6c616d636f72706572206e6f6e2e20437261732075742075726e6120636f6e7365637465747572206e69736920677261766964612070656c6c656e7465737175652076656c2073697420616d657420656c69742e3c2f666f6e743e3c2f703e3c70207374796c653d226d617267696e2d72696768743a203070783b206d617267696e2d626f74746f6d3a20313570783b206d617267696e2d6c6566743a203070783b2070616464696e673a203070783b20746578742d616c69676e3a206a7573746966793b20636f6c6f723a2072676228302c20302c2030293b20666f6e742d66616d696c793a202671756f743b4f70656e2053616e732671756f743b2c20417269616c2c2073616e732d73657269663b223e3c666f6e742073697a653d2233223e50726f696e207665686963756c61206578207665686963756c61206c6f72656d2073757363697069742c206574206d6f6c65737469652065782070686172657472612e205365642076697461652074656d707573206c6f72656d2e204d616563656e61732076656c20656c6974206174206c656f20736f64616c6573206d6f6c6c6973206e656320736564206c6967756c612e2053656420696e74657264756d206d65747573206e6563206672696e67696c6c6120696d706572646965742e20436c61737320617074656e742074616369746920736f63696f737175206164206c69746f726120746f727175656e742070657220636f6e75626961206e6f737472612c2070657220696e636570746f732068696d656e61656f732e20566976616d75732065752074656c6c757320617263752e2041656e65616e206d616c657375616461206f64696f206f7263692e2043726173206e6f6e2074656d707573206573742e205574206665756769617420636f6e76616c6c6973206578206120696e74657264756d2e3c2f666f6e743e3c2f703e, 0, '2018-09-25 03:45:43', '2018-10-10 12:58:45'),
(3, 'Nissan Rogue S', 'Lalmatia, Dhaka', '1500', 5, 0x3c70207374796c653d226d617267696e2d72696768743a203070783b206d617267696e2d626f74746f6d3a20313570783b206d617267696e2d6c6566743a203070783b2070616464696e673a203070783b20746578742d616c69676e3a206a7573746966793b20636f6c6f723a2072676228302c20302c2030293b20666f6e742d66616d696c793a202671756f743b4f70656e2053616e732671756f743b2c20417269616c2c2073616e732d73657269663b223e3c666f6e742073697a653d2233223e436f6e747261727920746f20706f70756c61722062656c6965662c204c6f72656d20497073756d206973206e6f742073696d706c792072616e646f6d20746578742e2049742068617320726f6f747320696e2061207069656365206f6620636c6173736963616c204c6174696e206c6974657261747572652066726f6d2034352042432c206d616b696e67206974206f7665722032303030207965617273206f6c642e2052696368617264204d63436c696e746f636b2c2061204c6174696e2070726f666573736f722061742048616d7064656e2d5379646e657920436f6c6c65676520696e2056697267696e69612c206c6f6f6b6564207570206f6e65206f6620746865206d6f7265206f627363757265204c6174696e20776f7264732c20636f6e73656374657475722c2066726f6d2061204c6f72656d20497073756d20706173736167652c20616e6420676f696e67207468726f75676820746865206369746573206f662074686520776f726420696e20636c6173736963616c206c6974657261747572652c20646973636f76657265642074686520756e646f75627461626c6520736f757263652e204c6f72656d20497073756d20636f6d65732066726f6d2073656374696f6e7320312e31302e333220616e6420312e31302e3333206f66202264652046696e6962757320426f6e6f72756d206574204d616c6f72756d2220285468652045787472656d6573206f6620476f6f6420616e64204576696c292062792043696365726f2c207772697474656e20696e2034352042432e205468697320626f6f6b2069732061207472656174697365206f6e20746865207468656f7279206f66206574686963732c207665727920706f70756c617220647572696e67207468652052656e61697373616e63652e20546865206669727374206c696e65206f66204c6f72656d20497073756d2c20224c6f72656d20697073756d20646f6c6f722073697420616d65742e2e222c20636f6d65732066726f6d2061206c696e6520696e2073656374696f6e20312e31302e33322e3c2f666f6e743e3c2f703e3c70207374796c653d226d617267696e2d72696768743a203070783b206d617267696e2d626f74746f6d3a20313570783b206d617267696e2d6c6566743a203070783b2070616464696e673a203070783b20746578742d616c69676e3a206a7573746966793b20636f6c6f723a2072676228302c20302c2030293b20666f6e742d66616d696c793a202671756f743b4f70656e2053616e732671756f743b2c20417269616c2c2073616e732d73657269663b223e3c666f6e742073697a653d2233223e546865207374616e64617264206368756e6b206f66204c6f72656d20497073756d20757365642073696e63652074686520313530307320697320726570726f64756365642062656c6f7720666f722074686f736520696e74657265737465642e2053656374696f6e7320312e31302e333220616e6420312e31302e33332066726f6d202264652046696e6962757320426f6e6f72756d206574204d616c6f72756d222062792043696365726f2061726520616c736f20726570726f647563656420696e207468656972206578616374206f726967696e616c20666f726d2c206163636f6d70616e69656420627920456e676c6973682076657273696f6e732066726f6d207468652031393134207472616e736c6174696f6e20627920482e205261636b68616d2e3c2f666f6e743e3c2f703e, 0, '2018-10-10 11:12:26', '2018-10-10 11:12:26'),
(4, 'Toyota Axio G 2008', 'Car Exchange, Kawran bazar rail gate, Dhaka -1208. (Beside BFDC Gate)', '2000', 5, 0x3c70207374796c653d22636f6c6f723a20726762283131322c203131382c20313138293b20666f6e742d66616d696c793a20417269616c2c2048656c7665746963612c2073616e732d73657269663b223e3c666f6e742073697a653d2233223e436f6e646974696f6e203a20537570657220467265736820436f6e646974696f6e2e3c2f666f6e743e3c2f703e3c70207374796c653d22636f6c6f723a20726762283131322c203131382c20313138293b20666f6e742d66616d696c793a20417269616c2c2048656c7665746963612c2073616e732d73657269663b223e3c666f6e742073697a653d2233223e4d616e756661637475726572203a20546f796f74612e3c2f666f6e743e3c2f703e3c70207374796c653d22636f6c6f723a20726762283131322c203131382c20313138293b20666f6e742d66616d696c793a20417269616c2c2048656c7665746963612c2073616e732d73657269663b223e3c666f6e742073697a653d2233223e536572696573203a204178696f204c696d697465643c2f666f6e743e3c2f703e3c70207374796c653d22636f6c6f723a20726762283131322c203131382c20313138293b20666f6e742d66616d696c793a20417269616c2c2048656c7665746963612c2073616e732d73657269663b223e3c666f6e742073697a653d2233223e4d6f64656c203a20323030383c2f666f6e743e3c2f703e3c70207374796c653d22636f6c6f723a20726762283131322c203131382c20313138293b20666f6e742d66616d696c793a20417269616c2c2048656c7665746963612c2073616e732d73657269663b223e3c666f6e742073697a653d2233223e526567697374726174696f6e203a20323031343c2f666f6e743e3c2f703e3c70207374796c653d22636f6c6f723a20726762283131322c203131382c20313138293b20666f6e742d66616d696c793a20417269616c2c2048656c7665746963612c2073616e732d73657269663b223e3c666f6e742073697a653d2233223e4d696c656167653a2035353030303c2f666f6e743e3c2f703e3c70207374796c653d22636f6c6f723a20726762283131322c203131382c20313138293b20666f6e742d66616d696c793a20417269616c2c2048656c7665746963612c2073616e732d73657269663b223e3c666f6e742073697a653d2233223e53657269616c203a2033352d3c2f666f6e743e3c2f703e3c70207374796c653d22636f6c6f723a20726762283131322c203131382c20313138293b20666f6e742d66616d696c793a20417269616c2c2048656c7665746963612c2073616e732d73657269663b223e3c666f6e742073697a653d2233223e456e67696e65203a20565654492e3c2f666f6e743e3c2f703e3c70207374796c653d22636f6c6f723a20726762283131322c203131382c20313138293b20666f6e742d66616d696c793a20417269616c2c2048656c7665746963612c2073616e732d73657269663b223e3c666f6e742073697a653d2233223e446973706c6163656d656e74203a20313530302063633c2f666f6e743e3c2f703e3c70207374796c653d22636f6c6f723a20726762283131322c203131382c20313138293b20666f6e742d66616d696c793a20417269616c2c2048656c7665746963612c2073616e732d73657269663b223e3c666f6e742073697a653d2233223e5472616e736d697373696f6e203a204175746f3c2f666f6e743e3c2f703e3c70207374796c653d22636f6c6f723a20726762283131322c203131382c20313138293b20666f6e742d66616d696c793a20417269616c2c2048656c7665746963612c2073616e732d73657269663b223e3c666f6e742073697a653d2233223e436f6c6f72203a2057686974652e20286f726967696e616c20293c2f666f6e743e3c2f703e3c70207374796c653d22636f6c6f723a20726762283131322c203131382c20313138293b20666f6e742d66616d696c793a20417269616c2c2048656c7665746963612c2073616e732d73657269663b223e3c666f6e742073697a653d2233223e4675656c2053797374656d203a204f6374616e652026616d703b20434e473c2f666f6e743e3c2f703e3c70207374796c653d22636f6c6f723a20726762283131322c203131382c20313138293b20666f6e742d66616d696c793a20417269616c2c2048656c7665746963612c2073616e732d73657269663b223e3c666f6e742073697a653d2233223e4f7074696f6e73203a2046756c6c79204175746f2026616d703b204c6f616465642e20496e746572696f722046726573682c204f726967696e616c2048656164204c696768742c204261636b204c696768742c204275696c7420696e204456442e204261636b2063616d6572612e20537570657220736f756e642073797374656d2c204f726967696e616c20476c6173732e204f726967696e616c20436f6c6f722e205472697074726f6e696320676561722c20416972204261672c2034204142532c204469736b204272616b652c20416e74692054686566742053656375726974792053797374656d2c2041432c2054696c7420506f776572205374656572696e672c2043656e7472616c204c6f636b2c3c2f666f6e743e3c2f703e3c70207374796c653d22636f6c6f723a20726762283131322c203131382c20313138293b20666f6e742d66616d696c793a20417269616c2c2048656c7665746963612c2073616e732d73657269663b223e3c666f6e742073697a653d2233223e54656d706572656420476c6173732c204f726967696e616c20546f796f74612052696d2c20416c6c20506f7765722026616d703b2046756c6c204f7074696f6e2c204e6f20616e79206163636964656e74616c20686973746f72792c205061706572732075702d746f20646174652e3c2f666f6e743e3c2f703e3c70207374796c653d22636f6c6f723a20726762283131322c203131382c20313138293b20666f6e742d66616d696c793a20417269616c2c2048656c7665746963612c2073616e732d73657269663b223e3c666f6e742073697a653d2233223e4e6f74653a20496620796f752077616e7420746f20636865636b20616e797468696e6720796f752063616e2074616b6520746869732063617220746f20616e79206175746f6d6f62696c6520616e616c797a696e672063656e7465722e3c2f666f6e743e3c2f703e3c70207374796c653d22636f6c6f723a20726762283131322c203131382c20313138293b20666f6e742d66616d696c793a20417269616c2c2048656c7665746963612c2073616e732d73657269663b223e3c666f6e742073697a653d2233223e4e423a2036202853697829206d6f6e7468204672656520536572766963696e672e3c2f666f6e743e3c2f703e3c70207374796c653d22636f6c6f723a20726762283131322c203131382c20313138293b20666f6e742d66616d696c793a20417269616c2c2048656c7665746963612c2073616e732d73657269663b223e3c666f6e742073697a653d2233223e506c73205669736974204f75722053686f77726f6f6d203a204361722045786368616e67652e3c2f666f6e743e3c2f703e, 0, '2018-11-11 17:14:16', '2018-11-11 17:14:16'),
(5, 'Toyota Corolla Duet 1998', 'Savar, Dhaka', '2500', 6, 0x3c7370616e207374796c653d22636f6c6f723a20726762283131322c203131382c20313138293b20666f6e742d66616d696c793a20417269616c2c2048656c7665746963612c2073616e732d73657269663b223e3c666f6e742073697a653d2233223e70617065722066756c6c203120796561722075706461746520676f6f6420636f6e646974696f6e206e6f20616e7920776f726b20757267656e742073656c6c206e656564206d6f6e65793c2f666f6e743e3c2f7370616e3e3c6469763e3c646c207374796c653d226d617267696e2d72696768743a203070783b206d617267696e2d626f74746f6d3a203070783b206d617267696e2d6c6566743a203070783b20636f6c6f723a20726762283131322c203131382c20313138293b20666f6e742d66616d696c793a20417269616c2c2048656c7665746963612c2073616e732d73657269663b223e3c666f6e742073697a653d2233223e3c6474207374796c653d22646973706c61793a20696e6c696e653b206d617267696e3a203070783b20636f6c6f723a207267622834372c2035322c203530293b2070616464696e672d72696768743a20302e33656d3b2077686974652d73706163653a206e6f777261703b223e4272616e643a3c2f64743e3c6464207374796c653d22646973706c61793a20696e6c696e653b206d617267696e2d746f703a203070783b206d617267696e2d72696768743a203070783b206d617267696e2d626f74746f6d3a203070783b206f766572666c6f772d777261703a20627265616b2d776f72643b223e546f796f74613c2f64643e3c2f666f6e743e3c2f646c3e3c646c207374796c653d226d617267696e2d72696768743a203070783b206d617267696e2d626f74746f6d3a203070783b206d617267696e2d6c6566743a203070783b20636f6c6f723a20726762283131322c203131382c20313138293b20666f6e742d66616d696c793a20417269616c2c2048656c7665746963612c2073616e732d73657269663b223e3c666f6e742073697a653d2233223e3c6474207374796c653d22646973706c61793a20696e6c696e653b206d617267696e3a203070783b20636f6c6f723a207267622834372c2035322c203530293b2070616464696e672d72696768743a20302e33656d3b2077686974652d73706163653a206e6f777261703b223e4d6f64656c3a3c2f64743e3c6464207374796c653d22646973706c61793a20696e6c696e653b206d617267696e2d746f703a203070783b206d617267696e2d72696768743a203070783b206d617267696e2d626f74746f6d3a203070783b206f766572666c6f772d777261703a20627265616b2d776f72643b223e436f726f6c6c613c2f64643e3c2f666f6e743e3c2f646c3e3c646c207374796c653d226d617267696e2d72696768743a203070783b206d617267696e2d626f74746f6d3a203070783b206d617267696e2d6c6566743a203070783b20636f6c6f723a20726762283131322c203131382c20313138293b20666f6e742d66616d696c793a20417269616c2c2048656c7665746963612c2073616e732d73657269663b223e3c666f6e742073697a653d2233223e3c6474207374796c653d22646973706c61793a20696e6c696e653b206d617267696e3a203070783b20636f6c6f723a207267622834372c2035322c203530293b2070616464696e672d72696768743a20302e33656d3b2077686974652d73706163653a206e6f777261703b223e5472696d202f2045646974696f6e3a3c2f64743e3c6464207374796c653d22646973706c61793a20696e6c696e653b206d617267696e2d746f703a203070783b206d617267696e2d72696768743a203070783b206d617267696e2d626f74746f6d3a203070783b206f766572666c6f772d777261703a20627265616b2d776f72643b223e447565743c2f64643e3c2f666f6e743e3c2f646c3e3c646c207374796c653d226d617267696e2d72696768743a203070783b206d617267696e2d626f74746f6d3a203070783b206d617267696e2d6c6566743a203070783b20636f6c6f723a20726762283131322c203131382c20313138293b20666f6e742d66616d696c793a20417269616c2c2048656c7665746963612c2073616e732d73657269663b223e3c666f6e742073697a653d2233223e3c6474207374796c653d22646973706c61793a20696e6c696e653b206d617267696e3a203070783b20636f6c6f723a207267622834372c2035322c203530293b2070616464696e672d72696768743a20302e33656d3b2077686974652d73706163653a206e6f777261703b223e4d6f64656c20796561723a3c2f64743e3c6464207374796c653d22646973706c61793a20696e6c696e653b206d617267696e2d746f703a203070783b206d617267696e2d72696768743a203070783b206d617267696e2d626f74746f6d3a203070783b206f766572666c6f772d777261703a20627265616b2d776f72643b223e313939383c2f64643e3c2f666f6e743e3c2f646c3e3c646c207374796c653d226d617267696e2d72696768743a203070783b206d617267696e2d626f74746f6d3a203070783b206d617267696e2d6c6566743a203070783b20636f6c6f723a20726762283131322c203131382c20313138293b20666f6e742d66616d696c793a20417269616c2c2048656c7665746963612c2073616e732d73657269663b223e3c666f6e742073697a653d2233223e3c6474207374796c653d22646973706c61793a20696e6c696e653b206d617267696e3a203070783b20636f6c6f723a207267622834372c2035322c203530293b2070616464696e672d72696768743a20302e33656d3b2077686974652d73706163653a206e6f777261703b223e526567697374726174696f6e20796561723a3c2f64743e3c6464207374796c653d22646973706c61793a20696e6c696e653b206d617267696e2d746f703a203070783b206d617267696e2d72696768743a203070783b206d617267696e2d626f74746f6d3a203070783b206f766572666c6f772d777261703a20627265616b2d776f72643b223e323030323c2f64643e3c2f666f6e743e3c2f646c3e3c646c207374796c653d226d617267696e2d72696768743a203070783b206d617267696e2d626f74746f6d3a203070783b206d617267696e2d6c6566743a203070783b20636f6c6f723a20726762283131322c203131382c20313138293b20666f6e742d66616d696c793a20417269616c2c2048656c7665746963612c2073616e732d73657269663b223e3c666f6e742073697a653d2233223e3c6474207374796c653d22646973706c61793a20696e6c696e653b206d617267696e3a203070783b20636f6c6f723a207267622834372c2035322c203530293b2070616464696e672d72696768743a20302e33656d3b2077686974652d73706163653a206e6f777261703b223e436f6e646974696f6e3a3c2f64743e3c6464207374796c653d22646973706c61793a20696e6c696e653b206d617267696e2d746f703a203070783b206d617267696e2d72696768743a203070783b206d617267696e2d626f74746f6d3a203070783b206f766572666c6f772d777261703a20627265616b2d776f72643b223e557365643c2f64643e3c2f666f6e743e3c2f646c3e3c646c207374796c653d226d617267696e2d72696768743a203070783b206d617267696e2d626f74746f6d3a203070783b206d617267696e2d6c6566743a203070783b20636f6c6f723a20726762283131322c203131382c20313138293b20666f6e742d66616d696c793a20417269616c2c2048656c7665746963612c2073616e732d73657269663b223e3c666f6e742073697a653d2233223e3c6474207374796c653d22646973706c61793a20696e6c696e653b206d617267696e3a203070783b20636f6c6f723a207267622834372c2035322c203530293b2070616464696e672d72696768743a20302e33656d3b2077686974652d73706163653a206e6f777261703b223e5472616e736d697373696f6e3a3c2f64743e3c6464207374796c653d22646973706c61793a20696e6c696e653b206d617267696e2d746f703a203070783b206d617267696e2d72696768743a203070783b206d617267696e2d626f74746f6d3a203070783b206f766572666c6f772d777261703a20627265616b2d776f72643b223e4175746f6d617469633c2f64643e3c2f666f6e743e3c2f646c3e3c646c207374796c653d226d617267696e2d72696768743a203070783b206d617267696e2d626f74746f6d3a203070783b206d617267696e2d6c6566743a203070783b20636f6c6f723a20726762283131322c203131382c20313138293b20666f6e742d66616d696c793a20417269616c2c2048656c7665746963612c2073616e732d73657269663b223e3c666f6e742073697a653d2233223e3c6474207374796c653d22646973706c61793a20696e6c696e653b206d617267696e3a203070783b20636f6c6f723a207267622834372c2035322c203530293b2070616464696e672d72696768743a20302e33656d3b2077686974652d73706163653a206e6f777261703b223e426f647920747970653a3c2f64743e3c6464207374796c653d22646973706c61793a20696e6c696e653b206d617267696e2d746f703a203070783b206d617267696e2d72696768743a203070783b206d617267696e2d626f74746f6d3a203070783b206f766572666c6f772d777261703a20627265616b2d776f72643b223e48617463686261636b3c2f64643e3c2f666f6e743e3c2f646c3e3c646c207374796c653d226d617267696e2d72696768743a203070783b206d617267696e2d626f74746f6d3a203070783b206d617267696e2d6c6566743a203070783b20636f6c6f723a20726762283131322c203131382c20313138293b20666f6e742d66616d696c793a20417269616c2c2048656c7665746963612c2073616e732d73657269663b223e3c666f6e742073697a653d2233223e3c6474207374796c653d22646973706c61793a20696e6c696e653b206d617267696e3a203070783b20636f6c6f723a207267622834372c2035322c203530293b2070616464696e672d72696768743a20302e33656d3b2077686974652d73706163653a206e6f777261703b223e4675656c20747970653a3c2f64743e3c6464207374796c653d22646973706c61793a20696e6c696e653b206d617267696e2d746f703a203070783b206d617267696e2d72696768743a203070783b206d617267696e2d626f74746f6d3a203070783b206f766572666c6f772d777261703a20627265616b2d776f72643b223e506574726f6c2c20434e472c204f6374616e653c2f64643e3c2f666f6e743e3c2f646c3e3c646c207374796c653d226d617267696e2d72696768743a203070783b206d617267696e2d626f74746f6d3a203070783b206d617267696e2d6c6566743a203070783b20636f6c6f723a20726762283131322c203131382c20313138293b20666f6e742d66616d696c793a20417269616c2c2048656c7665746963612c2073616e732d73657269663b223e3c666f6e742073697a653d2233223e3c6474207374796c653d22646973706c61793a20696e6c696e653b206d617267696e3a203070783b20636f6c6f723a207267622834372c2035322c203530293b2070616464696e672d72696768743a20302e33656d3b2077686974652d73706163653a206e6f777261703b223e456e67696e652063617061636974793a3c2f64743e3c6464207374796c653d22646973706c61793a20696e6c696e653b206d617267696e2d746f703a203070783b206d617267696e2d72696768743a203070783b206d617267696e2d626f74746f6d3a203070783b206f766572666c6f772d777261703a20627265616b2d776f72643b223e312c3030302063633c2f64643e3c2f666f6e743e3c2f646c3e3c646c207374796c653d226d617267696e2d72696768743a203070783b206d617267696e2d626f74746f6d3a203070783b206d617267696e2d6c6566743a203070783b20636f6c6f723a20726762283131322c203131382c20313138293b20666f6e742d66616d696c793a20417269616c2c2048656c7665746963612c2073616e732d73657269663b223e3c666f6e742073697a653d2233223e3c6474207374796c653d22646973706c61793a20696e6c696e653b206d617267696e3a203070783b20636f6c6f723a207267622834372c2035322c203530293b2070616464696e672d72696768743a20302e33656d3b2077686974652d73706163653a206e6f777261703b223e4b696c6f6d65746572732072756e3a3c2f64743e3c6464207374796c653d22646973706c61793a20696e6c696e653b206d617267696e2d746f703a203070783b206d617267696e2d72696768743a203070783b206d617267696e2d626f74746f6d3a203070783b206f766572666c6f772d777261703a20627265616b2d776f72643b223e31352c373037206b6d3c2f64643e3c2f666f6e743e3c2f646c3e3c2f6469763e, 0, '2018-11-11 17:16:58', '2018-11-11 17:16:58'),
(6, 'Ford Fiesta Black 2012', '34,AIRPORT ROAD,TEJKUNI PARA,FARMGATE DHAKA-1215.', '2000', 5, 0x3c70207374796c653d22636f6c6f723a20726762283131322c203131382c20313138293b20666f6e742d66616d696c793a20417269616c2c2048656c7665746963612c2073616e732d73657269663b223e3c666f6e742073697a653d2233223e4d6f64656c3a32303035204e65772053686170652e3c2f666f6e743e3c2f703e3c70207374796c653d22636f6c6f723a20726762283131322c203131382c20313138293b20666f6e742d66616d696c793a20417269616c2c2048656c7665746963612c2073616e732d73657269663b223e3c666f6e742073697a653d2233223e5072656d696f20496e2045787472656d656c7920467265736820436f6e646974696f6e2e2e2e3c2f666f6e743e3c2f703e3c70207374796c653d22636f6c6f723a20726762283131322c203131382c20313138293b20666f6e742d66616d696c793a20417269616c2c2048656c7665746963612c2073616e732d73657269663b223e3c666f6e742073697a653d2233223e5265673a323031313c2f666f6e743e3c2f703e3c70207374796c653d22636f6c6f723a20726762283131322c203131382c20313138293b20666f6e742d66616d696c793a20417269616c2c2048656c7665746963612c2073616e732d73657269663b223e3c666f6e742073697a653d2233223e53657269616c3a33313c2f666f6e743e3c2f703e3c70207374796c653d22636f6c6f723a20726762283131322c203131382c20313138293b20666f6e742d66616d696c793a20417269616c2c2048656c7665746963612c2073616e732d73657269663b223e3c666f6e742073697a653d2233223e536e6f7720576869746520436f6c6f75723c2f666f6e743e3c2f703e3c70207374796c653d22636f6c6f723a20726762283131322c203131382c20313138293b20666f6e742d66616d696c793a20417269616c2c2048656c7665746963612c2073616e732d73657269663b223e3c666f6e742073697a653d2233223e546f796f74612046205072656d696f20464c20506b673c2f666f6e743e3c2f703e3c70207374796c653d22636f6c6f723a20726762283131322c203131382c20313138293b20666f6e742d66616d696c793a20417269616c2c2048656c7665746963612c2073616e732d73657269663b223e3c666f6e742073697a653d2233223e416c6c204f7074696f6e204175746f2e3c2f666f6e743e3c2f703e3c70207374796c653d22636f6c6f723a20726762283131322c203131382c20313138293b20666f6e742d66616d696c793a20417269616c2c2048656c7665746963612c2073616e732d73657269663b223e3c666f6e742073697a653d2233223e313530306363205676742d6920456e67696e652c3c2f666f6e743e3c2f703e3c70207374796c653d22636f6c6f723a20726762283131322c203131382c20313138293b20666f6e742d66616d696c793a20417269616c2c2048656c7665746963612c2073616e732d73657269663b223e3c666f6e742073697a653d2233223e3630204c6974657220436e672046726f6d20416e7564697020416e642052657465737465642c3c2f666f6e743e3c2f703e3c70207374796c653d22636f6c6f723a20726762283131322c203131382c20313138293b20666f6e742d66616d696c793a20417269616c2c2048656c7665746963612c2073616e732d73657269663b223e3c666f6e742073697a653d2233223e5370656564204c6f636b20416e64204175746f206c6f636b2053797374656d2077697468207472756e6b2c3c2f666f6e743e3c2f703e3c70207374796c653d22636f6c6f723a20726762283131322c203131382c20313138293b20666f6e742d66616d696c793a20417269616c2c2048656c7665746963612c2073616e732d73657269663b223e3c666f6e742073697a653d2233223e4469676974616c204f70746963616c204d657465722c2046756c6c20576f6f64656e2050616e656c2c3c2f666f6e743e3c2f703e3c70207374796c653d22636f6c6f723a20726762283131322c203131382c20313138293b20666f6e742d66616d696c793a20417269616c2c2048656c7665746963612c2073616e732d73657269663b223e3c666f6e742073697a653d2233223e5476204e617669676174696f6e204261636b2043616d657261205769746820546f796f746120536f756e642053797374656d284a6170616e293c2f666f6e743e3c2f703e3c70207374796c653d22636f6c6f723a20726762283131322c203131382c20313138293b20666f6e742d66616d696c793a20417269616c2c2048656c7665746963612c2073616e732d73657269663b223e3c666f6e742073697a653d2233223e4e69636b656c2048616e646c65732c4261636b2057697065722c266e6273703b3c62723e49636520436f6f6c2041632c50732c50772c536e6f772c41726d20526573742c43757020486f6c6465727320416e64204d616e79204d6f7265204f7074696f6e732c3c2f666f6e743e3c2f703e3c70207374796c653d22636f6c6f723a20726762283131322c203131382c20313138293b20666f6e742d66616d696c793a20417269616c2c2048656c7665746963612c2073616e732d73657269663b223e3c666f6e742073697a653d2233223e416c6d6f7374204e65772054797265207769746820416c6c6f792052696d732c3c2f666f6e743e3c2f703e3c70207374796c653d22636f6c6f723a20726762283131322c203131382c20313138293b20666f6e742d66616d696c793a20417269616c2c2048656c7665746963612c2073616e732d73657269663b223e3c666f6e742073697a653d2233223e416c6c205061706572277320417265205570746f20446174652c3c2f666f6e743e3c2f703e3c70207374796c653d22636f6c6f723a20726762283131322c203131382c20313138293b20666f6e742d66616d696c793a20417269616c2c2048656c7665746963612c2073616e732d73657269663b223e3c666f6e742073697a653d2233223e536d61727420436172642c46697273742050617274792c3c2f666f6e743e3c2f703e3c70207374796c653d22636f6c6f723a20726762283131322c203131382c20313138293b20666f6e742d66616d696c793a20417269616c2c2048656c7665746963612c2073616e732d73657269663b223e3c666f6e742073697a653d2233223e4f6e6c7920496e74657265737465642042757965722773204172652052657175657374656420546f20436f6e746163742e2e3c2f666f6e743e3c2f703e3c70207374796c653d22636f6c6f723a20726762283131322c203131382c20313138293b20666f6e742d66616d696c793a20417269616c2c2048656c7665746963612c2073616e732d73657269663b223e3c666f6e742073697a653d2233223e4e6f204163636964656e7420486973746f7279202847756172616e74656564293c2f666f6e743e3c2f703e3c70207374796c653d22636f6c6f723a20726762283131322c203131382c20313138293b20666f6e742d66616d696c793a20417269616c2c2048656c7665746963612c2073616e732d73657269663b223e3c666f6e742073697a653d2233223e596f752063616e205669736974205468652043617220417420507572616e612050616c74616e2c3c2f666f6e743e3c2f703e3c70207374796c653d22636f6c6f723a20726762283131322c203131382c20313138293b20666f6e742d66616d696c793a20417269616c2c2048656c7665746963612c2073616e732d73657269663b223e3c666f6e742073697a653d2233223e4e6f2042726f6b657220506c656173652c3c2f666f6e743e3c2f703e3c70207374796c653d226d617267696e2d626f74746f6d3a203070783b20636f6c6f723a20726762283131322c203131382c20313138293b20666f6e742d66616d696c793a20417269616c2c2048656c7665746963612c2073616e732d73657269663b223e3c666f6e742073697a653d2233223e5468616e6b7320466f722054686520566965772e2e2e3c2f666f6e743e3c2f703e, 0, '2018-11-11 17:19:17', '2018-11-11 18:42:28'),
(7, 'Toyota Corolla G', '5 no Janata housing,Ring Road. Opposide Al -Mahboob Resturent , Beside Pubali Bank Ltd. Mohammadpur,Dhaka-1207', '1500', 4, 0x3c70207374796c653d22636f6c6f723a20726762283131322c203131382c20313138293b20666f6e742d66616d696c793a20417269616c2c2048656c7665746963612c2073616e732d73657269663b223e3c666f6e742073697a653d2233223e4d616e756661637475726572203a202667743b2667743b2667743b2667743b20544f594f5441202d204a4150414e3c2f666f6e743e3c2f703e3c70207374796c653d22636f6c6f723a20726762283131322c203131382c20313138293b20666f6e742d66616d696c793a20417269616c2c2048656c7665746963612c2073616e732d73657269663b223e3c666f6e742073697a653d2233223e436172204e616d6520e2809320434f524f4c4c4120e2809320473c2f666f6e743e3c2f703e3c70207374796c653d22636f6c6f723a20726762283131322c203131382c20313138293b20666f6e742d66616d696c793a20417269616c2c2048656c7665746963612c2073616e732d73657269663b223e3c666f6e742073697a653d2233223e536572696573203a202667743b2667743b2667743b2667743b2032393c2f666f6e743e3c2f703e3c70207374796c653d22636f6c6f723a20726762283131322c203131382c20313138293b20666f6e742d66616d696c793a20417269616c2c2048656c7665746963612c2073616e732d73657269663b223e3c666f6e742073697a653d2233223e4d6f64656c203a202667743b2667743b2667743b2667743b20323030363c2f666f6e743e3c2f703e3c70207374796c653d22636f6c6f723a20726762283131322c203131382c20313138293b20666f6e742d66616d696c793a20417269616c2c2048656c7665746963612c2073616e732d73657269663b223e3c666f6e742073697a653d2233223e526567697374726174696f6e3a202667743b2667743b2667743b2667743b20323031303c2f666f6e743e3c2f703e3c70207374796c653d22636f6c6f723a20726762283131322c203131382c20313138293b20666f6e742d66616d696c793a20417269616c2c2048656c7665746963612c2073616e732d73657269663b223e3c666f6e742073697a653d2233223e4d696c65616765203a2667743b2667743b2667743b2667743b2035383030303c2f666f6e743e3c2f703e3c70207374796c653d22636f6c6f723a20726762283131322c203131382c20313138293b20666f6e742d66616d696c793a20417269616c2c2048656c7665746963612c2073616e732d73657269663b223e3c666f6e742073697a653d2233223e456e67696e65203a202667743b2667743b2667743b2667743b2056205620542d20492e3c2f666f6e743e3c2f703e3c70207374796c653d22636f6c6f723a20726762283131322c203131382c20313138293b20666f6e742d66616d696c793a20417269616c2c2048656c7665746963612c2073616e732d73657269663b223e3c666f6e742073697a653d2233223e456e67696e65206361706163697479203a202667743b2667743b2667743b2667743b20313530302063632e3c2f666f6e743e3c2f703e3c70207374796c653d22636f6c6f723a20726762283131322c203131382c20313138293b20666f6e742d66616d696c793a20417269616c2c2048656c7665746963612c2073616e732d73657269663b223e3c666f6e742073697a653d2233223e5472616e736d697373696f6e203a202667743b2667743b2667743b2667743b204175746f2e3c2f666f6e743e3c2f703e3c70207374796c653d22636f6c6f723a20726762283131322c203131382c20313138293b20666f6e742d66616d696c793a20417269616c2c2048656c7665746963612c2073616e732d73657269663b223e3c666f6e742073697a653d2233223e436f6c6f72203a202667743b2667743b2667743b2667743b20504541524c3c2f666f6e743e3c2f703e3c70207374796c653d22636f6c6f723a20726762283131322c203131382c20313138293b20666f6e742d66616d696c793a20417269616c2c2048656c7665746963612c2073616e732d73657269663b223e3c666f6e742073697a653d2233223e4675656c2053797374656d203a202667743b2667743b2667743b2667743b204f6374616e652c436e673c2f666f6e743e3c2f703e3c70207374796c653d22636f6c6f723a20726762283131322c203131382c20313138293b20666f6e742d66616d696c793a20417269616c2c2048656c7665746963612c2073616e732d73657269663b223e3c666f6e742073697a653d2233223e504150455253205550444154453c2f666f6e743e3c2f703e3c70207374796c653d22636f6c6f723a20726762283131322c203131382c20313138293b20666f6e742d66616d696c793a20417269616c2c2048656c7665746963612c2073616e732d73657269663b223e3c666f6e742073697a653d2233223e4649544e4553533a202667743b2667743b2667743b2667743b203235202d203034202d20323031393c2f666f6e743e3c2f703e3c70207374796c653d22636f6c6f723a20726762283131322c203131382c20313138293b20666f6e742d66616d696c793a20417269616c2c2048656c7665746963612c2073616e732d73657269663b223e3c666f6e742073697a653d2233223e54415820544f4b454e203a202667743b2667743b2667743b2667743b203137202d203131202d20323031383c2f666f6e743e3c2f703e3c70207374796c653d22636f6c6f723a20726762283131322c203131382c20313138293b20666f6e742d66616d696c793a20417269616c2c2048656c7665746963612c2073616e732d73657269663b223e3c666f6e742073697a653d2233223e494e535552454e4345203b202667743b2667743b2667743b2667743b203136202d203038202d20323031383c2f666f6e743e3c2f703e3c70207374796c653d22636f6c6f723a20726762283131322c203131382c20313138293b20666f6e742d66616d696c793a20417269616c2c2048656c7665746963612c2073616e732d73657269663b223e3c666f6e742073697a653d2233223e4f7074696f6e73203a20457863656c6c656e742041432c2043642c2054696c7420506f776572205374656572696e672c204469736b204272616b652c506f7765722057696e646f77732026616d703b204d6972726f722c3c62723e4142532c4169726261672c43656e7472616c204c6f636b2c54656d706572656420476c6173732c20416c6c6f792052696d2057697468204e657720547972652c20416c6c20506f7765722026616d703b2046756c6c204f7074696f6e2c5476206e617669676174696f6e204261636b2043616d6572612c20416c6c20506170657273205220557020746f20446174652e3c2f666f6e743e3c2f703e3c70207374796c653d226d617267696e2d626f74746f6d3a203070783b20636f6c6f723a20726762283131322c203131382c20313138293b20666f6e742d66616d696c793a20417269616c2c2048656c7665746963612c2073616e732d73657269663b223e3c666f6e742073697a653d2233223e496620796f752077616e7420746f20636865636b20616e797468696e6720796f752063616e2074616b6520746869732063617220746f20616e79206175746f6d6f62696c6520616e616c797a696e672063656e7465722e3c62723e496e74657265737465642042757965722041524520456e636f75726167656420746f20436f6e7461637420757320466f72204d6f72652044657461696c732e2e2e2e2e2e2e3c62723e4c6f636174696f6e3a3c62723e2a417975624175746f2053706163652a3c2f666f6e743e3c2f703e, 0, '2018-11-11 17:22:16', '2018-11-11 17:22:16'),
(8, 'Toyota Fielder Hybrid-Silver', 'Baridhara, Dhaka', '2000', 5, 0x3c646c207374796c653d226d617267696e2d72696768743a203070783b206d617267696e2d626f74746f6d3a203070783b206d617267696e2d6c6566743a203070783b20636f6c6f723a20726762283131322c203131382c20313138293b20666f6e742d66616d696c793a20417269616c2c2048656c7665746963612c2073616e732d73657269663b223e3c703e3c666f6e742073697a653d2233223e4d6f64656c3a32303035204e65772053686170652e3c2f666f6e743e3c2f703e3c703e3c666f6e742073697a653d2233223e5072656d696f20496e2045787472656d656c7920467265736820436f6e646974696f6e2e2e2e3c2f666f6e743e3c2f703e3c703e3c666f6e742073697a653d2233223e5265673a323031313c2f666f6e743e3c2f703e3c703e3c666f6e742073697a653d2233223e53657269616c3a33313c2f666f6e743e3c2f703e3c703e3c666f6e742073697a653d2233223e536e6f7720576869746520436f6c6f75723c2f666f6e743e3c2f703e3c703e3c666f6e742073697a653d2233223e546f796f74612046205072656d696f20464c20506b673c2f666f6e743e3c2f703e3c703e3c666f6e742073697a653d2233223e416c6c204f7074696f6e204175746f2e3c2f666f6e743e3c2f703e3c703e3c666f6e742073697a653d2233223e313530306363205676742d6920456e67696e652c3c2f666f6e743e3c2f703e3c703e3c666f6e742073697a653d2233223e3630204c6974657220436e672046726f6d20416e7564697020416e642052657465737465642c3c2f666f6e743e3c2f703e3c703e3c666f6e742073697a653d2233223e5370656564204c6f636b20416e64204175746f206c6f636b2053797374656d2077697468207472756e6b2c3c2f666f6e743e3c2f703e3c703e3c666f6e742073697a653d2233223e4469676974616c204f70746963616c204d657465722c2046756c6c20576f6f64656e2050616e656c2c3c2f666f6e743e3c2f703e3c703e3c666f6e742073697a653d2233223e5476204e617669676174696f6e204261636b2043616d657261205769746820546f796f746120536f756e642053797374656d284a6170616e293c2f666f6e743e3c2f703e3c703e3c666f6e742073697a653d2233223e4e69636b656c2048616e646c65732c4261636b2057697065722c266e6273703b3c62723e49636520436f6f6c2041632c50732c50772c536e6f772c41726d20526573742c43757020486f6c6465727320416e64204d616e79204d6f7265204f7074696f6e732c3c2f666f6e743e3c2f703e3c703e3c666f6e742073697a653d2233223e416c6d6f7374204e65772054797265207769746820416c6c6f792052696d732c3c2f666f6e743e3c2f703e3c703e3c666f6e742073697a653d2233223e416c6c205061706572277320417265205570746f20446174652c3c2f666f6e743e3c2f703e3c703e3c666f6e742073697a653d2233223e536d61727420436172642c46697273742050617274792c3c2f666f6e743e3c2f703e3c703e3c666f6e742073697a653d2233223e4f6e6c7920496e74657265737465642042757965722773204172652052657175657374656420546f20436f6e746163742e2e3c2f666f6e743e3c2f703e3c703e3c666f6e742073697a653d2233223e4e6f204163636964656e7420486973746f7279202847756172616e74656564293c2f666f6e743e3c2f703e3c703e3c666f6e742073697a653d2233223e596f752063616e205669736974205468652043617220417420507572616e612050616c74616e2c3c2f666f6e743e3c2f703e3c703e3c666f6e742073697a653d2233223e4e6f2042726f6b657220506c656173652c3c2f666f6e743e3c2f703e3c70207374796c653d226d617267696e2d626f74746f6d3a203070783b223e3c666f6e742073697a653d2233223e5468616e6b7320466f722054686520566965772e2e2e3c2f666f6e743e3c2f703e3c2f646c3e, 0, '2018-11-11 17:24:03', '2018-11-11 18:46:03'),
(9, 'Toyota Premio', 'ihfaz view. 357/B modhubag hatirjheel moghbazar. Dhaka:1217(opposite of falu tower)', '2000', 5, 0x3c646c207374796c653d226d617267696e2d72696768743a203070783b206d617267696e2d626f74746f6d3a203070783b206d617267696e2d6c6566743a203070783b20636f6c6f723a20726762283131322c203131382c20313138293b20666f6e742d66616d696c793a20417269616c2c2048656c7665746963612c2073616e732d73657269663b223e3c703e3c666f6e742073697a653d2233223e4d6f64656c3a32303035204e65772053686170652e3c2f666f6e743e3c2f703e3c703e3c666f6e742073697a653d2233223e5072656d696f20496e2045787472656d656c7920467265736820436f6e646974696f6e2e2e2e3c2f666f6e743e3c2f703e3c703e3c666f6e742073697a653d2233223e5265673a323031313c2f666f6e743e3c2f703e3c703e3c666f6e742073697a653d2233223e53657269616c3a33313c2f666f6e743e3c2f703e3c703e3c666f6e742073697a653d2233223e536e6f7720576869746520436f6c6f75723c2f666f6e743e3c2f703e3c703e3c666f6e742073697a653d2233223e546f796f74612046205072656d696f20464c20506b673c2f666f6e743e3c2f703e3c703e3c666f6e742073697a653d2233223e416c6c204f7074696f6e204175746f2e3c2f666f6e743e3c2f703e3c703e3c666f6e742073697a653d2233223e313530306363205676742d6920456e67696e652c3c2f666f6e743e3c2f703e3c703e3c666f6e742073697a653d2233223e3630204c6974657220436e672046726f6d20416e7564697020416e642052657465737465642c3c2f666f6e743e3c2f703e3c703e3c666f6e742073697a653d2233223e5370656564204c6f636b20416e64204175746f206c6f636b2053797374656d2077697468207472756e6b2c3c2f666f6e743e3c2f703e3c703e3c666f6e742073697a653d2233223e4469676974616c204f70746963616c204d657465722c2046756c6c20576f6f64656e2050616e656c2c3c2f666f6e743e3c2f703e3c703e3c666f6e742073697a653d2233223e5476204e617669676174696f6e204261636b2043616d657261205769746820546f796f746120536f756e642053797374656d284a6170616e293c2f666f6e743e3c2f703e3c703e3c666f6e742073697a653d2233223e4e69636b656c2048616e646c65732c4261636b2057697065722c266e6273703b3c62723e49636520436f6f6c2041632c50732c50772c536e6f772c41726d20526573742c43757020486f6c6465727320416e64204d616e79204d6f7265204f7074696f6e732c3c2f666f6e743e3c2f703e3c703e3c666f6e742073697a653d2233223e416c6d6f7374204e65772054797265207769746820416c6c6f792052696d732c3c2f666f6e743e3c2f703e3c703e3c666f6e742073697a653d2233223e416c6c205061706572277320417265205570746f20446174652c3c2f666f6e743e3c2f703e3c703e3c666f6e742073697a653d2233223e536d61727420436172642c46697273742050617274792c3c2f666f6e743e3c2f703e3c703e3c666f6e742073697a653d2233223e4f6e6c7920496e74657265737465642042757965722773204172652052657175657374656420546f20436f6e746163742e2e3c2f666f6e743e3c2f703e3c703e3c666f6e742073697a653d2233223e4e6f204163636964656e7420486973746f7279202847756172616e74656564293c2f666f6e743e3c2f703e3c703e3c666f6e742073697a653d2233223e596f752063616e205669736974205468652043617220417420507572616e612050616c74616e2c3c2f666f6e743e3c2f703e3c703e3c666f6e742073697a653d2233223e4e6f2042726f6b657220506c656173652c3c2f666f6e743e3c2f703e3c70207374796c653d226d617267696e2d626f74746f6d3a203070783b223e3c666f6e742073697a653d2233223e5468616e6b7320466f722054686520566965772e2e2e3c2f666f6e743e3c2f703e3c2f646c3e, 0, '2018-11-11 17:26:25', '2018-11-11 18:46:35');

-- --------------------------------------------------------

--
-- Table structure for table `rent_car_imgs`
--

CREATE TABLE `rent_car_imgs` (
  `id` int(11) NOT NULL,
  `rent_car_id` int(11) DEFAULT NULL,
  `image` varchar(255) DEFAULT NULL,
  `created_at` timestamp NULL DEFAULT NULL,
  `updated_at` timestamp NULL DEFAULT NULL
) ENGINE=InnoDB DEFAULT CHARSET=latin1;

--
-- Dumping data for table `rent_car_imgs`
--

INSERT INTO `rent_car_imgs` (`id`, `rent_car_id`, `image`, `created_at`, `updated_at`) VALUES
(10, 3, '5be7de5cb2b71.jpg', '2018-11-11 13:46:36', '2018-11-11 13:46:36'),
(11, 3, '5be7de5cef0ff.jpg', '2018-11-11 13:46:37', '2018-11-11 13:46:37'),
(12, 3, '5be7de5d016f8.jpg', '2018-11-11 13:46:37', '2018-11-11 13:46:37'),
(13, 2, '5be7de7268ae0.jpg', '2018-11-11 13:46:58', '2018-11-11 13:46:58'),
(14, 2, '5be7de726fab9.jpg', '2018-11-11 13:46:58', '2018-11-11 13:46:58'),
(15, 2, '5be7de7275f82.jpg', '2018-11-11 13:46:58', '2018-11-11 13:46:58'),
(16, 1, '5be7de8b2d870.jpg', '2018-11-11 13:47:23', '2018-11-11 13:47:23'),
(17, 1, '5be7de8b37980.jpg', '2018-11-11 13:47:23', '2018-11-11 13:47:23'),
(18, 1, '5be7de8b3dd22.jpg', '2018-11-11 13:47:23', '2018-11-11 13:47:23'),
(19, 4, '5be80f0892b95.jpg', '2018-11-11 17:14:16', '2018-11-11 17:14:16'),
(20, 4, '5be80f089966c.jpg', '2018-11-11 17:14:16', '2018-11-11 17:14:16'),
(21, 4, '5be80f089fbd5.jpg', '2018-11-11 17:14:16', '2018-11-11 17:14:16'),
(22, 4, '5be80f08a60b7.jpg', '2018-11-11 17:14:16', '2018-11-11 17:14:16'),
(23, 4, '5be80f08ac593.jpg', '2018-11-11 17:14:16', '2018-11-11 17:14:16'),
(24, 5, '5be80faac3d2c.jpg', '2018-11-11 17:16:58', '2018-11-11 17:16:58'),
(25, 5, '5be80faae1f84.jpg', '2018-11-11 17:16:58', '2018-11-11 17:16:58'),
(26, 5, '5be80faae8668.jpg', '2018-11-11 17:16:58', '2018-11-11 17:16:58'),
(27, 5, '5be80faaeeec5.jpg', '2018-11-11 17:16:58', '2018-11-11 17:16:58'),
(28, 5, '5be80fab00b36.jpg', '2018-11-11 17:16:59', '2018-11-11 17:16:59'),
(29, 6, '5be8103592d2d.jpg', '2018-11-11 17:19:17', '2018-11-11 17:19:17'),
(30, 6, '5be8103599e7e.jpg', '2018-11-11 17:19:17', '2018-11-11 17:19:17'),
(31, 6, '5be81035a0613.jpg', '2018-11-11 17:19:17', '2018-11-11 17:19:17'),
(32, 6, '5be81035a6610.jpg', '2018-11-11 17:19:17', '2018-11-11 17:19:17'),
(33, 6, '5be81035ad506.jpg', '2018-11-11 17:19:17', '2018-11-11 17:19:17'),
(34, 7, '5be810e83bdc0.jpg', '2018-11-11 17:22:16', '2018-11-11 17:22:16'),
(35, 7, '5be810e85ac76.jpg', '2018-11-11 17:22:16', '2018-11-11 17:22:16'),
(36, 7, '5be810e860e2d.jpg', '2018-11-11 17:22:16', '2018-11-11 17:22:16'),
(37, 7, '5be810e8670a7.jpg', '2018-11-11 17:22:16', '2018-11-11 17:22:16'),
(38, 7, '5be810e86d201.jpg', '2018-11-11 17:22:16', '2018-11-11 17:22:16'),
(39, 8, '5be811538cf88.jpg', '2018-11-11 17:24:03', '2018-11-11 17:24:03'),
(40, 8, '5be811539405f.jpg', '2018-11-11 17:24:03', '2018-11-11 17:24:03'),
(41, 8, '5be811539a266.jpg', '2018-11-11 17:24:03', '2018-11-11 17:24:03'),
(42, 8, '5be81153a07a8.jpg', '2018-11-11 17:24:03', '2018-11-11 17:24:03'),
(43, 8, '5be81153a6b7e.jpg', '2018-11-11 17:24:03', '2018-11-11 17:24:03'),
(44, 9, '5be811e192a31.jpg', '2018-11-11 17:26:25', '2018-11-11 17:26:25'),
(45, 9, '5be811e1b0766.jpg', '2018-11-11 17:26:25', '2018-11-11 17:26:25'),
(46, 9, '5be811e1b6b85.jpg', '2018-11-11 17:26:25', '2018-11-11 17:26:25'),
(47, 9, '5be811e1bd052.jpg', '2018-11-11 17:26:25', '2018-11-11 17:26:25'),
(48, 9, '5be811e1c2f9d.jpg', '2018-11-11 17:26:25', '2018-11-11 17:26:25');

-- --------------------------------------------------------

--
-- Table structure for table `rent_car_reviews`
--

CREATE TABLE `rent_car_reviews` (
  `id` int(11) NOT NULL,
  `rent_car_id` int(11) DEFAULT NULL,
  `user_id` int(11) DEFAULT NULL,
  `rating` varchar(255) DEFAULT NULL,
  `comment` text DEFAULT NULL,
  `created_at` timestamp NULL DEFAULT NULL,
  `updated_at` timestamp NULL DEFAULT NULL
) ENGINE=InnoDB DEFAULT CHARSET=latin1;

--
-- Dumping data for table `rent_car_reviews`
--

INSERT INTO `rent_car_reviews` (`id`, `rent_car_id`, `user_id`, `rating`, `comment`, `created_at`, `updated_at`) VALUES
(2, 2, 6, '4', 'This is great car.', '2018-10-01 04:40:14', '2018-10-01 04:40:14'),
(3, 2, 9, '4.4', 'khub valo khub valo', '2018-10-07 00:08:49', '2018-10-07 00:08:49'),
(5, 1, 6, '4.5', 'awesome service', '2018-10-09 01:40:08', '2018-10-09 01:40:08');

-- --------------------------------------------------------

--
-- Table structure for table `rooms`
--

CREATE TABLE `rooms` (
  `id` int(11) NOT NULL,
  `hotel_id` int(11) DEFAULT NULL,
  `name` varchar(255) DEFAULT NULL,
  `bed` int(11) DEFAULT NULL,
  `bath` int(11) DEFAULT NULL,
  `no_of_persons` int(11) DEFAULT NULL,
  `payment` varchar(255) DEFAULT NULL,
  `overview` blob DEFAULT NULL,
  `a_hidden` int(3) NOT NULL DEFAULT 0,
  `created_at` timestamp NULL DEFAULT NULL,
  `updated_at` timestamp NULL DEFAULT NULL
) ENGINE=InnoDB DEFAULT CHARSET=latin1;

--
-- Dumping data for table `rooms`
--

INSERT INTO `rooms` (`id`, `hotel_id`, `name`, `bed`, `bath`, `no_of_persons`, `payment`, `overview`, `a_hidden`, `created_at`, `updated_at`) VALUES
(1, 7, 'Deluxe Single Room', 2, 2, 4, '2500', 0x3c70207374796c653d226d617267696e2d72696768743a203070783b206d617267696e2d626f74746f6d3a20313570783b206d617267696e2d6c6566743a203070783b2070616464696e673a203070783b20746578742d616c69676e3a206a7573746966793b20636f6c6f723a2072676228302c20302c2030293b20666f6e742d66616d696c793a202671756f743b4f70656e2053616e732671756f743b2c20417269616c2c2073616e732d73657269663b223e3c666f6e742073697a653d2233223e4c6f72656d20697073756d20646f6c6f722073697420616d65742c20636f6e73656374657475722061646970697363696e6720656c69742e20566573746962756c756d2073757363697069742072757472756d206c696265726f2c206163206c75637475732075726e6120626962656e64756d206e65632e20496e206e6563206d6f6c6c697320697073756d2e204e616d2070756c76696e61722c20616e746520696e206469676e697373696d20756c6c616d636f727065722c206c6967756c612072697375732074696e636964756e74207475727069732c2065752068656e6472657269742073617069656e206475692073697420616d6574206c6f72656d2e2046757363652070656c6c656e746573717565207363656c65726973717565206e69736920717569732074656d706f722e20446f6e656320706861726574726120736167697474697320656e696d2c206e6f6e2072686f6e63757320616e74652063757273757320656765742e205175697371756520636f6e64696d656e74756d206e6f6e206172637520617420756c7472696365732e2041656e65616e2076656c206e756c6c6120736564206e756e632072686f6e637573206c6163696e69612e3c2f666f6e743e3c2f703e3c70207374796c653d226d617267696e2d72696768743a203070783b206d617267696e2d626f74746f6d3a20313570783b206d617267696e2d6c6566743a203070783b2070616464696e673a203070783b20746578742d616c69676e3a206a7573746966793b20636f6c6f723a2072676228302c20302c2030293b20666f6e742d66616d696c793a202671756f743b4f70656e2053616e732671756f743b2c20417269616c2c2073616e732d73657269663b223e3c666f6e742073697a653d2233223e4e756c6c61206d6175726973206469616d2c2074696e636964756e742075742065726f7320656765742c206469676e697373696d20706f7274612061756775652e204e616d20656c656966656e64206e6f6e2065726f732061742073757363697069742e204d6f726269207068617265747261206c7563747573206c656f20696420706f72747469746f722e2053757370656e646973736520657569736d6f64206d692076756c707574617465206f7263692064696374756d2c20612070756c76696e61722075726e6120666575676961742e204675736365206672696e67696c6c6120616c69717565742065726f7320717569732072686f6e6375732e2053757370656e6469737365207175697320696e74657264756d207475727069732e2050686173656c6c7573206567657420657261742073656420726973757320656c656d656e74756d20656c656d656e74756d206e65632071756973206c656f2e204d616563656e617320666175636962757320616c697175616d206e6962682c2071756973206c616f72656574206c656f2070656c6c656e74657371756520656765742e2053656420656765737461732c2065726f73206574207068617265747261206c75637475732c206e697369207075727573206c6163696e69612066656c69732c2069642074656d707573206c696265726f20647569207574206573742e2050656c6c656e7465737175652065752076756c707574617465206d61676e612c20656765742073656d70657220656e696d2e20416c697175616d2073697420616d657420706f72747469746f7220697073756d2e204d6f7262692075742065726174206e6f6e206c616375732072686f6e63757320696163756c69732065676574207175697320657261742e3c2f666f6e743e3c2f703e3c70207374796c653d226d617267696e2d72696768743a203070783b206d617267696e2d626f74746f6d3a20313570783b206d617267696e2d6c6566743a203070783b2070616464696e673a203070783b20746578742d616c69676e3a206a7573746966793b20636f6c6f723a2072676228302c20302c2030293b20666f6e742d66616d696c793a202671756f743b4f70656e2053616e732671756f743b2c20417269616c2c2073616e732d73657269663b223e3c666f6e742073697a653d2233223e44756973206c616f72656574206c6f72656d20616320636f6e67756520766f6c75747061742e2050686173656c6c757320616c69717565742076617269757320617263752e204e756e63207669746165206a7573746f206e657175652e20457469616d20756c6c616d636f727065722061742074656c6c757320757420646170696275732e204e756e6320696e2064617069627573206d692e20467573636520617563746f722065676574206d69206e656320636f6e76616c6c69732e20446f6e65632065726f73206c696265726f2c20636f6e64696d656e74756d20617420646170696275732075742c2066657567696174206174206c696265726f2e204e756e6320657520736f6c6c696369747564696e20656c69742e3c2f666f6e743e3c2f703e3c70207374796c653d226d617267696e2d72696768743a203070783b206d617267696e2d626f74746f6d3a20313570783b206d617267696e2d6c6566743a203070783b2070616464696e673a203070783b20746578742d616c69676e3a206a7573746966793b20636f6c6f723a2072676228302c20302c2030293b20666f6e742d66616d696c793a202671756f743b4f70656e2053616e732671756f743b2c20417269616c2c2073616e732d73657269663b223e3c666f6e742073697a653d2233223e50726f696e2073697420616d6574206d65747573206e6f6e206c65637475732074726973746971756520656c656966656e642e20536564206e656320646f6c6f7220646170696275732c2074656d706f722074757270697320612c20747269737469717565206c65637475732e20536564206672696e67696c6c6120746f72746f72207472697374697175652c20657569736d6f6420707572757320717569732c2074656d707573206d617373612e20457469616d20696e20636f6e76616c6c6973206e6973692c20696e2068656e6472657269742074656c6c75732e20557420626962656e64756d206c75637475732075726e61206120636f6e76616c6c69732e2046757363652076617269757320756c7472696365732070686172657472612e20457469616d20756c6c616d636f727065722073656d206574206c656f20656c656966656e64206672696e67696c6c612073656420696e206e756e632e20457469616d2073697420616d657420766f6c75747061742074656c6c75732c2076656e656e617469732072686f6e637573206d617373612e20496e20636f6e64696d656e74756d2c20647569206e656320706c6163657261742070656c6c656e7465737175652c2065737420697073756d20696d70657264696574206c656f2c2073697420616d65742072686f6e637573207269737573206c6f72656d206120657261742e20457469616d20617563746f722063757273757320617567756520766974616520636f6d6d6f646f2e2053757370656e64697373652076697461652072757472756d206d61676e612c20696e20617563746f72206573742e3c2f666f6e743e3c2f703e3c70207374796c653d226d617267696e2d72696768743a203070783b206d617267696e2d626f74746f6d3a20313570783b206d617267696e2d6c6566743a203070783b2070616464696e673a203070783b20746578742d616c69676e3a206a7573746966793b20636f6c6f723a2072676228302c20302c2030293b20666f6e742d66616d696c793a202671756f743b4f70656e2053616e732671756f743b2c20417269616c2c2073616e732d73657269663b223e3c666f6e742073697a653d2233223e446f6e656320617563746f72206d692066656c69732c20616320696e74657264756d20646f6c6f7220747269737469717565206e6f6e2e20446f6e656320636f6e73656374657475722074696e636964756e742074656d706f722e204e756c6c616d206a7573746f20646f6c6f722c206c616f7265657420656765742074696e636964756e74207363656c657269737175652c207665686963756c61206e6f6e206c616375732e205072616573656e7420636f6e7365717561742066656c69732069642065726174206d61747469732c2073656420736f64616c6573206d617572697320696d706572646965742e20436c61737320617074656e742074616369746920736f63696f737175206164206c69746f726120746f727175656e742070657220636f6e75626961206e6f737472612c2070657220696e636570746f732068696d656e61656f732e204e756c6c6120626c616e646974206d61676e61207175697320736167697474697320616363756d73616e2e20566976616d7573206c6f626f7274697320656765742066656c69732073697420616d65742073757363697069742e2050656c6c656e746573717565206e6f6e2074696e636964756e742070757275732c2073697420616d657420706f73756572652073656d2e20436c61737320617074656e742074616369746920736f63696f737175206164206c69746f726120746f727175656e742070657220636f6e75626961206e6f737472612c2070657220696e636570746f732068696d656e61656f732e20496e20696e206c65637475732076656c2074656c6c75732070756c76696e617220666575676961742e20566573746962756c756d206567657420736f6c6c696369747564696e206c6967756c612e2053656420636f6e64696d656e74756d20697073756d2069642065726f7320626962656e64756d206566666963697475722e753c2f666f6e743e3c2f703e, 0, '2018-09-18 07:26:36', '2018-09-19 05:50:34'),
(2, 8, 'Presidential Room(Ac)', 2, 2, 4, '2500', 0x3c666f6e742073697a653d2233223e3c7374726f6e67207374796c653d226d617267696e3a203070783b2070616464696e673a203070783b20636f6c6f723a2072676228302c20302c2030293b20666f6e742d66616d696c793a202671756f743b4f70656e2053616e732671756f743b2c20417269616c2c2073616e732d73657269663b20746578742d616c69676e3a206a7573746966793b223e4c6f72656d20497073756d3c2f7374726f6e673e3c7370616e207374796c653d22636f6c6f723a2072676228302c20302c2030293b20666f6e742d66616d696c793a202671756f743b4f70656e2053616e732671756f743b2c20417269616c2c2073616e732d73657269663b20746578742d616c69676e3a206a7573746966793b223e266e6273703b69732073696d706c792064756d6d792074657874206f6620746865207072696e74696e6720616e64207479706573657474696e6720696e6475737472792e204c6f72656d20497073756d20686173206265656e2074686520696e6475737472792773207374616e646172642064756d6d79207465787420657665722073696e6365207468652031353030732c207768656e20616e20756e6b6e6f776e207072696e74657220746f6f6b20612067616c6c6579206f66207479706520616e6420736372616d626c656420697420746f206d616b65206120747970652073706563696d656e20626f6f6b2e20497420686173207375727669766564206e6f74206f6e6c7920666976652063656e7475726965732c2062757420616c736f20746865206c65617020696e746f20656c656374726f6e6963207479706573657474696e672c2072656d61696e696e6720657373656e7469616c6c7920756e6368616e6765642e2049742077617320706f70756c61726973656420696e207468652031393630732077697468207468652072656c65617365206f66204c657472617365742073686565747320636f6e7461696e696e67204c6f72656d20497073756d2070617373616765732c20616e64206d6f726520726563656e746c792077697468206465736b746f70207075626c697368696e6720736f667477617265206c696b6520416c64757320506167654d616b657220696e636c7564696e672076657273696f6e73206f66204c6f72656d20497073756d2e3c2f7370616e3e3c2f666f6e743e, 0, '2018-10-02 01:07:35', '2018-10-10 13:12:04'),
(3, 8, 'Normal Room(Ac)', 1, 1, 2, '1500', 0x3c7370616e207374796c653d22636f6c6f723a2072676228302c20302c2030293b20666f6e742d66616d696c793a202671756f743b4f70656e2053616e732671756f743b2c20417269616c2c2073616e732d73657269663b20746578742d616c69676e3a206a7573746966793b223e3c666f6e742073697a653d2233223e49742069732061206c6f6e672065737461626c6973686564206661637420746861742061207265616465722077696c6c206265206469737472616374656420627920746865207265616461626c6520636f6e74656e74206f6620612070616765207768656e206c6f6f6b696e6720617420697473206c61796f75742e2054686520706f696e74206f66207573696e67204c6f72656d20497073756d2069732074686174206974206861732061206d6f72652d6f722d6c657373206e6f726d616c20646973747269627574696f6e206f66206c6574746572732c206173206f70706f73656420746f207573696e672027436f6e74656e7420686572652c20636f6e74656e742068657265272c206d616b696e67206974206c6f6f6b206c696b65207265616461626c6520456e676c6973682e204d616e79206465736b746f70207075626c697368696e67207061636b6167657320616e6420776562207061676520656469746f7273206e6f7720757365204c6f72656d20497073756d2061732074686569722064656661756c74206d6f64656c20746578742c20616e6420612073656172636820666f7220276c6f72656d20697073756d272077696c6c20756e636f766572206d616e7920776562207369746573207374696c6c20696e20746865697220696e66616e63792e20566172696f75732076657273696f6e7320686176652065766f6c766564206f766572207468652079656172732c20736f6d6574696d6573206279206163636964656e742c20736f6d6574696d6573206f6e20707572706f73652028696e6a65637465642068756d6f757220616e6420746865206c696b65292e3c2f666f6e743e3c2f7370616e3e, 0, '2018-10-02 01:08:46', '2018-11-11 13:36:32'),
(4, 9, 'Deluxe King Room', 3, 3, 6, '12000', 0x3c6469762069643d2273756d6d6172792220636c6173733d222220646174612d65742d6d6f757365656e7465723d22637573746f6d476f616c3a425565655a615461546142454b4d50584c61653a3120637573746f6d476f616c3a42556565484e5350644d50495357584742624c50594f3a312220646174612d65742d636c69636b3d22637573746f6d476f616c3a425565655a615461546142454b4d50584c61653a3220637573746f6d476f616c3a42556565484e5350644d50495357584742624c50594f3a3222207374796c653d22636f6c6f723a207267622835362c2035362c203536293b20666f6e742d66616d696c793a20426c696e6b4d616353797374656d466f6e742c202d6170706c652d73797374656d2c202671756f743b5365676f652055492671756f743b2c20526f626f746f2c2048656c7665746963612c20417269616c2c2073616e732d73657269663b223e3c703e3c666f6e742073697a653d2233223e54686520546f776e20486f74656c20446f6861206f6666657273206163636f6d6d6f646174696f6e20696e20446f68612c20332e31206b6d2066726f6d20446977616e20456d69726920526f79616c2050616c6163652e20467265652070726976617465207061726b696e6720697320617661696c61626c65206f6e20736974652e3c2f666f6e743e3c2f703e3c703e3c666f6e742073697a653d2233223e416c6c20726f6f6d732077697468206672656520576946692c206c616d696e61746520666c6f6f727320616e6420612034382727204c43442054562e2054686520546f776e20446f6861e280997320726f6f6d7320696e636c75646520736174656c6c697465206368616e6e656c732c207465612f636f66666565206d616b657220616e64206461696c7920776174657220626f74746c65732e204561636820726f6f6d206861732061206d696e696261722c206120776f726b206465736b2061732077656c6c206173206120707269766174652062617468726f6f6d2073746f636b65642077697468206672656520746f696c6574726965732e3c2f666f6e743e3c2f703e3c703e3c666f6e742073697a653d2233223e596f752077696c6c2066696e6420612032342d686f75722066726f6e74206465736b206174207468652070726f70657274792e3c2f666f6e743e3c2f703e3c703e3c666f6e742073697a653d2233223e4c6f6361746564206a75737420756e64657220312e36206b6d2066726f6d20446f6861e280997320776174657266726f6e742077616c6b7761792c206e65617220627920746865204d757365756d206f662049736c616d6963204172742c205161746172204d757365756d2e2051617461722053706f72747320436c7562205374616469756d2069732031206b6d2066726f6d206f757220686f74656c2c20616e64266e6273703b3c7370616e20646174612d746f6f6c7469702d746578743d22342072657669657720686967686c69676874732066726f6d206775657374732220646174612d636f6d706f6e656e743d22746f6f6c7469702220636c6173733d2268702d736f6369616c5f70726f6f662d6974656d2d66656174757265642d746f706963206a715f746f6f6c7469702068702d736f6369616c5f70726f6f662d6974656d2d66656174757265642d746f7069632d656c656d656e7422207374796c653d22637572736f723a20706f696e7465723b20626f726465722d626f74746f6d3a2032707820646f7474656420726762283235342c203138372c2032293b20666f6e742d7765696768743a20626f6c643b206f75746c696e653a203070783b206f766572666c6f773a2076697369626c653b206261636b67726f756e643a203070782063656e7465723b207472616e736974696f6e3a20616c6c20302e30387320656173652d696e2030733b20706f736974696f6e3a2072656c61746976653b2070616464696e673a20307078203270783b207a2d696e6465783a20303b20646973706c61793a20696e6c696e652d626c6f636b3b206c696e652d6865696768743a2031656d3b223e536f75712057617169663c2f7370616e3e266e6273703b69732031206b6d2066726f6d207468652070726f70657274792e2048616d616420496e7465726e6174696f6e616c20416972706f72742069732031322e39206b6d20617761792066726f6d2054686520546f776e20486f74656c20446f68612e266e6273703b3c62723e3c2f666f6e743e3c2f703e3c2f6469763e3c7020636c6173733d2268702d646573632d7265766965772d686967686c696768742068702d646573632d74726176656c6c65722d747970652d2d70682d763022207374796c653d22636f6c6f723a207267622835362c2035362c203536293b20666f6e742d66616d696c793a20426c696e6b4d616353797374656d466f6e742c202d6170706c652d73797374656d2c202671756f743b5365676f652055492671756f743b2c20526f626f746f2c2048656c7665746963612c20417269616c2c2073616e732d73657269663b223e3c666f6e742073697a653d2233223e436f75706c657320706172746963756c61726c79206c696b6520746865206c6f636174696f6e20e280942074686579207261746564206974266e6273703b3c7374726f6e673e382e313c2f7374726f6e673e266e6273703b666f7220612074776f2d706572736f6e20747269702e3c2f666f6e743e3c2f703e3c7020636c6173733d2268702d646573632d7265766965772d686967686c6967687422207374796c653d22636f6c6f723a207267622835362c2035362c203536293b20666f6e742d66616d696c793a20426c696e6b4d616353797374656d466f6e742c202d6170706c652d73797374656d2c202671756f743b5365676f652055492671756f743b2c20526f626f746f2c2048656c7665746963612c20417269616c2c2073616e732d73657269663b223e3c666f6e742073697a653d2233223e546869732070726f706572747920697320616c736f20726174656420666f722074686520626573742076616c756520696e20446f68612120477565737473206172652067657474696e67206d6f726520666f72207468656972206d6f6e6579207768656e20636f6d706172656420746f206f746865722070726f7065727469657320696e207468697320636974792e3c2f666f6e743e3c2f703e3c7020636c6173733d2268702d646573632d77652d737065616b22207374796c653d22636f6c6f723a207267622835362c2035362c203536293b20666f6e742d66616d696c793a20426c696e6b4d616353797374656d466f6e742c202d6170706c652d73797374656d2c202671756f743b5365676f652055492671756f743b2c20526f626f746f2c2048656c7665746963612c20417269616c2c2073616e732d73657269663b223e3c666f6e742073697a653d2233223e576520737065616b20796f7572206c616e6775616765213c2f666f6e743e3c2f703e, 0, '2018-10-06 00:31:55', '2018-10-06 00:31:55'),
(5, 10, 'DELUXE ROOMS', 3, 2, 6, '2500', 0x3c70207374796c653d226d617267696e2d72696768743a203070783b206d617267696e2d626f74746f6d3a20313570783b206d617267696e2d6c6566743a203070783b2070616464696e673a203070783b20626f726465723a203070783b20666f6e742d76617269616e742d6e756d657269633a20696e68657269743b20666f6e742d76617269616e742d656173742d617369616e3a20696e68657269743b20666f6e742d737472657463683a20696e68657269743b206c696e652d6865696768743a20323070783b20666f6e742d66616d696c793a202671756f743b47696c6c2053616e73207374642671756f743b2c202671756f743b47696c6c2053616e73204d542671756f743b2c2043616c696272692c2073616e732d73657269663b20766572746963616c2d616c69676e3a20626173656c696e653b20636c6561723a20626f74683b20636f6c6f723a207267622838302c2038302c203830293b223e3c666f6e742073697a653d2233223e3c7370616e207374796c653d226d617267696e3a203070783b2070616464696e673a203070783b20626f726465723a203070783b20666f6e742d7374796c653a20696e68657269743b20666f6e742d76617269616e743a20696e68657269743b20666f6e742d7765696768743a203730303b20666f6e742d737472657463683a20696e68657269743b206c696e652d6865696768743a20696e68657269743b20666f6e742d66616d696c793a20696e68657269743b20766572746963616c2d616c69676e3a20626173656c696e653b223e417070726f78696d61746520726f6f6d2073697a653a3c2f7370616e3e266e6273703b3238206d3c7370616e207374796c653d22706f736974696f6e3a2072656c61746976653b206d617267696e3a20307078203070782030707820302e31656d3b2070616464696e673a203070783b20626f726465723a203070783b20666f6e742d7374796c653a20696e68657269743b20666f6e742d76617269616e743a20696e68657269743b20666f6e742d7765696768743a20696e68657269743b20666f6e742d737472657463683a20696e68657269743b206c696e652d6865696768743a20303b20666f6e742d66616d696c793a20696e68657269743b20766572746963616c2d616c69676e3a20626173656c696e653b20746f703a202d302e35656d3b223e323c2f7370616e3e3c2f666f6e743e3c2f703e3c666f6e742073697a653d2233223e3c7370616e207374796c653d22636f6c6f723a207267622838302c2038302c203830293b20666f6e742d66616d696c793a202671756f743b47696c6c2053616e73207374642671756f743b2c202671756f743b47696c6c2053616e73204d542671756f743b2c2043616c696272692c2073616e732d73657269663b223e466561747572696e67206f6e6520717565656e206f722074776f207477696e206265647320616e642074687265652d70696563652062617468726f6f6d732c2044656c75786520526f6f6d7320617265207065726665637420666f7220616e792074726176656c206f63636173696f6e2e204775657374732063616e207075742066696e616c20746f7563686573206f6e2070726f6a656374732061742074686520776f726b206465736b2c20656e6a6f792061206472696e6b2066726f6d20746865206d696e696261722c20616e642072656c617820696e2074686520706c7573682061726d63686169722e20546865736520726f6f6d7320616c736f20696e636c75646520612077617264726f626520616e6420646f75626c652d676c617a65642077696e646f77732e3c2f7370616e3e3c6272207374796c653d22636f6c6f723a207267622838302c2038302c203830293b20666f6e742d66616d696c793a202671756f743b47696c6c2053616e73207374642671756f743b2c202671756f743b47696c6c2053616e73204d542671756f743b2c2043616c696272692c2073616e732d73657269663b223e3c7370616e207374796c653d22636f6c6f723a207267622838302c2038302c203830293b20666f6e742d66616d696c793a202671756f743b47696c6c2053616e73207374642671756f743b2c202671756f743b47696c6c2053616e73204d542671756f743b2c2043616c696272692c2073616e732d73657269663b223e266e6273703b3c2f7370616e3e3c2f666f6e743e3c6833207374796c653d22746578742d7472616e73666f726d3a207570706572636173653b206d617267696e2d72696768743a203070783b206d617267696e2d626f74746f6d3a20313570783b206d617267696e2d6c6566743a203070783b2070616464696e673a203070783b20626f726465723a203070783b20666f6e742d76617269616e742d6e756d657269633a20696e68657269743b20666f6e742d76617269616e742d656173742d617369616e3a20696e68657269743b20666f6e742d7765696768743a203230303b20666f6e742d737472657463683a20696e68657269743b206c696e652d6865696768743a206e6f726d616c3b20666f6e742d66616d696c793a202671756f743b47696c6c2053616e73207374642671756f743b2c202671756f743b47696c6c2053616e73204d542671756f743b2c2043616c696272692c2073616e732d73657269663b20766572746963616c2d616c69676e3a20626173656c696e653b206c65747465722d73706163696e673a20302e3036656d3b20636f6c6f723a2072676228332c2037382c20313630293b223e3c666f6e742073697a653d2233223e504c4541534520454e4a4f593c2f666f6e743e3c2f68333e3c756c207374796c653d226c6973742d7374796c652d706f736974696f6e3a20696e697469616c3b206c6973742d7374796c652d696d6167653a20696e697469616c3b206d617267696e2d72696768743a203070783b206d617267696e2d626f74746f6d3a203070783b206d617267696e2d6c6566743a20323070783b2070616464696e673a203070783b20626f726465723a203070783b20666f6e742d76617269616e742d6e756d657269633a20696e68657269743b20666f6e742d76617269616e742d656173742d617369616e3a20696e68657269743b20666f6e742d737472657463683a20696e68657269743b206c696e652d6865696768743a20696e68657269743b20666f6e742d66616d696c793a202671756f743b47696c6c2053616e73207374642671756f743b2c202671756f743b47696c6c2053616e73204d542671756f743b2c2043616c696272692c2073616e732d73657269663b20766572746963616c2d616c69676e3a20626173656c696e653b2077696474683a203933322e35393470783b20666c6f61743a206c6566743b20636f6c6f723a207267622838302c2038302c203830293b223e3c6c69207374796c653d226d617267696e3a203070783b2070616464696e673a203070783b20626f726465723a203070783b20666f6e742d7374796c653a20696e68657269743b20666f6e742d76617269616e743a20696e68657269743b20666f6e742d7765696768743a20696e68657269743b20666f6e742d737472657463683a20696e68657269743b206c696e652d6865696768743a20323070783b20666f6e742d66616d696c793a20696e68657269743b20766572746963616c2d616c69676e3a20626173656c696e653b223e3c666f6e742073697a653d2233223e456c656374726f6e696320736166653c2f666f6e743e3c2f6c693e3c6c69207374796c653d226d617267696e3a203070783b2070616464696e673a203070783b20626f726465723a203070783b20666f6e742d7374796c653a20696e68657269743b20666f6e742d76617269616e743a20696e68657269743b20666f6e742d7765696768743a20696e68657269743b20666f6e742d737472657463683a20696e68657269743b206c696e652d6865696768743a20323070783b20666f6e742d66616d696c793a20696e68657269743b20766572746963616c2d616c69676e3a20626173656c696e653b223e3c666f6e742073697a653d2233223e467265652057692d46693c2f666f6e743e3c2f6c693e3c6c69207374796c653d226d617267696e3a203070783b2070616464696e673a203070783b20626f726465723a203070783b20666f6e742d7374796c653a20696e68657269743b20666f6e742d76617269616e743a20696e68657269743b20666f6e742d7765696768743a20696e68657269743b20666f6e742d737472657463683a20696e68657269743b206c696e652d6865696768743a20323070783b20666f6e742d66616d696c793a20696e68657269743b20766572746963616c2d616c69676e3a20626173656c696e653b223e3c666f6e742073697a653d2233223e496e646976696475616c20636c696d61746520636f6e74726f6c3c2f666f6e743e3c2f6c693e3c6c69207374796c653d226d617267696e3a203070783b2070616464696e673a203070783b20626f726465723a203070783b20666f6e742d7374796c653a20696e68657269743b20666f6e742d76617269616e743a20696e68657269743b20666f6e742d7765696768743a20696e68657269743b20666f6e742d737472657463683a20696e68657269743b206c696e652d6865696768743a20323070783b20666f6e742d66616d696c793a20696e68657269743b20766572746963616c2d616c69676e3a20626173656c696e653b223e3c666f6e742073697a653d2233223e4d696e6962617220616e6420726f6f6d20736572766963652028617661696c61626c6520323420686f757273293c2f666f6e743e3c2f6c693e3c6c69207374796c653d226d617267696e3a203070783b2070616464696e673a203070783b20626f726465723a203070783b20666f6e742d7374796c653a20696e68657269743b20666f6e742d76617269616e743a20696e68657269743b20666f6e742d7765696768743a20696e68657269743b20666f6e742d737472657463683a20696e68657269743b206c696e652d6865696768743a20323070783b20666f6e742d66616d696c793a20696e68657269743b20766572746963616c2d616c69676e3a20626173656c696e653b223e3c666f6e742073697a653d2233223e50686f6e6520776974682064697265637420696e7465726e6174696f6e616c206469616c696e673c2f666f6e743e3c2f6c693e3c2f756c3e, 0, '2018-10-10 10:39:04', '2018-10-10 13:02:12'),
(6, 11, 'Hollywood Twin Room', 2, 2, 4, '2000', 0x3c70207374796c653d226d617267696e2d72696768743a203070783b206d617267696e2d626f74746f6d3a20313070783b206d617267696e2d6c6566743a203070783b20666f6e742d73697a653a20313770783b20636f6c6f723a207267622835312c2035312c203531293b20666f6e742d66616d696c793a20414265655a65652c2073616e732d73657269663b20746578742d616c69676e3a206a7573746966793b223e4120726f6f6d20746861742063616e206163636f6d6d6f646174652074776f20706572736f6e7320776974682074776f207477696e2062656473206a6f696e656420746f676574686572206279206120636f6d6d6f6e2068656164626f6172642e204d6f7374206f66207468652062756467657420686f74656c732074656e6420746f2070726f76696465206d616e79206f6620746865736520726f6f6d2073657474696e677320776869636820636174657220626f746820636f75706c657320616e64207061727469657320696e2074776f2e3c2f703e3c70207374796c653d226d617267696e2d72696768743a203070783b206d617267696e2d626f74746f6d3a20313070783b206d617267696e2d6c6566743a203070783b20666f6e742d73697a653a20313770783b20636f6c6f723a207267622835312c2035312c203531293b20666f6e742d66616d696c793a20414265655a65652c2073616e732d73657269663b20746578742d616c69676e3a206a7573746966793b223e54686520726f6f6d2073697a65206f722061726561206f6620486f6c6c79776f6f64205477696e20526f6f6d73206172652067656e6572616c6c79206265747765656e203332206dc2b220746f203430206dc2b22e3c2f703e, 0, '2018-11-11 16:23:26', '2018-11-11 16:23:26'),
(7, 12, 'Breakfast included - Executive Twin Room', 2, 2, 4, '1000', 0x3c64697620636c6173733d226c6f6e674465736372697074696f6e22207374796c653d226d617267696e3a203070783b2070616464696e673a203070783b20636f6c6f723a207267622837342c2037342c203734293b20666f6e742d66616d696c793a20417269616c2c205461686f6d612c202671756f743b42697473747265616d20566572612053616e732671756f743b2c2073616e732d73657269663b223e3c70207374796c653d226d617267696e2d72696768743a203070783b206d617267696e2d626f74746f6d3a203070783b206d617267696e2d6c6566743a203070783b2070616464696e673a203070783b223e3c666f6e742073697a653d2233223e4169722d636f6e646974696f6e656420726f6f6d2077697468206120666c61742d73637265656e2054562c206d696e6962617220616e6420706572736f6e616c20736166652e20507269766174652062617468726f6f6d2068617320612073686f7765722e3c2f666f6e743e3c2f703e3c64697620636c6173733d2263616e63656c6c6174696f6e506f6c69637922207374796c653d226d617267696e3a203070783b2070616464696e673a203070783b223e3c64697620636c6173733d2273656374696f6e48656164657222207374796c653d226d617267696e3a203070783b2070616464696e673a203230707820307078203270783b20666f6e742d7765696768743a20626f6c643b223e3c666f6e742073697a653d2233223e43616e63656c6c6174696f6e20506f6c6963793c2f666f6e743e3c2f6469763e3c70207374796c653d226d617267696e2d72696768743a203070783b206d617267696e2d626f74746f6d3a203070783b206d617267696e2d6c6566743a203070783b2070616464696e673a203070783b223e3c666f6e742073697a653d2233223e596f752063616e2063616e63656c2066726565206f662063686172676520756e74696c20322064617973206265666f7265206172726976616c2e20596f75276c6c20626520636861726765642074686520746f74616c20707269636520696620796f752063616e63656c20696e2074686520322064617973206265666f7265206172726976616c2e3c2f666f6e743e3c2f703e3c2f6469763e3c64697620636c6173733d227061796d656e745465726d7322207374796c653d226d617267696e3a203070783b2070616464696e673a203070783b223e3c64697620636c6173733d2273656374696f6e48656164657222207374796c653d226d617267696e3a203070783b2070616464696e673a203230707820307078203270783b20666f6e742d7765696768743a20626f6c643b223e3c666f6e742073697a653d2233223e5061796d656e74205465726d733c2f666f6e743e3c2f6469763e3c70207374796c653d226d617267696e2d72696768743a203070783b206d617267696e2d626f74746f6d3a203070783b206d617267696e2d6c6566743a203070783b2070616464696e673a203070783b223e3c666f6e742073697a653d2233223e4e6f207072657061796d656e74206973206e65656465642e3c2f666f6e743e3c2f703e3c2f6469763e3c64697620636c6173733d226f74686572496e666f22207374796c653d226d617267696e3a203070783b2070616464696e673a203070783b223e3c64697620636c6173733d2273656374696f6e48656164657222207374796c653d226d617267696e3a203070783b2070616464696e673a203230707820307078203270783b20666f6e742d7765696768743a20626f6c643b223e3c666f6e742073697a653d2233223e4f7468657220496e666f726d6174696f6e3c2f666f6e743e3c2f6469763e3c666f6e742073697a653d2233223e3c756c3e3c6c693e416c6c206368696c6472656e206172652077656c636f6d652e204f6e65206368696c6420756e6465722031302079656172732073746179732066726565206f6620636861726765207768656e207573696e67206578697374696e6720626564732e204f6e65206f6c646572206368696c64206f72206164756c742069732063686172676564205553442032352070657220706572736f6e20706572206e6967687420696e20616e206578747261206265642e20546865206d6178696d756d206e756d626572206f66206578747261206265647320696e206120726f6f6d20697320312e205468657265206973206e6f20636170616369747920666f7220637269627320696e2074686520726f6f6d2e3c62723e3c2f6c693e3c6c693e5065747320617265206e6f7420616c6c6f7765642e3c62723e3c2f6c693e3c6c693e5769466920697320617661696c61626c6520696e20616c6c20617265617320616e642069732066726565206f66206368617267652e3c62723e3c2f6c693e3c6c693e467265652070726976617465207061726b696e6720697320617661696c61626c65206f6e207369746520287265736572766174696f6e206973206e6565646564292e3c62723e3c2f6c693e3c6c693e4775657374732061726520726571756972656420746f2073686f7720612070686f746f20494420616e642063726564697420636172642075706f6e20636865636b2d696e2e20506c65617365206e6f7465207468617420616c6c205370656369616c20526571756573747320617265207375626a65637420746f20617661696c6162696c69747920616e64206164646974696f6e616c2063686172676573206d6179206170706c792e3c62723e3c2f6c693e3c2f756c3e3c70207374796c653d226d617267696e2d72696768743a203070783b206d617267696e2d626f74746f6d3a203070783b206d617267696e2d6c6566743a203070783b2070616464696e673a203070783b20646973706c61793a20696e6c696e653b206c696e652d6865696768743a20323270783b223e3c2f703e3c2f666f6e743e3c2f6469763e3c646976207374796c653d22666f6e742d73697a653a20313270783b223e3c62723e3c2f6469763e3c70207374796c653d22666f6e742d73697a653a20313270783b206d617267696e2d72696768743a203070783b206d617267696e2d626f74746f6d3a203070783b206d617267696e2d6c6566743a203070783b2070616464696e673a203070783b223e3c2f703e3c2f6469763e3c64697620636c6173733d22726f6f6d466561747572657322207374796c653d226d617267696e3a203070782030707820313070783b2070616464696e673a203070783b2077696474683a2034303070783b20666c6f61743a206c6566743b20636f6c6f723a207267622837342c2037342c203734293b20666f6e742d66616d696c793a20417269616c2c205461686f6d612c202671756f743b42697473747265616d20566572612053616e732671756f743b2c2073616e732d73657269663b20666f6e742d73697a653a20313270783b223e3c64697620636c6173733d226d61784f63637570616e637922207374796c653d226d617267696e3a203070783b2070616464696e673a203070783b2077696474683a2031383070783b20666c6f61743a206c6566743b223e3c2f6469763e3c2f6469763e, 0, '2018-11-11 16:29:16', '2018-11-11 16:29:16'),
(8, 13, 'Deluxe King Room with City View', 2, 2, 4, '2500', 0x3c70207374796c653d226d617267696e2d72696768743a203070783b206d617267696e2d626f74746f6d3a20313570783b206d617267696e2d6c6566743a203070783b2070616464696e673a203070783b20746578742d616c69676e3a206a7573746966793b20636f6c6f723a2072676228302c20302c2030293b20666f6e742d66616d696c793a202671756f743b4f70656e2053616e732671756f743b2c20417269616c2c2073616e732d73657269663b223e3c666f6e742073697a653d2233223e436f6e747261727920746f20706f70756c61722062656c6965662c204c6f72656d20497073756d206973206e6f742073696d706c792072616e646f6d20746578742e2049742068617320726f6f747320696e2061207069656365206f6620636c6173736963616c204c6174696e206c6974657261747572652066726f6d2034352042432c206d616b696e67206974206f7665722032303030207965617273206f6c642e2052696368617264204d63436c696e746f636b2c2061204c6174696e2070726f666573736f722061742048616d7064656e2d5379646e657920436f6c6c65676520696e2056697267696e69612c206c6f6f6b6564207570206f6e65206f6620746865206d6f7265206f627363757265204c6174696e20776f7264732c20636f6e73656374657475722c2066726f6d2061204c6f72656d20497073756d20706173736167652c20616e6420676f696e67207468726f75676820746865206369746573206f662074686520776f726420696e20636c6173736963616c206c6974657261747572652c20646973636f76657265642074686520756e646f75627461626c6520736f757263652e204c6f72656d20497073756d20636f6d65732066726f6d2073656374696f6e7320312e31302e333220616e6420312e31302e3333206f66202264652046696e6962757320426f6e6f72756d206574204d616c6f72756d2220285468652045787472656d6573206f6620476f6f6420616e64204576696c292062792043696365726f2c207772697474656e20696e2034352042432e205468697320626f6f6b2069732061207472656174697365206f6e20746865207468656f7279206f66206574686963732c207665727920706f70756c617220647572696e67207468652052656e61697373616e63652e20546865206669727374206c696e65206f66204c6f72656d20497073756d2c20224c6f72656d20697073756d20646f6c6f722073697420616d65742e2e222c20636f6d65732066726f6d2061206c696e6520696e2073656374696f6e20312e31302e33322e3c2f666f6e743e3c2f703e3c70207374796c653d226d617267696e2d72696768743a203070783b206d617267696e2d626f74746f6d3a20313570783b206d617267696e2d6c6566743a203070783b2070616464696e673a203070783b20746578742d616c69676e3a206a7573746966793b20636f6c6f723a2072676228302c20302c2030293b20666f6e742d66616d696c793a202671756f743b4f70656e2053616e732671756f743b2c20417269616c2c2073616e732d73657269663b223e3c666f6e742073697a653d2233223e546865207374616e64617264206368756e6b206f66204c6f72656d20497073756d20757365642073696e63652074686520313530307320697320726570726f64756365642062656c6f7720666f722074686f736520696e74657265737465642e2053656374696f6e7320312e31302e333220616e6420312e31302e33332066726f6d202264652046696e6962757320426f6e6f72756d206574204d616c6f72756d222062792043696365726f2061726520616c736f20726570726f647563656420696e207468656972206578616374206f726967696e616c20666f726d2c206163636f6d70616e69656420627920456e676c6973682076657273696f6e732066726f6d207468652031393134207472616e736c6174696f6e20627920482e205261636b68616d2e3c2f666f6e743e3c2f703e, 0, '2018-11-11 16:41:14', '2018-11-11 16:41:14'),
(9, 15, 'Deluxe Twin Room', 4, 2, 8, '2000', 0x3c64697620636c6173733d2263616e63656c6c6174696f6e506f6c69637922207374796c653d226d617267696e3a203070783b2070616464696e673a203070783b20636f6c6f723a207267622837342c2037342c203734293b20666f6e742d66616d696c793a20417269616c2c205461686f6d612c202671756f743b42697473747265616d20566572612053616e732671756f743b2c2073616e732d73657269663b223e3c64697620636c6173733d2273656374696f6e48656164657222207374796c653d226d617267696e3a203070783b2070616464696e673a203230707820307078203270783b20666f6e742d7765696768743a20626f6c643b223e3c64697620636c6173733d2273656374696f6e48656164657222207374796c653d226d617267696e3a203070783b2070616464696e673a203230707820307078203270783b223e3c666f6e742073697a653d2233223e4465736372697074696f6e3c2f666f6e743e3c2f6469763e3c70207374796c653d226d617267696e2d72696768743a203070783b206d617267696e2d626f74746f6d3a203070783b206d617267696e2d6c6566743a203070783b2070616464696e673a203070783b20666f6e742d7765696768743a203430303b223e3c2f703e3c70207374796c653d226d617267696e2d72696768743a203070783b206d617267696e2d626f74746f6d3a203070783b206d617267696e2d6c6566743a203070783b2070616464696e673a203070783b20666f6e742d7765696768743a203430303b223e3c666f6e742073697a653d2233223e45616368206169722d636f6e646974696f6e656420726f6f6d20686572652077696c6c2070726f7669646520796f7520776974682061206361626c6520545620616e642061206d696e692d6261722e20546865726520697320616c736f20616e20656c656374726963206b6574746c652e20466561747572696e67206672656520746f696c6574726965732c20707269766174652062617468726f6f6d20616c736f20636f6d6573207769746820736c6970706572732e204974206f6666657273206164646974696f6e616c2073706163652e3c2f666f6e743e3c2f703e3c2f6469763e3c64697620636c6173733d2273656374696f6e48656164657222207374796c653d226d617267696e3a203070783b2070616464696e673a203230707820307078203270783b20666f6e742d7765696768743a20626f6c643b223e3c666f6e742073697a653d2233223e43616e63656c6c6174696f6e20506f6c6963793c2f666f6e743e3c2f6469763e3c70207374796c653d226d617267696e2d72696768743a203070783b206d617267696e2d626f74746f6d3a203070783b206d617267696e2d6c6566743a203070783b2070616464696e673a203070783b223e3c666f6e742073697a653d2233223e4e6f746520746861742069662063616e63656c65642c206d6f6469666965642c206f7220696e2063617365206f66206e6f2d73686f772c2074686520746f74616c207072696365206f6620746865207265736572766174696f6e2077696c6c20626520636861726765642e3c2f666f6e743e3c2f703e3c2f6469763e3c64697620636c6173733d227061796d656e745465726d7322207374796c653d226d617267696e3a203070783b2070616464696e673a203070783b20636f6c6f723a207267622837342c2037342c203734293b20666f6e742d66616d696c793a20417269616c2c205461686f6d612c202671756f743b42697473747265616d20566572612053616e732671756f743b2c2073616e732d73657269663b223e3c64697620636c6173733d2273656374696f6e48656164657222207374796c653d226d617267696e3a203070783b2070616464696e673a203230707820307078203270783b20666f6e742d7765696768743a20626f6c643b223e3c666f6e742073697a653d2233223e5061796d656e74205465726d733c2f666f6e743e3c2f6469763e3c70207374796c653d226d617267696e2d72696768743a203070783b206d617267696e2d626f74746f6d3a203070783b206d617267696e2d6c6566743a203070783b2070616464696e673a203070783b223e3c666f6e742073697a653d2233223e596f75276c6c20626520636861726765642061207072657061796d656e74206f662074686520746f74616c20707269636520617420616e792074696d652e3c2f666f6e743e3c2f703e3c2f6469763e3c64697620636c6173733d226f74686572496e666f22207374796c653d226d617267696e3a203070783b2070616464696e673a203070783b20636f6c6f723a207267622837342c2037342c203734293b20666f6e742d66616d696c793a20417269616c2c205461686f6d612c202671756f743b42697473747265616d20566572612053616e732671756f743b2c2073616e732d73657269663b223e3c64697620636c6173733d2273656374696f6e48656164657222207374796c653d226d617267696e3a203070783b2070616464696e673a203230707820307078203270783b20666f6e742d7765696768743a20626f6c643b223e3c666f6e742073697a653d2233223e4f7468657220496e666f726d6174696f6e3c2f666f6e743e3c2f6469763e3c666f6e742073697a653d2233223e3c70207374796c653d226d617267696e2d72696768743a203070783b206d617267696e2d626f74746f6d3a203070783b206d617267696e2d6c6566743a203070783b2070616464696e673a203070783b20646973706c61793a20696e6c696e653b206c696e652d6865696768743a20323270783b223e3c2f703e3c2f666f6e743e3c756c207374796c653d226d617267696e2d72696768743a203070783b206d617267696e2d626f74746f6d3a203070783b206d617267696e2d6c6566743a203070783b2070616464696e673a203070783b206c6973742d7374796c653a206e6f6e653b223e3c6c69207374796c653d226d617267696e3a203070783b2070616464696e673a203070783b223e3c70207374796c653d226d617267696e2d72696768743a203070783b206d617267696e2d626f74746f6d3a203070783b206d617267696e2d6c6566743a203070783b2070616464696e673a203070783b20646973706c61793a20696e6c696e653b206c696e652d6865696768743a20323270783b223e3c666f6e742073697a653d2233223e416c6c206368696c6472656e206172652077656c636f6d652e204f6e65206368696c6420756e64657220352079656172732073746179732066726565206f6620636861726765207768656e207573696e67206578697374696e6720626564732e205468657265206973206e6f20636170616369747920666f72206578747261206265647320696e2074686520726f6f6d2e3c2f666f6e743e3c2f703e3c2f6c693e3c6c69207374796c653d226d617267696e3a203070783b2070616464696e673a203070783b223e3c70207374796c653d226d617267696e2d72696768743a203070783b206d617267696e2d626f74746f6d3a203070783b206d617267696e2d6c6566743a203070783b2070616464696e673a203070783b20646973706c61793a20696e6c696e653b206c696e652d6865696768743a20323270783b223e3c666f6e742073697a653d2233223e5065747320617265206e6f7420616c6c6f7765642e3c2f666f6e743e3c2f703e3c2f6c693e3c6c69207374796c653d226d617267696e3a203070783b2070616464696e673a203070783b223e3c70207374796c653d226d617267696e2d72696768743a203070783b206d617267696e2d626f74746f6d3a203070783b206d617267696e2d6c6566743a203070783b2070616464696e673a203070783b20646973706c61793a20696e6c696e653b206c696e652d6865696768743a20323270783b223e3c666f6e742073697a653d2233223e5769466920697320617661696c61626c6520696e2074686520686f74656c20726f6f6d7320616e642069732066726565206f66206368617267652e3c2f666f6e743e3c2f703e3c2f6c693e3c6c69207374796c653d226d617267696e3a203070783b2070616464696e673a203070783b223e3c70207374796c653d226d617267696e2d72696768743a203070783b206d617267696e2d626f74746f6d3a203070783b206d617267696e2d6c6566743a203070783b2070616464696e673a203070783b20646973706c61793a20696e6c696e653b206c696e652d6865696768743a20323270783b223e3c666f6e742073697a653d2233223e467265652070726976617465207061726b696e6720697320617661696c61626c65206f6e207369746520287265736572766174696f6e206973206e6565646564292e3c2f666f6e743e3c2f703e3c2f6c693e3c6c69207374796c653d226d617267696e3a203070783b2070616464696e673a203070783b223e3c70207374796c653d226d617267696e2d72696768743a203070783b206d617267696e2d626f74746f6d3a203070783b206d617267696e2d6c6566743a203070783b2070616464696e673a203070783b20646973706c61793a20696e6c696e653b206c696e652d6865696768743a20323270783b223e3c666f6e742073697a653d2233223e4775657374732061726520726571756972656420746f2073686f7720612070686f746f20494420616e642063726564697420636172642075706f6e20636865636b2d696e2e20506c65617365206e6f7465207468617420616c6c205370656369616c20526571756573747320617265207375626a65637420746f20617661696c6162696c69747920616e64206164646974696f6e616c2063686172676573206d6179206170706c792e20506c65617365206e6f74652074686174207468652070726f7065727479206f666665727320616972706f7274207472616e7366657220617420616e206164646974696f6e616c20636f73742e20466f72206d6f72652064657461696c732c206775657374732063616e20636f6e74616374207468652070726f70657274792e3c2f666f6e743e3c2f703e3c2f6c693e3c2f756c3e3c2f6469763e, 0, '2018-11-11 17:06:35', '2018-11-11 17:06:35'),
(10, 14, 'Breakfast included - Deluxe Twin Room', 4, 2, 8, '2500', 0x3c64697620636c6173733d2273656374696f6e48656164657222207374796c653d226d617267696e3a203070783b2070616464696e673a203230707820307078203270783b20666f6e742d7765696768743a20626f6c643b20636f6c6f723a207267622837342c2037342c203734293b20666f6e742d66616d696c793a20417269616c2c205461686f6d612c202671756f743b42697473747265616d20566572612053616e732671756f743b2c2073616e732d73657269663b223e3c666f6e742073697a653d2233223e4465736372697074696f6e3c2f666f6e743e3c2f6469763e3c70207374796c653d226d617267696e2d72696768743a203070783b206d617267696e2d626f74746f6d3a203070783b206d617267696e2d6c6566743a203070783b2070616464696e673a203070783b20636f6c6f723a207267622837342c2037342c203734293b20666f6e742d66616d696c793a20417269616c2c205461686f6d612c202671756f743b42697473747265616d20566572612053616e732671756f743b2c2073616e732d73657269663b223e3c2f703e3c70207374796c653d226d617267696e2d72696768743a203070783b206d617267696e2d626f74746f6d3a203070783b206d617267696e2d6c6566743a203070783b2070616464696e673a203070783b20636f6c6f723a207267622837342c2037342c203734293b20666f6e742d66616d696c793a20417269616c2c205461686f6d612c202671756f743b42697473747265616d20566572612053616e732671756f743b2c2073616e732d73657269663b223e3c666f6e742073697a653d2233223e45616368206169722d636f6e646974696f6e656420726f6f6d20686572652077696c6c2070726f7669646520796f7520776974682061206361626c6520545620616e642061206d696e692d6261722e20546865726520697320616c736f20616e20656c656374726963206b6574746c652e20466561747572696e67206672656520746f696c6574726965732c20707269766174652062617468726f6f6d20616c736f20636f6d6573207769746820736c6970706572732e204974206f6666657273206164646974696f6e616c2073706163652e3c2f666f6e743e3c2f703e3c64697620636c6173733d2263616e63656c6c6174696f6e506f6c69637922207374796c653d226d617267696e3a203070783b2070616464696e673a203070783b20636f6c6f723a207267622837342c2037342c203734293b20666f6e742d66616d696c793a20417269616c2c205461686f6d612c202671756f743b42697473747265616d20566572612053616e732671756f743b2c2073616e732d73657269663b223e3c64697620636c6173733d2273656374696f6e48656164657222207374796c653d226d617267696e3a203070783b2070616464696e673a203230707820307078203270783b20666f6e742d7765696768743a20626f6c643b223e3c666f6e742073697a653d2233223e43616e63656c6c6174696f6e20506f6c6963793c2f666f6e743e3c2f6469763e3c70207374796c653d226d617267696e2d72696768743a203070783b206d617267696e2d626f74746f6d3a203070783b206d617267696e2d6c6566743a203070783b2070616464696e673a203070783b223e3c666f6e742073697a653d2233223e4e6f746520746861742069662063616e63656c65642c206d6f6469666965642c206f7220696e2063617365206f66206e6f2d73686f772c2074686520746f74616c207072696365206f6620746865207265736572766174696f6e2077696c6c20626520636861726765642e3c2f666f6e743e3c2f703e3c2f6469763e3c64697620636c6173733d227061796d656e745465726d7322207374796c653d226d617267696e3a203070783b2070616464696e673a203070783b20636f6c6f723a207267622837342c2037342c203734293b20666f6e742d66616d696c793a20417269616c2c205461686f6d612c202671756f743b42697473747265616d20566572612053616e732671756f743b2c2073616e732d73657269663b223e3c64697620636c6173733d2273656374696f6e48656164657222207374796c653d226d617267696e3a203070783b2070616464696e673a203230707820307078203270783b20666f6e742d7765696768743a20626f6c643b223e3c666f6e742073697a653d2233223e5061796d656e74205465726d733c2f666f6e743e3c2f6469763e3c70207374796c653d226d617267696e2d72696768743a203070783b206d617267696e2d626f74746f6d3a203070783b206d617267696e2d6c6566743a203070783b2070616464696e673a203070783b223e3c666f6e742073697a653d2233223e596f75276c6c20626520636861726765642061207072657061796d656e74206f662074686520746f74616c20707269636520617420616e792074696d652e3c2f666f6e743e3c2f703e3c2f6469763e3c64697620636c6173733d226f74686572496e666f22207374796c653d226d617267696e3a203070783b2070616464696e673a203070783b20636f6c6f723a207267622837342c2037342c203734293b20666f6e742d66616d696c793a20417269616c2c205461686f6d612c202671756f743b42697473747265616d20566572612053616e732671756f743b2c2073616e732d73657269663b223e3c64697620636c6173733d2273656374696f6e48656164657222207374796c653d226d617267696e3a203070783b2070616464696e673a203230707820307078203270783b20666f6e742d7765696768743a20626f6c643b223e3c666f6e742073697a653d2233223e4f7468657220496e666f726d6174696f6e3c2f666f6e743e3c2f6469763e3c666f6e742073697a653d2233223e3c70207374796c653d226d617267696e2d72696768743a203070783b206d617267696e2d626f74746f6d3a203070783b206d617267696e2d6c6566743a203070783b2070616464696e673a203070783b20646973706c61793a20696e6c696e653b206c696e652d6865696768743a20323270783b223e3c2f703e3c2f666f6e743e3c756c207374796c653d226d617267696e2d72696768743a203070783b206d617267696e2d626f74746f6d3a203070783b206d617267696e2d6c6566743a203070783b2070616464696e673a203070783b206c6973742d7374796c653a206e6f6e653b223e3c6c69207374796c653d226d617267696e3a203070783b2070616464696e673a203070783b223e3c70207374796c653d226d617267696e2d72696768743a203070783b206d617267696e2d626f74746f6d3a203070783b206d617267696e2d6c6566743a203070783b2070616464696e673a203070783b20646973706c61793a20696e6c696e653b206c696e652d6865696768743a20323270783b223e3c666f6e742073697a653d2233223e416c6c206368696c6472656e206172652077656c636f6d652e204f6e65206368696c6420756e64657220352079656172732073746179732066726565206f6620636861726765207768656e207573696e67206578697374696e6720626564732e205468657265206973206e6f20636170616369747920666f72206578747261206265647320696e2074686520726f6f6d2e3c2f666f6e743e3c2f703e3c2f6c693e3c6c69207374796c653d226d617267696e3a203070783b2070616464696e673a203070783b223e3c70207374796c653d226d617267696e2d72696768743a203070783b206d617267696e2d626f74746f6d3a203070783b206d617267696e2d6c6566743a203070783b2070616464696e673a203070783b20646973706c61793a20696e6c696e653b206c696e652d6865696768743a20323270783b223e3c666f6e742073697a653d2233223e5065747320617265206e6f7420616c6c6f7765642e3c2f666f6e743e3c2f703e3c2f6c693e3c6c69207374796c653d226d617267696e3a203070783b2070616464696e673a203070783b223e3c70207374796c653d226d617267696e2d72696768743a203070783b206d617267696e2d626f74746f6d3a203070783b206d617267696e2d6c6566743a203070783b2070616464696e673a203070783b20646973706c61793a20696e6c696e653b206c696e652d6865696768743a20323270783b223e3c666f6e742073697a653d2233223e5769466920697320617661696c61626c6520696e2074686520686f74656c20726f6f6d7320616e642069732066726565206f66206368617267652e3c2f666f6e743e3c2f703e3c2f6c693e3c6c69207374796c653d226d617267696e3a203070783b2070616464696e673a203070783b223e3c70207374796c653d226d617267696e2d72696768743a203070783b206d617267696e2d626f74746f6d3a203070783b206d617267696e2d6c6566743a203070783b2070616464696e673a203070783b20646973706c61793a20696e6c696e653b206c696e652d6865696768743a20323270783b223e3c666f6e742073697a653d2233223e467265652070726976617465207061726b696e6720697320617661696c61626c65206f6e207369746520287265736572766174696f6e206973206e6565646564292e3c2f666f6e743e3c2f703e3c2f6c693e3c6c69207374796c653d226d617267696e3a203070783b2070616464696e673a203070783b223e3c70207374796c653d226d617267696e2d72696768743a203070783b206d617267696e2d626f74746f6d3a203070783b206d617267696e2d6c6566743a203070783b2070616464696e673a203070783b20646973706c61793a20696e6c696e653b206c696e652d6865696768743a20323270783b223e3c666f6e742073697a653d2233223e4775657374732061726520726571756972656420746f2073686f7720612070686f746f20494420616e642063726564697420636172642075706f6e20636865636b2d696e2e20506c65617365206e6f7465207468617420616c6c205370656369616c20526571756573747320617265207375626a65637420746f20617661696c6162696c69747920616e64206164646974696f6e616c2063686172676573206d6179206170706c792e20506c65617365206e6f74652074686174207468652070726f7065727479206f666665727320616972706f7274207472616e7366657220617420616e206164646974696f6e616c20636f73742e20466f72206d6f72652064657461696c732c206775657374732063616e20636f6e74616374207468652070726f70657274792e3c2f666f6e743e3c2f703e3c2f6c693e3c2f756c3e3c2f6469763e, 0, '2018-11-11 17:09:25', '2018-11-11 17:09:25');

-- --------------------------------------------------------

--
-- Table structure for table `room_bookings`
--

CREATE TABLE `room_bookings` (
  `id` int(11) NOT NULL,
  `room_id` int(11) DEFAULT NULL,
  `user_id` int(11) DEFAULT NULL,
  `payment` varchar(255) DEFAULT NULL,
  `checkin_date` varchar(255) DEFAULT NULL,
  `duration` int(11) DEFAULT NULL,
  `status` int(3) NOT NULL DEFAULT 0,
  `message` text DEFAULT NULL,
  `created_at` timestamp NULL DEFAULT NULL,
  `updated_at` timestamp NULL DEFAULT NULL
) ENGINE=InnoDB DEFAULT CHARSET=latin1;

--
-- Dumping data for table `room_bookings`
--

INSERT INTO `room_bookings` (`id`, `room_id`, `user_id`, `payment`, `checkin_date`, `duration`, `status`, `message`, `created_at`, `updated_at`) VALUES
(1, 1, 6, '2500', '2018-09-28', 4, 0, NULL, '2018-09-25 06:36:08', '2018-10-04 03:24:41'),
(2, 1, 3, '2500', '2018-10-04', 4, 0, NULL, '2018-09-25 07:24:44', '2018-10-04 03:25:10'),
(3, 1, 4, '2500', '2018-10-17', 5, 0, NULL, '2018-09-25 07:31:45', '2018-10-04 03:24:53'),
(6, 3, 6, '1500', '2018-10-16', 5, 0, 'Lorem Ipsum is simply dummy text of the printing and typesetting industry.', '2018-10-02 05:08:03', '2018-10-10 10:57:54'),
(7, 4, 6, '12000', '2018-10-12', 3, 0, NULL, '2018-10-06 00:35:40', '2018-10-06 00:35:40'),
(8, 3, 6, '1500', '2018-10-23', 3, 0, NULL, '2018-10-07 03:24:57', '2018-10-07 03:24:57'),
(9, 3, 6, '1500', '2018-11-05', 3, 0, NULL, '2018-10-07 03:25:29', '2018-10-07 03:25:29'),
(10, 3, 6, '1500', '2018-10-29', 2, 0, NULL, '2018-10-07 03:26:32', '2018-10-10 10:57:36'),
(11, 1, 6, '2500', '2018-11-14', 4, 0, NULL, '2018-10-09 20:52:39', '2018-10-09 20:52:39'),
(12, 5, 11, '2500', '2018-10-19', 6, 0, NULL, '2018-10-10 12:13:09', '2018-10-10 12:13:09'),
(13, 4, 11, '12000', '2018-10-19', 2, 0, NULL, '2018-10-10 12:22:45', '2018-10-10 12:22:45'),
(14, 6, 6, '2000', '2018-11-17', 4, 0, NULL, '2018-11-11 18:03:53', '2018-11-11 18:03:53'),
(15, 8, 6, '2500', '2018-12-10', 4, 0, NULL, '2018-11-11 18:04:45', '2018-11-11 18:04:45'),
(16, 10, 6, '2500', '2018-11-27', 4, -1, 'reject this please', '2018-11-12 17:17:52', '2018-11-12 18:09:22'),
(17, 10, 6, '2500', '2018-12-04', 5, 0, NULL, '2018-11-12 17:18:41', '2018-11-12 17:18:41'),
(18, 10, 6, '2500', '2018-11-15', 7, 0, NULL, '2018-11-12 17:27:21', '2018-11-12 18:05:00'),
(19, 1, 6, '2500', '2018-11-26', 4, 0, NULL, '2018-11-12 17:30:57', '2018-11-12 17:30:57');

-- --------------------------------------------------------

--
-- Table structure for table `room_imgs`
--

CREATE TABLE `room_imgs` (
  `id` int(11) NOT NULL,
  `room_id` int(11) DEFAULT NULL,
  `image` varchar(255) DEFAULT NULL,
  `created_at` timestamp NULL DEFAULT NULL,
  `updated_at` timestamp NULL DEFAULT NULL
) ENGINE=InnoDB DEFAULT CHARSET=latin1;

--
-- Dumping data for table `room_imgs`
--

INSERT INTO `room_imgs` (`id`, `room_id`, `image`, `created_at`, `updated_at`) VALUES
(20, 5, '5be7db7f8cfd2.jpg', '2018-11-11 13:34:23', '2018-11-11 13:34:23'),
(21, 5, '5be7db7fcb10a.jpg', '2018-11-11 13:34:23', '2018-11-11 13:34:23'),
(22, 5, '5be7db7fd1979.jpg', '2018-11-11 13:34:23', '2018-11-11 13:34:23'),
(23, 4, '5be7dbe9b580d.jpg', '2018-11-11 13:36:09', '2018-11-11 13:36:09'),
(24, 4, '5be7dbe9d7174.jpg', '2018-11-11 13:36:09', '2018-11-11 13:36:09'),
(25, 4, '5be7dbe9f3121.jpg', '2018-11-11 13:36:10', '2018-11-11 13:36:10'),
(26, 2, '5be7dc13000cd.jpg', '2018-11-11 13:36:51', '2018-11-11 13:36:51'),
(27, 2, '5be7dc131d7ff.jpg', '2018-11-11 13:36:51', '2018-11-11 13:36:51'),
(28, 2, '5be7dc1323f9f.jpg', '2018-11-11 13:36:51', '2018-11-11 13:36:51'),
(29, 3, '5be7dc32c00a8.jpg', '2018-11-11 13:37:22', '2018-11-11 13:37:22'),
(30, 3, '5be7dc32c751a.jpg', '2018-11-11 13:37:22', '2018-11-11 13:37:22'),
(31, 3, '5be7dc32cdcc3.jpg', '2018-11-11 13:37:22', '2018-11-11 13:37:22'),
(32, 1, '5be7dc542f9a9.jpg', '2018-11-11 13:37:56', '2018-11-11 13:37:56'),
(33, 1, '5be7dc5436e36.jpg', '2018-11-11 13:37:56', '2018-11-11 13:37:56'),
(34, 1, '5be7dc543d97c.jpg', '2018-11-11 13:37:56', '2018-11-11 13:37:56'),
(35, 6, '5be8031ec1b03.jpg', '2018-11-11 16:23:26', '2018-11-11 16:23:26'),
(36, 6, '5be8031ee358f.jpg', '2018-11-11 16:23:27', '2018-11-11 16:23:27'),
(37, 6, '5be8031f0b43d.jpg', '2018-11-11 16:23:27', '2018-11-11 16:23:27'),
(38, 7, '5be8047cdcdcd.jpg', '2018-11-11 16:29:16', '2018-11-11 16:29:16'),
(39, 7, '5be8047ce4640.jpg', '2018-11-11 16:29:16', '2018-11-11 16:29:16'),
(40, 7, '5be8047ceb23a.jpg', '2018-11-11 16:29:16', '2018-11-11 16:29:16'),
(41, 7, '5be8047cf1781.jpg', '2018-11-11 16:29:17', '2018-11-11 16:29:17'),
(42, 8, '5be8074a30a0d.jpg', '2018-11-11 16:41:14', '2018-11-11 16:41:14'),
(43, 8, '5be8074a71096.jpg', '2018-11-11 16:41:14', '2018-11-11 16:41:14'),
(44, 8, '5be8074a77810.jpg', '2018-11-11 16:41:14', '2018-11-11 16:41:14'),
(45, 8, '5be8074a7e097.jpg', '2018-11-11 16:41:14', '2018-11-11 16:41:14'),
(46, 8, '5be8074a8455e.jpg', '2018-11-11 16:41:14', '2018-11-11 16:41:14'),
(47, 9, '5be80d3bcb64e.jpg', '2018-11-11 17:06:36', '2018-11-11 17:06:36'),
(48, 9, '5be80d3c1771c.jpg', '2018-11-11 17:06:36', '2018-11-11 17:06:36'),
(49, 9, '5be80d3c33ea4.jpg', '2018-11-11 17:06:36', '2018-11-11 17:06:36'),
(50, 9, '5be80d3c3a6f3.jpg', '2018-11-11 17:06:36', '2018-11-11 17:06:36'),
(51, 9, '5be80d3c40eb9.jpg', '2018-11-11 17:06:36', '2018-11-11 17:06:36'),
(52, 10, '5be80de575559.jpg', '2018-11-11 17:09:25', '2018-11-11 17:09:25'),
(53, 10, '5be80de59750f.jpg', '2018-11-11 17:09:25', '2018-11-11 17:09:25'),
(54, 10, '5be80de59de7b.jpg', '2018-11-11 17:09:25', '2018-11-11 17:09:25'),
(55, 10, '5be80de5a45c5.jpg', '2018-11-11 17:09:25', '2018-11-11 17:09:25'),
(56, 10, '5be80de5aaeb3.jpg', '2018-11-11 17:09:25', '2018-11-11 17:09:25');

-- --------------------------------------------------------

--
-- Table structure for table `room_reviews`
--

CREATE TABLE `room_reviews` (
  `id` int(11) NOT NULL,
  `room_id` int(11) DEFAULT NULL,
  `user_id` int(11) DEFAULT NULL,
  `rating` varchar(255) DEFAULT NULL,
  `comment` text DEFAULT NULL,
  `created_at` timestamp NULL DEFAULT NULL,
  `updated_at` timestamp NULL DEFAULT NULL
) ENGINE=InnoDB DEFAULT CHARSET=latin1;

--
-- Dumping data for table `room_reviews`
--

INSERT INTO `room_reviews` (`id`, `room_id`, `user_id`, `rating`, `comment`, `created_at`, `updated_at`) VALUES
(1, 1, 6, '4.5', 'Lorem ipsum dolor sit amet, consectetur adipiscing elit. Phasellus bibendum massa non dictum aliquam. Suspendisse tristique erat nibh, a euismod nulla imperdiet ut. Suspendisse rhoncus eleifend fermentum. Duis iaculis, quam in aliquam rutrum, augue tellus hendrerit leo, nec ultrices risus', '2018-09-20 06:58:40', '2018-09-20 06:58:40'),
(2, 3, 9, '4', 'awesome service', '2018-10-07 00:03:13', '2018-10-07 00:03:13'),
(3, 3, 9, '4.5', 'joss hoise', '2018-10-07 00:07:01', '2018-10-07 00:07:01'),
(4, 4, 6, '4.2', 'vala na', '2018-10-07 01:11:04', '2018-10-07 01:11:04'),
(7, 2, 6, '3.8', 'average', '2018-10-09 01:28:37', '2018-10-09 01:28:37'),
(8, 3, 6, '4', 'valo', '2018-10-09 01:47:35', '2018-10-09 01:47:35');

-- --------------------------------------------------------

--
-- Table structure for table `sliders`
--

CREATE TABLE `sliders` (
  `id` int(10) UNSIGNED NOT NULL,
  `image` varchar(191) COLLATE utf8mb4_unicode_ci DEFAULT NULL,
  `small_text` varchar(191) COLLATE utf8mb4_unicode_ci DEFAULT NULL,
  `bold_text` text COLLATE utf8mb4_unicode_ci DEFAULT NULL,
  `created_at` timestamp NULL DEFAULT NULL,
  `updated_at` timestamp NULL DEFAULT NULL
) ENGINE=InnoDB DEFAULT CHARSET=utf8mb4 COLLATE=utf8mb4_unicode_ci;

--
-- Dumping data for table `sliders`
--

INSERT INTO `sliders` (`id`, `image`, `small_text`, `bold_text`, `created_at`, `updated_at`) VALUES
(23, NULL, 'There are many variations of passages of Lorem Ipsum available, but the majority have suffered alteration in some njected randomised words.', 'Refresh and Relax', '2018-10-06 03:09:33', '2018-10-06 03:09:33'),
(24, NULL, 'There are many variations of passages of Lorem Ipsum available, but the majority have suffered alteration in some njected randomised words.', 'Refresh and Ride', '2018-10-06 03:09:56', '2018-10-06 03:09:56'),
(25, NULL, 'There are many variations of passages of Lorem Ipsum available, but the majority have suffered alteration in some njected randomised words.', 'Refresh and True', '2018-10-06 03:10:07', '2018-10-06 03:10:07');

-- --------------------------------------------------------

--
-- Table structure for table `socials`
--

CREATE TABLE `socials` (
  `id` int(11) NOT NULL,
  `fontawesome_code` varchar(255) DEFAULT NULL,
  `url` varchar(255) DEFAULT NULL,
  `created_at` timestamp NULL DEFAULT NULL,
  `updated_at` timestamp NULL DEFAULT NULL
) ENGINE=InnoDB DEFAULT CHARSET=latin1;

--
-- Dumping data for table `socials`
--

INSERT INTO `socials` (`id`, `fontawesome_code`, `url`, `created_at`, `updated_at`) VALUES
(7, 'facebook', 'https://www.facebook.com/', '2018-11-12 13:14:58', '2018-11-12 13:14:58'),
(8, 'twitter', 'https://twitter.com/', '2018-11-12 13:15:22', '2018-11-12 13:15:22'),
(9, 'linkedin', 'https://linkedin.com', '2018-11-12 13:15:35', '2018-11-12 13:15:35');

-- --------------------------------------------------------

--
-- Table structure for table `subscribers`
--

CREATE TABLE `subscribers` (
  `id` int(11) NOT NULL,
  `email` varchar(255) DEFAULT NULL,
  `created_at` timestamp NULL DEFAULT NULL,
  `updated_at` timestamp NULL DEFAULT NULL
) ENGINE=InnoDB DEFAULT CHARSET=latin1;

--
-- Dumping data for table `subscribers`
--

INSERT INTO `subscribers` (`id`, `email`, `created_at`, `updated_at`) VALUES
(2, 'pratik.anwar@gmail.com', '2018-06-10 00:18:21', '2018-06-10 00:18:21'),
(3, 'saadat@gmail.com', '2018-06-20 23:59:16', '2018-06-20 23:59:16'),
(4, 'ronnie@gmail.com', '2018-07-07 05:19:24', '2018-07-07 05:19:24'),
(5, 'shihab@example.com', '2018-08-01 05:00:34', '2018-08-01 05:00:34'),
(6, 'pial@gmail.com', '2018-10-06 01:30:38', '2018-10-06 01:30:38');

-- --------------------------------------------------------

--
-- Table structure for table `transactions`
--

CREATE TABLE `transactions` (
  `id` int(11) NOT NULL,
  `user_id` int(11) DEFAULT NULL,
  `details` varchar(255) DEFAULT NULL,
  `amount` varchar(255) DEFAULT NULL,
  `trx_id` varchar(255) DEFAULT NULL,
  `after_balance` varchar(255) DEFAULT NULL,
  `created_at` timestamp NULL DEFAULT NULL,
  `updated_at` timestamp NULL DEFAULT NULL
) ENGINE=InnoDB DEFAULT CHARSET=latin1;

--
-- Dumping data for table `transactions`
--

INSERT INTO `transactions` (`id`, `user_id`, `details`, `amount`, `trx_id`, `after_balance`, `created_at`, `updated_at`) VALUES
(107, 7, 'Deposit via Credit Card', '3000', 'HJExPb99hbZX5Qqh', '5000', '2018-09-13 06:24:01', '2018-09-13 06:24:01'),
(108, 7, 'Bought Standard package', '500', 'pdthXyLZTJuS1eLN', '4500', '2018-09-13 06:24:13', '2018-09-13 06:24:13'),
(109, 7, 'Deposit Via Islami Bank', '1000', 'J94OnEVjVaxtZ8Fr', '7000', '2018-09-13 06:38:25', '2018-09-13 06:38:25'),
(110, 8, 'Deposit via Credit Card', '6000', 'LeTnCIsiBC8lkrkh', '6000', '2018-09-17 05:40:57', '2018-09-17 05:40:57'),
(111, 5, 'Deposit via Credit Card', '4000', 'tNaxPEhIWLv5RSXR', '4000', '2018-09-26 01:45:56', '2018-09-26 01:45:56'),
(112, 9, 'Deposit via Credit Card', '50000', 'sIDUiWhjHMaiC9jg', '50000', '2018-09-26 02:26:04', '2018-09-26 02:26:04'),
(113, 6, 'Deposit via Credit Card', '4090', 'DPrfeDZs6HYmliUH', '4190', '2018-10-01 04:35:17', '2018-10-01 04:35:17'),
(114, 6, 'Deposit via Credit Card', '50000', 'jZr9peHQG3Tkaowz', '50090', '2018-10-02 07:04:22', '2018-10-02 07:04:22'),
(115, 6, 'Deposit via Credit Card', '50000', 'J8zVM9yfvFhXUglw', '60190', '2018-10-06 00:35:28', '2018-10-06 00:35:28'),
(116, 6, 'Deposit via Credit Card', '2500', 'nYYELkuExVFkE7B3', '40190', '2018-10-07 03:11:45', '2018-10-07 03:11:45'),
(117, 8, 'Deposit Via DBBL', '600', 'S7M4NvR8PhteZgKw', '6600', '2018-10-07 03:13:19', '2018-10-07 03:13:19'),
(118, 6, 'Deposit Via AB Bank', '1000', 'y4LlTiAwqunUnPoP', '41190', '2018-10-07 03:14:00', '2018-10-07 03:14:00'),
(119, 6, 'Booked Room', '4500', 'OQras0tp8rIIo5B8', '32190', '2018-10-07 03:25:29', '2018-10-07 03:25:29'),
(120, 6, 'Booked Room', '3000', 'RyYZvkIIcpU63sC4', '29190', '2018-10-07 03:26:32', '2018-10-07 03:26:32'),
(121, 6, 'Booked Lounge', '3600', 'USMQtAayvrsEDewj', '21990', '2018-10-07 03:37:32', '2018-10-07 03:37:32'),
(122, 6, 'Booked Lounge', '2400', 'eUDprZzyzfCkYd4a', '19590', '2018-10-07 03:39:10', '2018-10-07 03:39:10'),
(123, 6, 'Booked Pickup Car', '600', 'xrP9MlYWXnRWncla', '18990', '2018-10-07 03:41:25', '2018-10-07 03:41:25'),
(124, 6, 'Booked Rent Car', '6000', '8n0vC10wePSZGWSI', '6990', '2018-10-07 03:46:16', '2018-10-07 03:46:16'),
(125, 6, 'Deposit via Credit Card', '50000', 'b2UZQn6ypsuXDJFt', '56990', '2018-10-07 03:47:05', '2018-10-07 03:47:05'),
(126, 6, 'Booked Package', '9800', 'VMilfscOcHvoYnGp', '47190', '2018-10-07 04:27:34', '2018-10-07 04:27:34'),
(127, 6, 'Package Booking Rejected', '9800', 'jKcBhFoDBdGgdslj', '56990', '2018-10-07 04:40:43', '2018-10-07 04:40:43'),
(128, 6, 'Package Booking re-accepted', '9800', 'bKgk9pzNJpYskVsV', '47190', '2018-10-07 05:26:11', '2018-10-07 05:26:11'),
(129, 6, 'Room Booking rejected', '3000', 's0j0RMcfwkvuD6a1', '50190', '2018-10-07 05:31:32', '2018-10-07 05:31:32'),
(130, 6, 'Room Booking re-accepted', '3000', 'CPa5GVJJ2JF22tcv', '47190', '2018-10-07 05:32:21', '2018-10-07 05:32:21'),
(131, 6, 'Lounge Booking rejected', '2400', 'pmj16x8gpLJC6Lmb', '49590', '2018-10-07 05:35:09', '2018-10-07 05:35:09'),
(132, 6, 'Lounge Booking re-accepted', '2400', 'NEGCrDHho5uYENug', '47190', '2018-10-07 05:36:19', '2018-10-07 05:36:19'),
(133, 6, 'Lounge Booking rejected', '2400', 'kVWbcjSRHGzKBQ9E', '49590', '2018-10-07 05:38:41', '2018-10-07 05:38:41'),
(134, 6, 'Lounge Booking re-accepted', '2400', 'KcDh3jFRoflcvtMq', '47190', '2018-10-07 05:39:32', '2018-10-07 05:39:32'),
(135, 6, 'Rent Car Booking rejected', '6000', 'zBkoOO2q34f8Rxhc', '53190', '2018-10-07 05:39:45', '2018-10-07 05:39:45'),
(136, 6, 'Rent Car Booking re-accepted', '6000', 'gwvGQHhcDj4wFd1A', '47190', '2018-10-07 05:39:59', '2018-10-07 05:39:59'),
(137, 6, 'Pickup Car Booking rejected', '600', 'nbJfXw4JbZysFsQ0', '47790', '2018-10-07 05:42:24', '2018-10-07 05:42:24'),
(138, 6, 'Pickup Car Booking re-accepted', '600', 'kww9NjO3wPqCRgCV', '47190', '2018-10-07 05:42:40', '2018-10-07 05:42:40'),
(139, 6, 'Room Booking rejected', '7500', 'vJOv0Dj7vTbTCRw2', '54890', '2018-10-08 07:47:18', '2018-10-08 07:47:18'),
(140, 6, 'Room Booking re-accepted', '7500', '3FQWTwu7UToWZxrT', '47390', '2018-10-08 07:47:21', '2018-10-08 07:47:21'),
(141, 6, 'Room Booking rejected', '3000', 'oPMIl2u3cUgliB7Z', '50390', '2018-10-09 17:14:50', '2018-10-09 17:14:50'),
(142, 6, 'Room Booking re-accepted', '3000', 'aQmTlROzbPDmhSVg', '47390', '2018-10-09 17:15:15', '2018-10-09 17:15:15'),
(143, 6, 'Room Booking rejected', '3000', 'TUkXUSgiZpAhLPMq', '50390', '2018-10-09 17:16:18', '2018-10-09 17:16:18'),
(144, 6, 'Room Booking re-accepted', '3000', 'C6pGkgqWBxm8tTvi', '47390', '2018-10-09 17:17:14', '2018-10-09 17:17:14'),
(145, 6, 'Room Booking rejected', '3000', 'CjM6lpGNcfxdQppN', '50390', '2018-10-09 17:20:32', '2018-10-09 17:20:32'),
(146, 6, 'Room Booking re-accepted', '3000', 'YmnRo7X87L2Xp04P', '47390', '2018-10-09 17:21:09', '2018-10-09 17:21:09'),
(147, 6, 'Room Booking rejected', '3000', 'pSnvH9sG9ODCurXP', '50390', '2018-10-09 17:23:05', '2018-10-09 17:23:05'),
(148, 6, 'Room Booking re-accepted', '3000', 'PW84zatGAOxMIWyH', '47390', '2018-10-09 17:26:12', '2018-10-09 17:26:12'),
(149, 6, 'Room Booking rejected', '7500', 'xtVwH3qFFRlRu6G8', '54890', '2018-10-09 17:26:52', '2018-10-09 17:26:52'),
(150, 6, 'Room Booking re-accepted', '7500', 'LTgnyxlVYpxtKry0', '47390', '2018-10-09 17:27:02', '2018-10-09 17:27:02'),
(151, 6, 'Package Booking Rejected', '9800', 'oQ0XR7VRADfegEmf', '57190', '2018-10-09 17:33:21', '2018-10-09 17:33:21'),
(152, 6, 'Package Booking re-accepted', '9800', 'IpiufPUsJouaeE3d', '47390', '2018-10-09 17:33:39', '2018-10-09 17:33:39'),
(153, 6, 'Lounge Booking rejected', '3600', 'hzPUC3P8iC8gDrOG', '50990', '2018-10-09 17:36:29', '2018-10-09 17:36:29'),
(154, 6, 'Lounge Booking re-accepted', '3600', 'Gk8KMDIRsACIi7jh', '47390', '2018-10-09 17:36:46', '2018-10-09 17:36:46'),
(155, 6, 'Lounge Booking rejected', '3000', 'DZIUydykUQ9TwvWB', '50390', '2018-10-09 17:37:52', '2018-10-09 17:37:52'),
(156, 6, 'Lounge Booking re-accepted', '3000', 'BTfYGqtOdtJZRSik', '47390', '2018-10-09 17:38:11', '2018-10-09 17:38:11'),
(157, 6, 'Pickup Car Booking rejected', '2000', '6qEoUEjiKkn1zIuA', '49390', '2018-10-09 17:42:50', '2018-10-09 17:42:50'),
(158, 6, 'Pickup Car Booking re-accepted', '2000', 'HgLwCihDBuBNr7yv', '47390', '2018-10-09 17:43:06', '2018-10-09 17:43:06'),
(159, 6, 'Rent Car Booking rejected', '6000', 'EJU3MlkhrOAxq9xT', '53390', '2018-10-09 17:47:56', '2018-10-09 17:47:56'),
(160, 6, 'Rent Car Booking re-accepted', '6000', 'junZyqPUF7KHIYGA', '47390', '2018-10-09 17:49:10', '2018-10-09 17:49:10'),
(161, 6, 'Rent Car Booking rejected', '6000', 'uTGqBCa96LgqpBDU', '53390', '2018-10-09 17:50:38', '2018-10-09 17:50:38'),
(162, 6, 'Rent Car Booking re-accepted', '6000', 'reGky04xNFlrlogR', '47390', '2018-10-09 17:53:48', '2018-10-09 17:53:48'),
(163, 6, 'Rent Car Booking rejected', '6000', '6xmUfaH7Yx7oaLrV', '53390', '2018-10-09 17:54:10', '2018-10-09 17:54:10'),
(164, 6, 'Rent Car Booking re-accepted', '6000', 'gITERbAEdmJpFlwd', '47390', '2018-10-09 17:54:17', '2018-10-09 17:54:17'),
(165, 6, 'Booked Room', '10000', 'NQsHlOulnb3bOBs9', '37390', '2018-10-09 20:52:39', '2018-10-09 20:52:39'),
(168, 11, 'Deposit Via Islami Bank', '50000', 'H9cNXDM0UnCXiceB', '50000', '2018-10-10 10:16:55', '2018-10-10 10:16:55'),
(169, 6, 'Room Booking rejected', '3000', 'pKgSqiHECWp1fXER', '40390', '2018-10-10 10:57:33', '2018-10-10 10:57:33'),
(170, 6, 'Room Booking re-accepted', '3000', 'IIrvph1D3S6fPEOW', '37390', '2018-10-10 10:57:36', '2018-10-10 10:57:36'),
(171, 6, 'Room Booking rejected', '7500', '0qEBJEtjalYwjqiJ', '44890', '2018-10-10 10:57:49', '2018-10-10 10:57:49'),
(172, 6, 'Room Booking re-accepted', '7500', 'pgM8BjkaFZCWZlNP', '37390', '2018-10-10 10:57:54', '2018-10-10 10:57:54'),
(173, 6, 'Lounge Booking rejected', '7500', 'CvDosg0W8qAtqmWI', '44890', '2018-10-10 10:59:45', '2018-10-10 10:59:45'),
(174, 6, 'Lounge Booking re-accepted', '7500', 'SJhT0hHfAe3FKw0W', '37390', '2018-10-10 10:59:51', '2018-10-10 10:59:51'),
(175, 6, 'Rent Car Booking rejected', '15000', '72JgUIGqmbKaOTjz', '52390', '2018-10-10 11:02:46', '2018-10-10 11:02:46'),
(176, 6, 'Rent Car Booking re-accepted', '15000', 'LmugrCR83ppj2zSc', '37390', '2018-10-10 11:02:50', '2018-10-10 11:02:50'),
(177, 11, 'Booked Package', '3200', '6usWXktTiF93zos4', '46800', '2018-10-10 11:58:50', '2018-10-10 11:58:50'),
(178, 11, 'Package Booking Rejected', '3200', 'WZYv1kx4oPxe7Eow', '50000', '2018-10-10 12:00:11', '2018-10-10 12:00:11'),
(179, 11, 'Package Booking re-accepted', '3200', '99VG6VJeoyZxY97M', '46800', '2018-10-10 12:00:14', '2018-10-10 12:00:14'),
(180, 11, 'Booked Room', '15000', '5h9coNInTlRq5kls', '31800', '2018-10-10 12:13:09', '2018-10-10 12:13:09'),
(181, 11, 'Booked Lounge', '3600', 'Sby73wLXkvYFQExB', '28200', '2018-10-10 12:20:17', '2018-10-10 12:20:17'),
(182, 11, 'Booked Package', '4000', 'x0vf2oDWX5dckvo8', '24200', '2018-10-10 12:22:09', '2018-10-10 12:22:09'),
(183, 11, 'Booked Room', '24000', 'u5YUXilHoWq0r8jY', '200', '2018-10-10 12:22:45', '2018-10-10 12:22:45'),
(184, 11, 'Deposit via Credit Card', '50000', 'aIpNDot6zUFdGEwr', '50200', '2018-10-10 12:24:55', '2018-10-10 12:24:55'),
(185, 11, 'Deposit via Credit Card', '50000', '8fXLabstOPmtpcfH', '100200', '2018-10-10 12:26:44', '2018-10-10 12:26:44'),
(186, 11, 'Booked Pickup Car', '800', 'PQe54eu82ZA1ObKn', '99400', '2018-10-10 12:27:46', '2018-10-10 12:27:46'),
(187, 11, 'Booked Lounge', '700', '5H0hCLc1blsiJvsx', '98700', '2018-10-10 12:29:28', '2018-10-10 12:29:28'),
(188, 6, 'Booked Package', '3200', 'CnXcCbDrV8pMks8k', '34190', '2018-11-10 21:05:49', '2018-11-10 21:05:49'),
(189, 6, 'Booked Room', '8000', 'KjE0WNDZi14ylQOa', '26190', '2018-11-11 18:03:53', '2018-11-11 18:03:53'),
(190, 6, 'Booked Room', '10000', 'NqUHhn0WvE68oqXA', '16190', '2018-11-11 18:04:45', '2018-11-11 18:04:45'),
(191, 6, 'Booked Package', '6000', 'tHwhjkXLtK1BhlDl', '494000', '2018-11-12 12:02:24', '2018-11-12 12:02:24'),
(192, 6, 'Booked Room', '0', 'Cn18piha0u7mFZwB', '494000', '2018-11-12 17:17:52', '2018-11-12 17:17:52'),
(193, 6, 'Booked Room', '0', 'xJ15dp2GDl95fXdU', '494000', '2018-11-12 17:18:41', '2018-11-12 17:18:41'),
(194, 6, 'Booked Room', '0', 'upaW6ORqbKJ4PlSd', '494000', '2018-11-12 17:27:21', '2018-11-12 17:27:21'),
(195, 6, 'Room Booking rejected', '17500', '7AvFkGLzrddeljNd', '511500', '2018-11-12 17:27:58', '2018-11-12 17:27:58'),
(196, 6, 'Booked Room', '0', 'GMy4vUbyuWb4h2XL', '511500', '2018-11-12 17:30:57', '2018-11-12 17:30:57'),
(197, 6, 'Package Booking Rejected', '3200', '98QuZfxOA5iMex2u', '514700', '2018-11-12 17:55:02', '2018-11-12 17:55:02'),
(198, 6, 'Package Booking re-accepted', '3200', 'hhXi0DIAVRPThEml', '511500', '2018-11-12 17:55:52', '2018-11-12 17:55:52'),
(199, 6, 'Room Booking re-accepted', '17500', 'ne7bz9syOF9lv8Zj', '494000', '2018-11-12 18:05:00', '2018-11-12 18:05:00'),
(200, 6, 'Room Booking rejected', '10000', 'b52X1gtlfzCgNiYA', '504000', '2018-11-12 18:09:22', '2018-11-12 18:09:22'),
(201, 6, 'Pickup Car Booking rejected', '600', 'ojYJ8K3tK7P3u4mk', '504600', '2018-11-12 18:13:08', '2018-11-12 18:13:08'),
(202, 6, 'Rent Car Booking rejected', '15000', 'p1vgO5zAVgC9NkJ9', '519600', '2018-11-12 18:18:10', '2018-11-12 18:18:10'),
(203, 6, 'Rent Car Booking re-accepted', '15000', 'yPWhHkm9h4DhpyHe', '504600', '2018-11-12 18:18:20', '2018-11-12 18:18:20'),
(204, 6, 'Rent Car Booking rejected', '15000', 'I2RQsyNSJQUZPqYL', '519600', '2018-11-12 18:18:30', '2018-11-12 18:18:30'),
(205, 6, 'Lounge Booking rejected', '3000', 'k0iCRSbxj3dVRA5Q', '522600', '2018-11-12 18:22:03', '2018-11-12 18:22:03'),
(206, 6, 'Booked Rent Car', '4500', 'fObrcPjtBT4MDDuJ', '518100', '2018-11-12 18:35:42', '2018-11-12 18:35:42'),
(207, 6, 'Deposit Via JPMorgan Chase', '3000', 'o1weTVZOBANikX6n', '521100', '2018-12-02 14:01:43', '2018-12-02 14:01:43');

-- --------------------------------------------------------

--
-- Table structure for table `users`
--

CREATE TABLE `users` (
  `id` int(11) NOT NULL,
  `name` varchar(255) DEFAULT NULL,
  `username` varchar(255) DEFAULT NULL,
  `email` varchar(255) DEFAULT NULL,
  `phone` varchar(100) DEFAULT NULL,
  `pro_pic` varchar(255) DEFAULT NULL,
  `address` text DEFAULT NULL,
  `country` varchar(100) DEFAULT NULL,
  `zip` varchar(100) DEFAULT NULL,
  `balance` varchar(255) NOT NULL DEFAULT '0',
  `remember_token` varchar(255) DEFAULT NULL,
  `status` varchar(30) NOT NULL DEFAULT 'active',
  `email_verified` int(3) DEFAULT NULL,
  `sms_verified` int(3) DEFAULT NULL,
  `email_ver_code` int(11) DEFAULT NULL,
  `sms_ver_code` int(11) DEFAULT NULL,
  `email_sent` int(3) NOT NULL DEFAULT 0,
  `sms_sent` int(3) NOT NULL DEFAULT 0,
  `vsent` int(11) NOT NULL DEFAULT 0,
  `password` varchar(255) DEFAULT NULL,
  `created_at` timestamp NULL DEFAULT NULL,
  `updated_at` timestamp NULL DEFAULT NULL
) ENGINE=InnoDB DEFAULT CHARSET=latin1;

--
-- Dumping data for table `users`
--

INSERT INTO `users` (`id`, `name`, `username`, `email`, `phone`, `pro_pic`, `address`, `country`, `zip`, `balance`, `remember_token`, `status`, `email_verified`, `sms_verified`, `email_ver_code`, `sms_ver_code`, `email_sent`, `sms_sent`, `vsent`, `password`, `created_at`, `updated_at`) VALUES
(3, 'Fazley Rabbey Affan', 'Affan', 'affan@gmail.com', '+8801254477544', NULL, NULL, NULL, NULL, '47800', 'RSpGylZH50XBkSVOFvzIyZgw9HH9JMF8ZI6lJu30JponCrOEjOWKmHsiT3Ee', 'active', 1, 1, 5746, NULL, 0, 0, 1534227119, '$2y$10$bgJqo47VLz74wWL6CKiU.Oxpeb9WRjqYaWPvSXA46Teuea9dbRe7e', '2018-08-08 03:41:14', '2018-10-04 03:25:10'),
(4, 'Shihab Mahmood', 'Shihab', 'shihab@gmail.com', '+01234567890123', NULL, NULL, NULL, NULL, '0', 'CTbB19KUBVtinGtoo0lc8vNv2bmHSTcEiL5UTNGsSITm6kvI2PC9QUN5PC5c', 'active', 1, 1, 6901, NULL, 0, 0, 1533817470, '$2y$10$0pRVXnsW7.YcGc/gzX.z8u6vsa6DbhM6WnZOvgwV5.2/0ir2vjkSa', '2018-08-09 06:24:30', '2018-10-04 03:24:53'),
(5, 'Ratul Hasan', 'Ratul', 'ratul@gmail.com', '+88038264950632', NULL, NULL, NULL, NULL, '1500', 'uWhxScHGcVPhPskDTZjG7v9hp8xBHXA766Mh1xm2SQMS0XIp4vJeZkXRKMMm', 'active', 1, 1, 7393, NULL, 0, 0, 1534231270, '$2y$10$VXA6.zC56ZBcdsIDt2syVeQ/3SuLG4Di0dJgbF1McpAxOlg3PygE.', '2018-08-14 01:21:10', '2018-09-26 01:47:22'),
(6, 'Samiul Alim Pratik', 'Pratik', 'pratik.anwar@gmail.com', '+8801689583182', '1538895788.jpg', 'Uttara, Dhaka', 'Bangladesh', '1230', '521100', '4SJmWemI9uefUcKuCuXSXThY0hrLLxN9JD7pYMnjechp3Ga7M2O70HJ4VGfj', 'active', 1, 1, 7836, 2018, 0, 0, 1539008656, '$2y$10$pF4taP1uRQqpoA2DPi9AFuxsaE.gAJAiZEn6Xy0g5IprUTfHQzWfO', '2018-09-06 05:04:35', '2018-12-02 14:01:43'),
(7, 'Zahid Ikram Nishad', 'Nishad', 'niashad@gmail.com', '+88038264950632', NULL, NULL, NULL, NULL, '8000', 'fwVxxIAMgHcyWiQE7NwQzw1dRGkTUszBJFcerOQcy5DvBd3NOXCCxoqWvqiv', 'active', 1, 1, 1897, NULL, 0, 0, 1536736091, '$2y$10$cl4/soxp6W4VSOhemLxP8.8u1NYfA1GVX3tDr6WUDIkTlAjuzoHiC', '2018-09-12 01:08:11', '2018-09-13 07:01:33'),
(8, 'Mahir Faisal', 'Mahir', 'mahir@gmail.com', '+88038264950632', NULL, NULL, NULL, NULL, '6600', 'UqUaCFTc5mybp5yRXPaQPyosW9vaDNAwg5xmvsJuc7tms1ueXC9liRpuU9ba', 'active', 1, 1, 2539, NULL, 0, 0, 1537181900, '$2y$10$uG2QPc1MWt295.n9JJLqruC3NGFuNRT06I45SJ/R.3c8Uny46eVbO', '2018-09-17 04:58:20', '2018-10-07 03:13:19'),
(9, 'MIlu Vai', 'Milu', 'milu@gmail.com', '+88023567386', NULL, NULL, NULL, NULL, '17400', 'OVOmT4nqeOLNYKz2G5ToEEFuhs20qGvHTkvjN4MzN4n3gU5mXxUnqrIP2vLk', 'active', 1, 1, 8206, NULL, 0, 0, 1537948421, '$2y$10$VZEF2sd6gYhiGonpGGNEA.VPn4WPEde4BYgLfNWsx0rIimOwnJCKe', '2018-09-26 01:53:41', '2018-10-04 06:38:01'),
(10, 'Pial', 'Pial', 'pial@gmail.com', '+98374896', NULL, NULL, NULL, NULL, '0', NULL, 'active', 0, 1, 1516, NULL, 1, 0, 1537960403, '$2y$10$Oq7lNbTiWxlp8D7ne//iE.jRXUN0VURldfp1DlU8U9k6Tx.y1zMeO', '2018-09-26 05:13:23', '2018-09-26 05:13:23'),
(11, 'Ronnie', 'Ronnie', 'ronniearea@gmail.com', '+88038264950632', NULL, NULL, NULL, NULL, '98700', 'TohDe0OAlCBfBlIwmT5ankb3bZuJI5rkKnaFj6Lndwq0YItpqPxSYA6FPhNM', 'active', 1, 1, 8301, NULL, 0, 0, 1539149991, '$2y$10$n7pNAD3WOy9gqM9jcoAC4.goeXJvKdcBZNwe/sjVA66iqZeTGoeeK', '2018-10-10 09:39:51', '2018-10-10 12:29:28');

--
-- Indexes for dumped tables
--

--
-- Indexes for table `admins`
--
ALTER TABLE `admins`
  ADD PRIMARY KEY (`id`),
  ADD UNIQUE KEY `admins_email_unique` (`email`),
  ADD UNIQUE KEY `admins_username_unique` (`username`);

--
-- Indexes for table `ads`
--
ALTER TABLE `ads`
  ADD PRIMARY KEY (`id`);

--
-- Indexes for table `amenities`
--
ALTER TABLE `amenities`
  ADD PRIMARY KEY (`id`);

--
-- Indexes for table `amenity_hotel`
--
ALTER TABLE `amenity_hotel`
  ADD PRIMARY KEY (`id`);

--
-- Indexes for table `amenity_lounge`
--
ALTER TABLE `amenity_lounge`
  ADD PRIMARY KEY (`id`);

--
-- Indexes for table `amenity_room`
--
ALTER TABLE `amenity_room`
  ADD PRIMARY KEY (`id`);

--
-- Indexes for table `buy_packages`
--
ALTER TABLE `buy_packages`
  ADD PRIMARY KEY (`id`);

--
-- Indexes for table `chooses`
--
ALTER TABLE `chooses`
  ADD PRIMARY KEY (`id`);

--
-- Indexes for table `deposits`
--
ALTER TABLE `deposits`
  ADD PRIMARY KEY (`id`);

--
-- Indexes for table `deposit_requests`
--
ALTER TABLE `deposit_requests`
  ADD PRIMARY KEY (`id`);

--
-- Indexes for table `dropoff_locations`
--
ALTER TABLE `dropoff_locations`
  ADD PRIMARY KEY (`id`);

--
-- Indexes for table `gateways`
--
ALTER TABLE `gateways`
  ADD PRIMARY KEY (`id`);

--
-- Indexes for table `general_settings`
--
ALTER TABLE `general_settings`
  ADD PRIMARY KEY (`id`);

--
-- Indexes for table `hotels`
--
ALTER TABLE `hotels`
  ADD PRIMARY KEY (`id`);

--
-- Indexes for table `hotel_imgs`
--
ALTER TABLE `hotel_imgs`
  ADD PRIMARY KEY (`id`);

--
-- Indexes for table `hotel_reviews`
--
ALTER TABLE `hotel_reviews`
  ADD PRIMARY KEY (`id`);

--
-- Indexes for table `lounges`
--
ALTER TABLE `lounges`
  ADD PRIMARY KEY (`id`);

--
-- Indexes for table `lounge_bookings`
--
ALTER TABLE `lounge_bookings`
  ADD PRIMARY KEY (`id`);

--
-- Indexes for table `lounge_closing_days`
--
ALTER TABLE `lounge_closing_days`
  ADD PRIMARY KEY (`id`);

--
-- Indexes for table `lounge_imgs`
--
ALTER TABLE `lounge_imgs`
  ADD PRIMARY KEY (`id`);

--
-- Indexes for table `lounge_reviews`
--
ALTER TABLE `lounge_reviews`
  ADD PRIMARY KEY (`id`);

--
-- Indexes for table `menus`
--
ALTER TABLE `menus`
  ADD PRIMARY KEY (`id`);

--
-- Indexes for table `packages`
--
ALTER TABLE `packages`
  ADD PRIMARY KEY (`id`);

--
-- Indexes for table `package_imgs`
--
ALTER TABLE `package_imgs`
  ADD PRIMARY KEY (`id`);

--
-- Indexes for table `password_resets`
--
ALTER TABLE `password_resets`
  ADD PRIMARY KEY (`id`);

--
-- Indexes for table `pickup_bookings`
--
ALTER TABLE `pickup_bookings`
  ADD PRIMARY KEY (`id`);

--
-- Indexes for table `pickup_cars`
--
ALTER TABLE `pickup_cars`
  ADD PRIMARY KEY (`id`);

--
-- Indexes for table `pickup_car_imgs`
--
ALTER TABLE `pickup_car_imgs`
  ADD PRIMARY KEY (`id`);

--
-- Indexes for table `pickup_car_reviews`
--
ALTER TABLE `pickup_car_reviews`
  ADD PRIMARY KEY (`id`);

--
-- Indexes for table `products`
--
ALTER TABLE `products`
  ADD PRIMARY KEY (`id`);

--
-- Indexes for table `product_imgs`
--
ALTER TABLE `product_imgs`
  ADD PRIMARY KEY (`id`);

--
-- Indexes for table `rentcar_bookings`
--
ALTER TABLE `rentcar_bookings`
  ADD PRIMARY KEY (`id`);

--
-- Indexes for table `rent_cars`
--
ALTER TABLE `rent_cars`
  ADD PRIMARY KEY (`id`);

--
-- Indexes for table `rent_car_imgs`
--
ALTER TABLE `rent_car_imgs`
  ADD PRIMARY KEY (`id`);

--
-- Indexes for table `rent_car_reviews`
--
ALTER TABLE `rent_car_reviews`
  ADD PRIMARY KEY (`id`);

--
-- Indexes for table `rooms`
--
ALTER TABLE `rooms`
  ADD PRIMARY KEY (`id`);

--
-- Indexes for table `room_bookings`
--
ALTER TABLE `room_bookings`
  ADD PRIMARY KEY (`id`);

--
-- Indexes for table `room_imgs`
--
ALTER TABLE `room_imgs`
  ADD PRIMARY KEY (`id`);

--
-- Indexes for table `room_reviews`
--
ALTER TABLE `room_reviews`
  ADD PRIMARY KEY (`id`);

--
-- Indexes for table `sliders`
--
ALTER TABLE `sliders`
  ADD PRIMARY KEY (`id`);

--
-- Indexes for table `socials`
--
ALTER TABLE `socials`
  ADD PRIMARY KEY (`id`);

--
-- Indexes for table `subscribers`
--
ALTER TABLE `subscribers`
  ADD PRIMARY KEY (`id`);

--
-- Indexes for table `transactions`
--
ALTER TABLE `transactions`
  ADD PRIMARY KEY (`id`);

--
-- Indexes for table `users`
--
ALTER TABLE `users`
  ADD PRIMARY KEY (`id`);

--
-- AUTO_INCREMENT for dumped tables
--

--
-- AUTO_INCREMENT for table `admins`
--
ALTER TABLE `admins`
  MODIFY `id` int(10) UNSIGNED NOT NULL AUTO_INCREMENT, AUTO_INCREMENT=3;

--
-- AUTO_INCREMENT for table `ads`
--
ALTER TABLE `ads`
  MODIFY `id` int(10) UNSIGNED NOT NULL AUTO_INCREMENT, AUTO_INCREMENT=50;

--
-- AUTO_INCREMENT for table `amenities`
--
ALTER TABLE `amenities`
  MODIFY `id` int(11) NOT NULL AUTO_INCREMENT, AUTO_INCREMENT=11;

--
-- AUTO_INCREMENT for table `amenity_hotel`
--
ALTER TABLE `amenity_hotel`
  MODIFY `id` int(11) NOT NULL AUTO_INCREMENT, AUTO_INCREMENT=125;

--
-- AUTO_INCREMENT for table `amenity_lounge`
--
ALTER TABLE `amenity_lounge`
  MODIFY `id` int(11) NOT NULL AUTO_INCREMENT, AUTO_INCREMENT=104;

--
-- AUTO_INCREMENT for table `amenity_room`
--
ALTER TABLE `amenity_room`
  MODIFY `id` int(11) NOT NULL AUTO_INCREMENT, AUTO_INCREMENT=136;

--
-- AUTO_INCREMENT for table `buy_packages`
--
ALTER TABLE `buy_packages`
  MODIFY `id` int(11) NOT NULL AUTO_INCREMENT, AUTO_INCREMENT=16;

--
-- AUTO_INCREMENT for table `chooses`
--
ALTER TABLE `chooses`
  MODIFY `id` int(11) NOT NULL AUTO_INCREMENT, AUTO_INCREMENT=18;

--
-- AUTO_INCREMENT for table `deposits`
--
ALTER TABLE `deposits`
  MODIFY `id` int(10) UNSIGNED NOT NULL AUTO_INCREMENT, AUTO_INCREMENT=224;

--
-- AUTO_INCREMENT for table `deposit_requests`
--
ALTER TABLE `deposit_requests`
  MODIFY `id` int(11) NOT NULL AUTO_INCREMENT, AUTO_INCREMENT=14;

--
-- AUTO_INCREMENT for table `dropoff_locations`
--
ALTER TABLE `dropoff_locations`
  MODIFY `id` int(11) NOT NULL AUTO_INCREMENT, AUTO_INCREMENT=8;

--
-- AUTO_INCREMENT for table `gateways`
--
ALTER TABLE `gateways`
  MODIFY `id` int(10) UNSIGNED NOT NULL AUTO_INCREMENT, AUTO_INCREMENT=904;

--
-- AUTO_INCREMENT for table `general_settings`
--
ALTER TABLE `general_settings`
  MODIFY `id` int(11) NOT NULL AUTO_INCREMENT, AUTO_INCREMENT=2;

--
-- AUTO_INCREMENT for table `hotels`
--
ALTER TABLE `hotels`
  MODIFY `id` int(11) NOT NULL AUTO_INCREMENT, AUTO_INCREMENT=16;

--
-- AUTO_INCREMENT for table `hotel_imgs`
--
ALTER TABLE `hotel_imgs`
  MODIFY `id` int(11) NOT NULL AUTO_INCREMENT, AUTO_INCREMENT=57;

--
-- AUTO_INCREMENT for table `hotel_reviews`
--
ALTER TABLE `hotel_reviews`
  MODIFY `id` int(11) NOT NULL AUTO_INCREMENT, AUTO_INCREMENT=15;

--
-- AUTO_INCREMENT for table `lounges`
--
ALTER TABLE `lounges`
  MODIFY `id` int(11) NOT NULL AUTO_INCREMENT, AUTO_INCREMENT=11;

--
-- AUTO_INCREMENT for table `lounge_bookings`
--
ALTER TABLE `lounge_bookings`
  MODIFY `id` int(11) NOT NULL AUTO_INCREMENT, AUTO_INCREMENT=11;

--
-- AUTO_INCREMENT for table `lounge_closing_days`
--
ALTER TABLE `lounge_closing_days`
  MODIFY `id` int(11) NOT NULL AUTO_INCREMENT, AUTO_INCREMENT=27;

--
-- AUTO_INCREMENT for table `lounge_imgs`
--
ALTER TABLE `lounge_imgs`
  MODIFY `id` int(11) NOT NULL AUTO_INCREMENT, AUTO_INCREMENT=43;

--
-- AUTO_INCREMENT for table `lounge_reviews`
--
ALTER TABLE `lounge_reviews`
  MODIFY `id` int(11) NOT NULL AUTO_INCREMENT, AUTO_INCREMENT=6;

--
-- AUTO_INCREMENT for table `menus`
--
ALTER TABLE `menus`
  MODIFY `id` int(11) NOT NULL AUTO_INCREMENT, AUTO_INCREMENT=9;

--
-- AUTO_INCREMENT for table `packages`
--
ALTER TABLE `packages`
  MODIFY `id` int(11) NOT NULL AUTO_INCREMENT, AUTO_INCREMENT=10;

--
-- AUTO_INCREMENT for table `package_imgs`
--
ALTER TABLE `package_imgs`
  MODIFY `id` int(11) NOT NULL AUTO_INCREMENT, AUTO_INCREMENT=63;

--
-- AUTO_INCREMENT for table `password_resets`
--
ALTER TABLE `password_resets`
  MODIFY `id` int(11) NOT NULL AUTO_INCREMENT, AUTO_INCREMENT=11;

--
-- AUTO_INCREMENT for table `pickup_bookings`
--
ALTER TABLE `pickup_bookings`
  MODIFY `id` int(11) NOT NULL AUTO_INCREMENT, AUTO_INCREMENT=9;

--
-- AUTO_INCREMENT for table `pickup_cars`
--
ALTER TABLE `pickup_cars`
  MODIFY `id` int(11) NOT NULL AUTO_INCREMENT, AUTO_INCREMENT=11;

--
-- AUTO_INCREMENT for table `pickup_car_imgs`
--
ALTER TABLE `pickup_car_imgs`
  MODIFY `id` int(11) NOT NULL AUTO_INCREMENT, AUTO_INCREMENT=51;

--
-- AUTO_INCREMENT for table `pickup_car_reviews`
--
ALTER TABLE `pickup_car_reviews`
  MODIFY `id` int(11) NOT NULL AUTO_INCREMENT, AUTO_INCREMENT=6;

--
-- AUTO_INCREMENT for table `products`
--
ALTER TABLE `products`
  MODIFY `id` int(11) NOT NULL AUTO_INCREMENT, AUTO_INCREMENT=38;

--
-- AUTO_INCREMENT for table `product_imgs`
--
ALTER TABLE `product_imgs`
  MODIFY `id` int(11) NOT NULL AUTO_INCREMENT, AUTO_INCREMENT=34;

--
-- AUTO_INCREMENT for table `rentcar_bookings`
--
ALTER TABLE `rentcar_bookings`
  MODIFY `id` int(11) NOT NULL AUTO_INCREMENT, AUTO_INCREMENT=6;

--
-- AUTO_INCREMENT for table `rent_cars`
--
ALTER TABLE `rent_cars`
  MODIFY `id` int(11) NOT NULL AUTO_INCREMENT, AUTO_INCREMENT=10;

--
-- AUTO_INCREMENT for table `rent_car_imgs`
--
ALTER TABLE `rent_car_imgs`
  MODIFY `id` int(11) NOT NULL AUTO_INCREMENT, AUTO_INCREMENT=49;

--
-- AUTO_INCREMENT for table `rent_car_reviews`
--
ALTER TABLE `rent_car_reviews`
  MODIFY `id` int(11) NOT NULL AUTO_INCREMENT, AUTO_INCREMENT=6;

--
-- AUTO_INCREMENT for table `rooms`
--
ALTER TABLE `rooms`
  MODIFY `id` int(11) NOT NULL AUTO_INCREMENT, AUTO_INCREMENT=11;

--
-- AUTO_INCREMENT for table `room_bookings`
--
ALTER TABLE `room_bookings`
  MODIFY `id` int(11) NOT NULL AUTO_INCREMENT, AUTO_INCREMENT=20;

--
-- AUTO_INCREMENT for table `room_imgs`
--
ALTER TABLE `room_imgs`
  MODIFY `id` int(11) NOT NULL AUTO_INCREMENT, AUTO_INCREMENT=57;

--
-- AUTO_INCREMENT for table `room_reviews`
--
ALTER TABLE `room_reviews`
  MODIFY `id` int(11) NOT NULL AUTO_INCREMENT, AUTO_INCREMENT=9;

--
-- AUTO_INCREMENT for table `sliders`
--
ALTER TABLE `sliders`
  MODIFY `id` int(10) UNSIGNED NOT NULL AUTO_INCREMENT, AUTO_INCREMENT=26;

--
-- AUTO_INCREMENT for table `socials`
--
ALTER TABLE `socials`
  MODIFY `id` int(11) NOT NULL AUTO_INCREMENT, AUTO_INCREMENT=10;

--
-- AUTO_INCREMENT for table `subscribers`
--
ALTER TABLE `subscribers`
  MODIFY `id` int(11) NOT NULL AUTO_INCREMENT, AUTO_INCREMENT=7;

--
-- AUTO_INCREMENT for table `transactions`
--
ALTER TABLE `transactions`
  MODIFY `id` int(11) NOT NULL AUTO_INCREMENT, AUTO_INCREMENT=208;

--
-- AUTO_INCREMENT for table `users`
--
ALTER TABLE `users`
  MODIFY `id` int(11) NOT NULL AUTO_INCREMENT, AUTO_INCREMENT=12;
COMMIT;

/*!40101 SET CHARACTER_SET_CLIENT=@OLD_CHARACTER_SET_CLIENT */;
/*!40101 SET CHARACTER_SET_RESULTS=@OLD_CHARACTER_SET_RESULTS */;
/*!40101 SET COLLATION_CONNECTION=@OLD_COLLATION_CONNECTION */;
